seq_id,Kingdom,Phylum,Class,Order,Family,Genus,Species
ASVc3df498965f7,Bacteria,Bacillota,Limnochordia,MBA03,NA,NA,NA
ASVe0ecf4045033,Bacteria,Pseudomonadota,Alphaproteobacteria,Sphingomonadales,Sphingomonadaceae,Sphingomonas,NA
ASV5f2cb69b4d62,Bacteria,Gemmatimonadota,Gemmatimonadia,Gemmatimonadales,Gemmatimonadaceae,NA,NA
ASVcb2b6d957ee3,Bacteria,Pseudomonadota,Alphaproteobacteria,Sphingomonadales,Sphingomonadaceae,Sphingomonas,NA
ASV8d45d97f57c1,Bacteria,Gemmatimonadota,Gemmatimonadia,Gemmatimonadales,Gemmatimonadaceae,NA,NA
ASV5832207a1db2,Bacteria,Pseudomonadota,Alphaproteobacteria,Sphingomonadales,Sphingomonadaceae,Sphingomonas,NA
ASVd3a63f10c2f6,Bacteria,Pseudomonadota,Alphaproteobacteria,Sphingomonadales,Sphingomonadaceae,Sphingomonas,NA
ASV5783566bffeb,Bacteria,Pseudomonadota,Alphaproteobacteria,Sphingomonadales,Sphingomonadaceae,Sphingomonas,NA
ASV0992e04821a6,Bacteria,Pseudomonadota,Alphaproteobacteria,Sphingomonadales,Sphingomonadaceae,Sphingomonas,NA
ASV80a264755ead,Bacteria,Gemmatimonadota,Gemmatimonadia,Gemmatimonadales,Gemmatimonadaceae,NA,NA
ASV2a38d63e4b44,Bacteria,Pseudomonadota,Alphaproteobacteria,Sphingomonadales,Sphingomonadaceae,Sphingomonas,NA
ASV6860781c6425,Bacteria,Pseudomonadota,Alphaproteobacteria,Sphingomonadales,Sphingomonadaceae,Sphingomonas,NA
ASV6cbbcc7d3ffb,Bacteria,Pseudomonadota,Alphaproteobacteria,Sphingomonadales,Sphingomonadaceae,Sphingomonas,NA
ASVe8ee146ad2f7,Bacteria,Pseudomonadota,Alphaproteobacteria,Sphingomonadales,Sphingomonadaceae,Sphingomonas,NA
ASV4c681053d4ca,Bacteria,Bacillota,Limnochordia,MBA03,NA,NA,NA
ASVf040810d1ab1,Bacteria,Pseudomonadota,Gammaproteobacteria,Burkholderiales,SC-I-84,NA,NA
ASV3ac62e94139a,Bacteria,Pseudomonadota,Alphaproteobacteria,Sphingomonadales,Sphingomonadaceae,Sphingomonas,NA
ASV8959eb50740b,Bacteria,Pseudomonadota,Gammaproteobacteria,Lysobacterales,Rhodanobacteraceae,Rhodanobacter,spathiphylli
ASV9ec555c951f0,Bacteria,Pseudomonadota,Alphaproteobacteria,Sphingomonadales,Sphingomonadaceae,Sphingomonas,NA
ASVb03150ca3ed0,Bacteria,Chloroflexota,Ktedonobacteria,Ktedonobacterales,JG30-KF-AS9,NA,NA
ASVa4d6e43a78d0,Bacteria,Pseudomonadota,Gammaproteobacteria,Lysobacterales,Rhodanobacteraceae,Rhodanobacter,NA
ASV3b5c3206737e,Bacteria,Gemmatimonadota,Gemmatimonadia,Gemmatimonadales,Gemmatimonadaceae,NA,NA
ASVc55b2d19af27,Bacteria,Pseudomonadota,Alphaproteobacteria,Sphingomonadales,Sphingomonadaceae,Sphingomonas,NA
ASVfb6534e8d2a0,Bacteria,Gemmatimonadota,Gemmatimonadia,Gemmatimonadales,Gemmatimonadaceae,NA,NA
ASV3fb2a0fcae7d,Bacteria,Gemmatimonadota,Gemmatimonadia,Gemmatimonadales,Gemmatimonadaceae,NA,NA
ASVe2028d00796a,Bacteria,Pseudomonadota,Alphaproteobacteria,Sphingomonadales,Sphingomonadaceae,Sphingomonas,NA
ASV86c713b402b1,Bacteria,Gemmatimonadota,Gemmatimonadia,Gemmatimonadales,Gemmatimonadaceae,NA,NA
ASV55eab9f50997,Bacteria,Pseudomonadota,Alphaproteobacteria,Sphingomonadales,Sphingomonadaceae,Sphingomonas,NA
ASVa75e4fe1b306,Bacteria,Gemmatimonadota,Gemmatimonadia,Gemmatimonadales,Gemmatimonadaceae,NA,NA
ASV799fb20f2949,Bacteria,Pseudomonadota,Alphaproteobacteria,Sphingomonadales,Sphingomonadaceae,Sphingomonas,NA
ASV6e51124543c4,Bacteria,Gemmatimonadota,Gemmatimonadia,Gemmatimonadales,Gemmatimonadaceae,NA,NA
ASV068039498493,Bacteria,Pseudomonadota,Alphaproteobacteria,Sphingomonadales,Sphingomonadaceae,Sphingomonas,NA
ASVf9c6ec89fca9,Bacteria,Bacillota,Bacilli,Bacillales,Bacillaceae,NA,NA
ASVea4295e55c7e,Bacteria,Actinomycetota,Actinobacteria,Frankiales,NA,NA,NA
ASV364507f2c1af,Bacteria,Gemmatimonadota,Gemmatimonadia,Gemmatimonadales,Gemmatimonadaceae,NA,NA
ASV244cb3313a3b,Bacteria,Pseudomonadota,Alphaproteobacteria,Sphingomonadales,Sphingomonadaceae,Sphingomonas,NA
ASVf0cbf41053b5,Bacteria,Pseudomonadota,Alphaproteobacteria,Sphingomonadales,Sphingomonadaceae,Sphingomonas,NA
ASVf203f633dc0a,Bacteria,Pseudomonadota,Alphaproteobacteria,Sphingomonadales,Sphingomonadaceae,Sphingomonas,NA
ASV45e555c0b2fa,Bacteria,Pseudomonadota,Alphaproteobacteria,Sphingomonadales,Sphingomonadaceae,Sphingomonas,NA
ASV8f08976ca18c,Bacteria,Pseudomonadota,Alphaproteobacteria,Sphingomonadales,Sphingomonadaceae,Sphingomonas,NA
ASV1afd6f4de93e,Bacteria,Pseudomonadota,Gammaproteobacteria,Burkholderiales,SC-I-84,NA,NA
ASV120cc652fa3a,Bacteria,Pseudomonadota,Alphaproteobacteria,Sphingomonadales,Sphingomonadaceae,Sphingomonas,NA
ASV123596181742,Bacteria,Gemmatimonadota,Gemmatimonadia,Gemmatimonadales,Gemmatimonadaceae,NA,NA
ASV25d690938b0d,Bacteria,Pseudomonadota,Alphaproteobacteria,Sphingomonadales,Sphingomonadaceae,Sphingomonas,NA
ASVb4604014a1ec,Bacteria,Gemmatimonadota,Gemmatimonadia,Gemmatimonadales,Gemmatimonadaceae,NA,NA
ASVf42de3b07884,Bacteria,Chloroflexota,Ktedonobacteria,Ktedonobacterales,JG30-KF-AS9,NA,NA
ASV81b967c6f536,Bacteria,Bacillota,Bacilli,Bacillales,NA,NA,NA
ASVd9f89e58808a,Bacteria,Pseudomonadota,Alphaproteobacteria,Sphingomonadales,Sphingomonadaceae,Sphingomonas,NA
ASV3e7d2a4331d6,Bacteria,Gemmatimonadota,Gemmatimonadia,Gemmatimonadales,Gemmatimonadaceae,NA,NA
ASV86ce01c03c9c,Bacteria,Gemmatimonadota,Gemmatimonadia,Gemmatimonadales,Gemmatimonadaceae,NA,NA
ASVfe2be7ba579b,Bacteria,Pseudomonadota,Alphaproteobacteria,Sphingomonadales,Sphingomonadaceae,Sphingomonas,NA
ASV4ae9e0648788,Bacteria,Pseudomonadota,Alphaproteobacteria,Sphingomonadales,Sphingomonadaceae,Sphingomonas,NA
ASV12c4dc172d49,Bacteria,Pseudomonadota,Alphaproteobacteria,Sphingomonadales,Sphingomonadaceae,Sphingomonas,NA
ASVb78bc780f5b9,Bacteria,Pseudomonadota,Gammaproteobacteria,Lysobacterales,Rhodanobacteraceae,Rhodanobacter,spathiphylli
ASVcf135dfce25c,Bacteria,Gemmatimonadota,Gemmatimonadia,Gemmatimonadales,Gemmatimonadaceae,NA,NA
ASVaf031bbadee8,Bacteria,Pseudomonadota,Alphaproteobacteria,Sphingomonadales,Sphingomonadaceae,Sphingomonas,NA
ASV427e0aaa269b,Bacteria,Pseudomonadota,Alphaproteobacteria,Hyphomicrobiales,Xanthobacteraceae,Pseudolabrys,NA
ASVac94e68de318,Bacteria,Pseudomonadota,Alphaproteobacteria,Sphingomonadales,Sphingomonadaceae,Sphingomonas,NA
ASVc8782b66df8d,Bacteria,Pseudomonadota,Alphaproteobacteria,Sphingomonadales,Sphingomonadaceae,Sphingomonas,NA
ASVdd0535ae5ec1,Bacteria,Pseudomonadota,Alphaproteobacteria,Sphingomonadales,Sphingomonadaceae,Sphingomonas,NA
ASV17c019d8122f,Bacteria,Gemmatimonadota,Gemmatimonadia,Gemmatimonadales,Gemmatimonadaceae,NA,NA
ASVc9244d27c8ac,Bacteria,Actinomycetota,Actinobacteria,Micrococcales,Micrococcaceae,NA,NA
ASVcbd338bc6bd0,Bacteria,Pseudomonadota,Alphaproteobacteria,Sphingomonadales,Sphingomonadaceae,Sphingomonas,NA
ASV2e3cc66f6e9c,Bacteria,Pseudomonadota,Alphaproteobacteria,Sphingomonadales,Sphingomonadaceae,Sphingomonas,NA
ASVda29f7f8ae1a,Bacteria,Pseudomonadota,Alphaproteobacteria,Sphingomonadales,Sphingomonadaceae,Sphingomonas,NA
ASV792f0863c5a7,Bacteria,Bacillota,Limnochordia,MBA03,NA,NA,NA
ASV998239478bc6,Bacteria,Pseudomonadota,Gammaproteobacteria,Burkholderiales,Nitrosomonadaceae,Ellin6067,NA
ASV90aa3c55bb94,Bacteria,Pseudomonadota,Alphaproteobacteria,Sphingomonadales,Sphingomonadaceae,Sphingomonas,NA
ASV1df15acb678e,Bacteria,Pseudomonadota,Alphaproteobacteria,Sphingomonadales,Sphingomonadaceae,Sphingomonas,NA
ASVef7a48b4b935,Bacteria,Pseudomonadota,Gammaproteobacteria,Lysobacterales,Rhodanobacteraceae,Chujaibacter,NA
ASV4cbfa305d78d,Bacteria,Gemmatimonadota,Gemmatimonadia,Gemmatimonadales,Gemmatimonadaceae,NA,NA
ASV51d6a73d9fa9,Bacteria,Acidobacteriota,Holophagae,Subgroup 7,NA,NA,NA
ASVa9efeff38f3e,Bacteria,Pseudomonadota,Alphaproteobacteria,Sphingomonadales,Sphingomonadaceae,Sphingomonas,NA
ASVd5f3acff5c7c,Bacteria,Gemmatimonadota,Gemmatimonadia,Gemmatimonadales,Gemmatimonadaceae,NA,NA
ASV52b7826be429,Bacteria,Pseudomonadota,Gammaproteobacteria,Burkholderiales,SC-I-84,NA,NA
ASV5ee7c477f718,Bacteria,Pseudomonadota,Alphaproteobacteria,Sphingomonadales,Sphingomonadaceae,Sphingomonas,NA
ASV66e09cf09dad,Bacteria,Gemmatimonadota,Gemmatimonadia,Gemmatimonadales,Gemmatimonadaceae,Gemmatimonas,NA
ASVc59df95b7fb2,Bacteria,Actinomycetota,Actinobacteria,Frankiales,Acidothermaceae,Acidothermus,cellulolyticus
ASVae759d341d5b,Bacteria,Pseudomonadota,Alphaproteobacteria,Sphingomonadales,Sphingomonadaceae,Sphingomonas,NA
ASV089e7faba78f,Bacteria,Gemmatimonadota,Gemmatimonadia,Gemmatimonadales,Gemmatimonadaceae,NA,NA
ASVea989737d812,Bacteria,Pseudomonadota,Gammaproteobacteria,Burkholderiales,SC-I-84,NA,NA
ASVc3b7c4b20c28,Bacteria,Pseudomonadota,Gammaproteobacteria,Burkholderiales,SC-I-84,NA,NA
ASV2d335b76fbe1,Bacteria,Pseudomonadota,Alphaproteobacteria,Sphingomonadales,Sphingomonadaceae,Sphingomonas,NA
ASV644c8c6448c2,Bacteria,Actinomycetota,Thermoleophilia,Gaiellales,NA,NA,NA
ASV1c7b7b39d229,Bacteria,Pseudomonadota,Alphaproteobacteria,Sphingomonadales,Sphingomonadaceae,Sphingomonas,NA
ASV8f1bafadd430,Bacteria,Gemmatimonadota,Gemmatimonadia,Gemmatimonadales,Gemmatimonadaceae,NA,NA
ASVce08bd865724,Bacteria,Pseudomonadota,Gammaproteobacteria,Burkholderiales,Nitrosomonadaceae,Ellin6067,NA
ASVa017dc976e87,Bacteria,Acidobacteriota,Vicinamibacteria,Vicinamibacterales,NA,NA,NA
ASV029001e9ac3c,Bacteria,Pseudomonadota,Gammaproteobacteria,Burkholderiales,SC-I-84,NA,NA
ASVa29a015847e5,Bacteria,Pseudomonadota,Alphaproteobacteria,Sphingomonadales,Sphingomonadaceae,Sphingomonas,NA
ASV02f894393f40,Bacteria,Pseudomonadota,Alphaproteobacteria,Sphingomonadales,Sphingomonadaceae,Sphingomonas,NA
ASV4eda3cfd0fd6,Bacteria,Pseudomonadota,Alphaproteobacteria,Sphingomonadales,Sphingomonadaceae,Sphingomonas,NA
ASV9bcbde7f3e41,Bacteria,Gemmatimonadota,Gemmatimonadia,Gemmatimonadales,Gemmatimonadaceae,NA,NA
ASV0cd64745c32d,Bacteria,Gemmatimonadota,Gemmatimonadia,Gemmatimonadales,Gemmatimonadaceae,NA,NA
ASVba953a446e63,Bacteria,Pseudomonadota,Gammaproteobacteria,Burkholderiales,Nitrosomonadaceae,Ellin6067,NA
ASVf51d0ca2eb54,Bacteria,Gemmatimonadota,Gemmatimonadia,Gemmatimonadales,Gemmatimonadaceae,NA,NA
ASV974b8584bfe9,Bacteria,Bacillota,Bacilli,Bacillales,NA,NA,NA
ASV08bbcf85b888,Bacteria,Pseudomonadota,Alphaproteobacteria,Sphingomonadales,Sphingomonadaceae,Sphingomonas,NA
ASV170569419014,Bacteria,Pseudomonadota,Gammaproteobacteria,Lysobacterales,Rhodanobacteraceae,Rhodanobacter,spathiphylli
ASV20dff74b7047,Bacteria,Pseudomonadota,Gammaproteobacteria,Burkholderiales,SC-I-84,NA,NA
ASVad98c00eaa92,Bacteria,Pseudomonadota,Alphaproteobacteria,Sphingomonadales,Sphingomonadaceae,Sphingomonas,NA
ASV1aff5eff3123,Bacteria,Chloroflexota,Ktedonobacteria,Ktedonobacterales,JG30-KF-AS9,NA,NA
ASV5df1c9865dec,Bacteria,Pseudomonadota,Gammaproteobacteria,Lysobacterales,Rhodanobacteraceae,Rhodanobacter,NA
ASVeef5c9b8639e,Bacteria,Gemmatimonadota,Gemmatimonadia,Gemmatimonadales,Gemmatimonadaceae,NA,NA
ASVcbed200cc8f8,Bacteria,Chloroflexota,Ktedonobacteria,Ktedonobacterales,JG30-KF-AS9,NA,NA
ASVa9c40ed2bffb,Bacteria,Pseudomonadota,Alphaproteobacteria,Sphingomonadales,Sphingomonadaceae,Sphingomonas,NA
ASV2b51e44c8cb3,Bacteria,Pseudomonadota,Gammaproteobacteria,Lysobacterales,Rhodanobacteraceae,Rhodanobacter,NA
ASVb6bd06d3e76a,Bacteria,Gemmatimonadota,Gemmatimonadia,Gemmatimonadales,Gemmatimonadaceae,NA,NA
ASV885a4e238c44,Bacteria,Chloroflexota,Ktedonobacteria,Ktedonobacterales,JG30-KF-AS9,NA,NA
ASVe5468515682d,Bacteria,Gemmatimonadota,Gemmatimonadia,Gemmatimonadales,Gemmatimonadaceae,NA,NA
ASVff5395a81ef3,Bacteria,Pseudomonadota,Gammaproteobacteria,Burkholderiales,SC-I-84,NA,NA
ASV35b41cb148c6,Bacteria,Gemmatimonadota,Gemmatimonadia,Gemmatimonadales,Gemmatimonadaceae,Gemmatimonas,NA
ASV4793e6f3f21f,Bacteria,Gemmatimonadota,Gemmatimonadia,Gemmatimonadales,Gemmatimonadaceae,NA,NA
ASVb87dcd77f78f,Bacteria,Pseudomonadota,Alphaproteobacteria,Sphingomonadales,Sphingomonadaceae,Sphingomonas,NA
ASVea5aa72b31ae,Bacteria,Gemmatimonadota,Gemmatimonadia,Gemmatimonadales,Gemmatimonadaceae,NA,NA
ASV17ec7371fa8a,Bacteria,Acidobacteriota,Acidobacteriae,Terriglobales,NA,NA,NA
ASVf687f413a1db,Bacteria,Pseudomonadota,Alphaproteobacteria,Hyphomicrobiales,Devosiaceae,NA,NA
ASVfce61243e97a,Bacteria,Pseudomonadota,Alphaproteobacteria,Sphingomonadales,Sphingomonadaceae,Sphingomonas,NA
ASV42a7da0341be,Bacteria,Bacillota,Bacilli,Bacillales,NA,NA,NA
ASV7c58b2992e57,Bacteria,Pseudomonadota,Alphaproteobacteria,Sphingomonadales,Sphingomonadaceae,Sphingomonas,NA
ASV4102885295f1,Bacteria,Pseudomonadota,Alphaproteobacteria,Sphingomonadales,Sphingomonadaceae,Sphingomonas,NA
ASVbb0a5af853b7,Bacteria,Gemmatimonadota,Gemmatimonadia,Gemmatimonadales,Gemmatimonadaceae,NA,NA
ASVe5b6427c8103,Bacteria,Pseudomonadota,Alphaproteobacteria,Sphingomonadales,Sphingomonadaceae,Sphingomonas,NA
ASV5b6d6323b1b9,Bacteria,Chloroflexota,Ktedonobacteria,Ktedonobacterales,JG30-KF-AS9,NA,NA
ASV2cc2a041a399,Bacteria,Pseudomonadota,Gammaproteobacteria,Burkholderiales,SC-I-84,NA,NA
ASV4cb66c95bda4,Bacteria,Pseudomonadota,Gammaproteobacteria,Burkholderiales,SC-I-84,NA,NA
ASV7665d2e3c22d,Bacteria,Gemmatimonadota,Gemmatimonadia,Gemmatimonadales,Gemmatimonadaceae,NA,NA
ASV6e446b2a7be5,Bacteria,Actinomycetota,Actinobacteria,Micrococcales,Micrococcaceae,Pseudarthrobacter,NA
ASV75dee39bb6f3,Bacteria,Chloroflexota,Ktedonobacteria,Ktedonobacterales,JG30-KF-AS9,NA,NA
ASV6fc975448b60,Bacteria,Pseudomonadota,Alphaproteobacteria,Sphingomonadales,Sphingomonadaceae,Sphingomonas,NA
ASV4e0e0425d9e9,Bacteria,Pseudomonadota,Alphaproteobacteria,Sphingomonadales,Sphingomonadaceae,Sphingomonas,NA
ASVf8859ce8af0d,Bacteria,Pseudomonadota,Alphaproteobacteria,Sphingomonadales,Sphingomonadaceae,Sphingomonas,NA
ASV8f99051f0fd1,Bacteria,Pseudomonadota,Gammaproteobacteria,Burkholderiales,SC-I-84,NA,NA
ASV1d3e265c0ab8,Bacteria,Pseudomonadota,Gammaproteobacteria,Lysobacterales,Rhodanobacteraceae,Chujaibacter,NA
ASV45edb2117dac,Bacteria,Pseudomonadota,Alphaproteobacteria,Sphingomonadales,Sphingomonadaceae,Sphingomonas,NA
ASVf07744d857d7,Bacteria,Pseudomonadota,Gammaproteobacteria,Lysobacterales,Rhodanobacteraceae,Rhodanobacter,spathiphylli
ASVf8506b1261e6,Bacteria,Gemmatimonadota,Gemmatimonadia,Gemmatimonadales,Gemmatimonadaceae,NA,NA
ASVbb3bc50af888,Bacteria,Pseudomonadota,Gammaproteobacteria,Burkholderiales,Comamonadaceae,NA,NA
ASV8849673ce44c,Bacteria,Pseudomonadota,Alphaproteobacteria,Sphingomonadales,Sphingomonadaceae,Sphingomonas,NA
ASV4f70e4f5e9a6,Bacteria,Acidobacteriota,Holophagae,Subgroup 7,NA,NA,NA
ASV8262a66a59e9,Bacteria,Actinomycetota,Actinobacteria,Frankiales,NA,NA,NA
ASV77c8aa796b15,Bacteria,Chloroflexota,Ktedonobacteria,Ktedonobacterales,JG30-KF-AS9,NA,NA
ASVce3df037b40f,Bacteria,Chloroflexota,Ktedonobacteria,Ktedonobacterales,JG30-KF-AS9,NA,NA
ASVa3637f3c899b,Bacteria,Actinomycetota,Actinobacteria,Frankiales,NA,NA,NA
ASV8f7eb2ebf508,Bacteria,Pseudomonadota,Gammaproteobacteria,Lysobacterales,Rhodanobacteraceae,NA,NA
ASVdab9811d5c34,Bacteria,Chloroflexota,Ktedonobacteria,Ktedonobacterales,JG30-KF-AS9,NA,NA
ASVcb2d50b32e98,Bacteria,Chloroflexota,Ktedonobacteria,Ktedonobacterales,JG30-KF-AS9,NA,NA
ASVb615395fde73,Bacteria,Pseudomonadota,Gammaproteobacteria,Lysobacterales,Rhodanobacteraceae,Rhodanobacter,spathiphylli
ASVb766840ed3aa,Bacteria,Pseudomonadota,Alphaproteobacteria,Sphingomonadales,Sphingomonadaceae,Sphingomonas,NA
ASVabc78b6135fc,Bacteria,Actinomycetota,Thermoleophilia,Gaiellales,NA,NA,NA
ASVe296d48e7c10,Bacteria,Pseudomonadota,Alphaproteobacteria,Sphingomonadales,Sphingomonadaceae,Sphingomonas,NA
ASVdc2cb791cd62,Bacteria,Pseudomonadota,Gammaproteobacteria,Lysobacterales,Rhodanobacteraceae,Rhodanobacter,spathiphylli
ASV73b1236c1fd7,Bacteria,Pseudomonadota,Alphaproteobacteria,Sphingomonadales,Sphingomonadaceae,Sphingomonas,NA
ASV7dea74f4f15f,Bacteria,Pseudomonadota,Alphaproteobacteria,Sphingomonadales,Sphingomonadaceae,Sphingomonas,NA
ASV19c7233d3b7d,Bacteria,Pseudomonadota,Alphaproteobacteria,Sphingomonadales,Sphingomonadaceae,Sphingomonas,NA
ASV2aed0cdfaa15,Bacteria,Pseudomonadota,Gammaproteobacteria,Lysobacterales,Rhodanobacteraceae,Rhodanobacter,NA
ASV8f3b901bde8d,Bacteria,Pseudomonadota,Alphaproteobacteria,Sphingomonadales,Sphingomonadaceae,Sphingomonas,NA
ASV4c322158941d,Bacteria,Pseudomonadota,Gammaproteobacteria,Burkholderiales,SC-I-84,NA,NA
ASV389bf92a646d,Bacteria,Pseudomonadota,Gammaproteobacteria,Burkholderiales,SC-I-84,NA,NA
ASVfe150e95f740,Bacteria,Acidobacteriota,Acidobacteriae,Bryobacterales,Bryobacteraceae,Bryobacter,NA
ASV28dc9024b799,Bacteria,Gemmatimonadota,Gemmatimonadia,Gemmatimonadales,Gemmatimonadaceae,NA,NA
ASVc93871001d2e,Bacteria,Chloroflexota,Ktedonobacteria,Ktedonobacterales,JG30-KF-AS9,NA,NA
ASVdc2abbb03675,Bacteria,Bacillota,Bacilli,Bacillales,NA,NA,NA
ASV562f448f48e3,Bacteria,Gemmatimonadota,Gemmatimonadia,Gemmatimonadales,Gemmatimonadaceae,Gemmatimonas,NA
ASV2116debd12b5,Bacteria,Pseudomonadota,Alphaproteobacteria,Sphingomonadales,Sphingomonadaceae,Sphingomonas,NA
ASVa5160194a8d0,Bacteria,Gemmatimonadota,Gemmatimonadia,Gemmatimonadales,Gemmatimonadaceae,NA,NA
ASV846987fe8b3a,Bacteria,Acidobacteriota,Holophagae,Subgroup 7,NA,NA,NA
ASV850f54dd97d4,Bacteria,Actinomycetota,Actinobacteria,Frankiales,Acidothermaceae,Acidothermus,cellulolyticus
ASV75f41551b0e9,Bacteria,Gemmatimonadota,Gemmatimonadia,Gemmatimonadales,Gemmatimonadaceae,NA,NA
ASV21f17fd32b61,Bacteria,Pseudomonadota,Gammaproteobacteria,Burkholderiales,SC-I-84,NA,NA
ASV9192ce3b9e90,Bacteria,Pseudomonadota,Alphaproteobacteria,Sphingomonadales,Sphingomonadaceae,Sphingomonas,NA
ASV4497da79dd2f,Bacteria,Chloroflexota,Ktedonobacteria,Ktedonobacterales,JG30-KF-AS9,NA,NA
ASV0421da9550ea,Bacteria,Actinomycetota,Actinobacteria,Frankiales,Acidothermaceae,Acidothermus,cellulolyticus
ASV2596a89d8d9b,Bacteria,Pseudomonadota,Gammaproteobacteria,Lysobacterales,Rhodanobacteraceae,Rhodanobacter,spathiphylli
ASVb0eb6773e5b3,Bacteria,Pseudomonadota,Alphaproteobacteria,Sphingomonadales,Sphingomonadaceae,Sphingomonas,NA
ASVd5bbce851dae,Bacteria,Gemmatimonadota,Gemmatimonadia,Gemmatimonadales,Gemmatimonadaceae,NA,NA
ASVaf3f6a53cadf,Bacteria,Pseudomonadota,Alphaproteobacteria,Sphingomonadales,Sphingomonadaceae,Sphingomonas,NA
ASV9bdce72102b7,Bacteria,Pseudomonadota,Gammaproteobacteria,Lysobacterales,Rhodanobacteraceae,NA,NA
ASV8c84c4d8f79a,Bacteria,Gemmatimonadota,Gemmatimonadia,Gemmatimonadales,Gemmatimonadaceae,NA,NA
ASVa70f3ed3df8f,Bacteria,Pseudomonadota,Alphaproteobacteria,Sphingomonadales,Sphingomonadaceae,Sphingomonas,NA
ASV07d8db84090c,Bacteria,Pseudomonadota,Gammaproteobacteria,Burkholderiales,SC-I-84,NA,NA
ASV337fe8c1307e,Bacteria,Actinomycetota,Actinobacteria,Micrococcales,Micrococcaceae,Pseudarthrobacter,NA
ASV72f4cbc09452,Bacteria,Methylomirabilota,Methylomirabilia,Rokubacteriales,NA,NA,NA
ASVcdac0d8d4e07,Bacteria,Pseudomonadota,Alphaproteobacteria,Sphingomonadales,Sphingomonadaceae,Sphingobium,herbicidovorans
ASV0870363de70f,Bacteria,Bacillota,Bacilli,Bacillales,NA,NA,NA
ASVa76bad9c18a6,Bacteria,Pseudomonadota,Alphaproteobacteria,Sphingomonadales,Sphingomonadaceae,Sphingomonas,NA
ASVb1d26413ecc3,Bacteria,Pseudomonadota,Gammaproteobacteria,Lysobacterales,Rhodanobacteraceae,Rhodanobacter,spathiphylli
ASV239d23aa23c0,Bacteria,Acidobacteriota,Acidobacteriae,Terriglobales,NA,NA,NA
ASVc5a26ccc3f8c,Bacteria,Actinomycetota,Thermoleophilia,Gaiellales,NA,NA,NA
ASVa63486590d98,Bacteria,Pseudomonadota,Alphaproteobacteria,Hyphomicrobiales,Xanthobacteraceae,Pseudolabrys,NA
ASV3552b7d10b49,Bacteria,Pseudomonadota,Gammaproteobacteria,Lysobacterales,Rhodanobacteraceae,Rhodanobacter,NA
ASV94350a9c947c,Bacteria,Bacillota,Bacilli,Bacillales,NA,NA,NA
ASV6a329d8f8e47,Bacteria,Gemmatimonadota,Gemmatimonadia,Gemmatimonadales,Gemmatimonadaceae,NA,NA
ASVc44e429e7263,Bacteria,Pseudomonadota,Gammaproteobacteria,Burkholderiales,SC-I-84,NA,NA
ASVb39b3de05038,Bacteria,Actinomycetota,Actinobacteria,Micrococcales,Micrococcaceae,Arthrobacter,NA
ASV3600bb29dc26,Bacteria,Actinomycetota,Thermoleophilia,Gaiellales,NA,NA,NA
ASV5e45f9bf1bd1,Bacteria,Acidobacteriota,Acidobacteriae,Bryobacterales,Bryobacteraceae,Bryobacter,NA
ASVc6cd5984a873,Bacteria,Methylomirabilota,Methylomirabilia,Rokubacteriales,NA,NA,NA
ASV26b7c8b85784,Bacteria,Pseudomonadota,Alphaproteobacteria,Hyphomicrobiales,Xanthobacteraceae,Pseudolabrys,NA
ASV7f2b230bcfca,Bacteria,Pseudomonadota,Gammaproteobacteria,Lysobacterales,Rhodanobacteraceae,Rhodanobacter,spathiphylli
ASV424cb051e2c6,Bacteria,Pseudomonadota,Alphaproteobacteria,Hyphomicrobiales,Devosiaceae,NA,NA
ASV1ae128419cb0,Bacteria,Pseudomonadota,Gammaproteobacteria,Lysobacterales,Rhodanobacteraceae,Rhodanobacter,NA
ASV51ac76164aec,Bacteria,Pseudomonadota,Gammaproteobacteria,Burkholderiales,SC-I-84,NA,NA
ASV4234a280dd67,Bacteria,Bacillota,Bacilli,Bacillales,NA,NA,NA
ASVbd23883a47cc,Bacteria,Pseudomonadota,Gammaproteobacteria,Lysobacterales,Rhodanobacteraceae,Rhodanobacter,NA
ASVb334d61f5390,Bacteria,Actinomycetota,Actinobacteria,Micrococcales,Micrococcaceae,NA,NA
ASVb64758839f5b,Bacteria,Pseudomonadota,Alphaproteobacteria,Sphingomonadales,Sphingomonadaceae,Sphingomonas,NA
ASV19238c088266,Bacteria,Gemmatimonadota,Gemmatimonadia,Gemmatimonadales,Gemmatimonadaceae,NA,NA
ASVd5ee9b7b6e49,Bacteria,Pseudomonadota,Gammaproteobacteria,Burkholderiales,SC-I-84,NA,NA
ASV775d73c9343f,Bacteria,Actinomycetota,Actinobacteria,Frankiales,Geodermatophilaceae,Blastococcus,NA
ASVd0d057fd9134,Bacteria,Gemmatimonadota,Gemmatimonadia,Gemmatimonadales,Gemmatimonadaceae,NA,NA
ASV3ca7d4536404,Bacteria,Pseudomonadota,Gammaproteobacteria,Lysobacterales,Rhodanobacteraceae,Chujaibacter,NA
ASV047e53fab646,Bacteria,Acidobacteriota,Blastocatellia,Pyrinomonadales,Pyrinomonadaceae,NA,NA
ASVeeccf267f937,Bacteria,Gemmatimonadota,Gemmatimonadia,Gemmatimonadales,Gemmatimonadaceae,NA,NA
ASV56d1b505fe6d,Bacteria,Pseudomonadota,Alphaproteobacteria,Hyphomicrobiales,Xanthobacteraceae,Bradyrhizobium,NA
ASVadc7b32d6ef1,Bacteria,Acidobacteriota,Holophagae,Subgroup 7,NA,NA,NA
ASV0fe23a2227a9,Bacteria,Gemmatimonadota,Gemmatimonadia,Gemmatimonadales,Gemmatimonadaceae,NA,NA
ASVc610510ef547,Bacteria,Chloroflexota,Ktedonobacteria,Ktedonobacterales,JG30-KF-AS9,NA,NA
ASV2362fd63b441,Bacteria,Pseudomonadota,Gammaproteobacteria,Lysobacterales,Lysobacteraceae,Luteimonas,NA
ASVfebf1c07b810,Bacteria,Pseudomonadota,Gammaproteobacteria,Burkholderiales,SC-I-84,NA,NA
ASV4c0ccac80e2c,Bacteria,Pseudomonadota,Gammaproteobacteria,Burkholderiales,SC-I-84,NA,NA
ASV8f45ba369f72,Bacteria,Gemmatimonadota,Gemmatimonadia,Gemmatimonadales,Gemmatimonadaceae,NA,NA
ASV758ae85fcf47,Bacteria,Pseudomonadota,Gammaproteobacteria,Burkholderiales,Nitrosomonadaceae,Ellin6067,NA
ASVb46e72e70255,Bacteria,Gemmatimonadota,Gemmatimonadia,Gemmatimonadales,Gemmatimonadaceae,NA,NA
ASVc244ca58128d,Bacteria,Pseudomonadota,Gammaproteobacteria,Burkholderiales,SC-I-84,NA,NA
ASVf51fe6785aef,Bacteria,Pseudomonadota,Gammaproteobacteria,Burkholderiales,Burkholderiaceae,Burkholderia-Caballeronia-Paraburkholderia,NA
ASV521ea0bbe85e,Bacteria,Gemmatimonadota,Gemmatimonadia,Gemmatimonadales,Gemmatimonadaceae,NA,NA
ASV456a87426ceb,Bacteria,Pseudomonadota,Gammaproteobacteria,Burkholderiales,SC-I-84,NA,NA
ASVa948b2258c55,Bacteria,Gemmatimonadota,Gemmatimonadia,Gemmatimonadales,Gemmatimonadaceae,NA,NA
ASVa3d6f9914954,Bacteria,Pseudomonadota,Gammaproteobacteria,Burkholderiales,SC-I-84,NA,NA
ASVff955882db5c,Bacteria,Pseudomonadota,Alphaproteobacteria,Hyphomicrobiales,Xanthobacteraceae,Pseudolabrys,NA
ASV0a5e605bac0f,Bacteria,Acidobacteriota,Acidobacteriae,Terriglobales,NA,NA,NA
ASVd6fec432a5ce,Bacteria,Chloroflexota,Ktedonobacteria,Ktedonobacterales,JG30-KF-AS9,NA,NA
ASV51d9a44a9e29,Bacteria,Actinomycetota,Actinobacteria,Micrococcales,Micrococcaceae,Pseudarthrobacter,NA
ASV376d8701520a,Bacteria,Acidobacteriota,Holophagae,Subgroup 7,NA,NA,NA
ASV8ea5a01f9ceb,Bacteria,Gemmatimonadota,Gemmatimonadia,Gemmatimonadales,Gemmatimonadaceae,NA,NA
ASV39503955c3af,Bacteria,Pseudomonadota,Gammaproteobacteria,Burkholderiales,SC-I-84,NA,NA
ASVe14a5cec4d19,Bacteria,Pseudomonadota,Alphaproteobacteria,Hyphomicrobiales,Xanthobacteraceae,Bradyrhizobium,NA
ASVc20e3f8f247e,Bacteria,Pseudomonadota,Alphaproteobacteria,Sphingomonadales,Sphingomonadaceae,Sphingomonas,NA
ASVa044f35d9be3,Bacteria,Pseudomonadota,Gammaproteobacteria,Lysobacterales,Rhodanobacteraceae,Rhodanobacter,spathiphylli
ASV719bf67ccded,Bacteria,Chloroflexota,Ktedonobacteria,Ktedonobacterales,JG30-KF-AS9,NA,NA
ASVada23e4f695d,Bacteria,Acidobacteriota,Blastocatellia,Pyrinomonadales,Pyrinomonadaceae,NA,NA
ASV959e4b91e5d3,Bacteria,Actinomycetota,Actinobacteria,Frankiales,NA,NA,NA
ASVc4928b517728,Bacteria,Bacillota,Bacilli,Bacillales,Bacillaceae,Neobacillus,NA
ASV35377308ea78,Bacteria,Chloroflexota,Ktedonobacteria,Ktedonobacterales,JG30-KF-AS9,NA,NA
ASV4b161b001f0f,Bacteria,Pseudomonadota,Gammaproteobacteria,Burkholderiales,Alcaligenaceae,Castellaniella,defragrans
ASV654bb53583c5,Bacteria,Pseudomonadota,Gammaproteobacteria,Lysobacterales,Rhodanobacteraceae,Rhodanobacter,NA
ASV3a9837ecc4ac,Bacteria,Pseudomonadota,Alphaproteobacteria,Sphingomonadales,Sphingomonadaceae,Sphingomonas,NA
ASV3767d4d0954e,Bacteria,Pseudomonadota,Gammaproteobacteria,Burkholderiales,Comamonadaceae,Piscinibacter,NA
ASVa27f0c645bb3,Bacteria,Pseudomonadota,Alphaproteobacteria,Sphingomonadales,Sphingomonadaceae,Sphingomonas,NA
ASV402d7cde9ed9,Bacteria,Pseudomonadota,Alphaproteobacteria,Sphingomonadales,Sphingomonadaceae,Sphingomonas,NA
ASVf06706d15f0e,Bacteria,Bacillota,Bacilli,Bacillales,Planococcaceae,NA,NA
ASV90afaa841bf0,Bacteria,Pseudomonadota,Alphaproteobacteria,Sphingomonadales,Sphingomonadaceae,Sphingobium,herbicidovorans
ASVbcc852a9bc1f,Bacteria,Pseudomonadota,Alphaproteobacteria,Sphingomonadales,Sphingomonadaceae,Sphingomonas,NA
ASV5b28d8ba6bf2,Bacteria,Bacillota,Bacilli,Bacillales,NA,NA,NA
ASV127bd3a6d741,Bacteria,Pseudomonadota,Gammaproteobacteria,Lysobacterales,Rhodanobacteraceae,Rhodanobacter,NA
ASV5017251f395d,Bacteria,Chloroflexota,Ktedonobacteria,Ktedonobacterales,JG30-KF-AS9,NA,NA
ASVebe6f5ee55e6,Bacteria,Chloroflexota,Ktedonobacteria,Ktedonobacterales,JG30-KF-AS9,NA,NA
ASVd07185d1a9d4,Bacteria,Pseudomonadota,Gammaproteobacteria,Lysobacterales,Rhodanobacteraceae,Rhodanobacter,spathiphylli
ASVa1e10869a91d,Bacteria,Gemmatimonadota,Gemmatimonadia,Gemmatimonadales,Gemmatimonadaceae,NA,NA
ASVf550d73f81e3,Bacteria,Chloroflexota,Ktedonobacteria,Ktedonobacterales,JG30-KF-AS9,NA,NA
ASV3e0eca0f137d,Bacteria,Gemmatimonadota,Gemmatimonadia,Gemmatimonadales,Gemmatimonadaceae,NA,NA
ASV095876dcd322,Bacteria,Chloroflexota,Ktedonobacteria,Ktedonobacterales,JG30-KF-AS9,NA,NA
ASV9b2de9644970,Bacteria,Gemmatimonadota,Gemmatimonadia,Gemmatimonadales,Gemmatimonadaceae,Gemmatimonas,NA
ASVf0a0901dba11,Bacteria,Pseudomonadota,Gammaproteobacteria,Burkholderiales,Nitrosomonadaceae,Nitrosospira,NA
ASVc0d39b445822,Bacteria,Pseudomonadota,Alphaproteobacteria,Sphingomonadales,Sphingomonadaceae,Sphingomonas,NA
ASV995999b2e20d,Bacteria,Gemmatimonadota,Gemmatimonadia,Gemmatimonadales,Gemmatimonadaceae,Gemmatimonas,NA
ASVaa5948a35928,Bacteria,Gemmatimonadota,Gemmatimonadia,Gemmatimonadales,Gemmatimonadaceae,NA,NA
ASV8a23354fca95,Bacteria,Acidobacteriota,Acidobacteriae,Terriglobales,NA,NA,NA
ASV36389f3dfae4,Bacteria,Pseudomonadota,Gammaproteobacteria,Burkholderiales,SC-I-84,NA,NA
ASVd09b485eb4cc,Bacteria,Gemmatimonadota,Gemmatimonadia,Gemmatimonadales,Gemmatimonadaceae,Gemmatimonas,NA
ASV78ff77a86841,Bacteria,Bacillota,Bacilli,Paenibacillales,Paenibacillaceae,Ammoniphilus,NA
ASV89bf333d7c15,Bacteria,Pseudomonadota,Alphaproteobacteria,Acetobacterales,Acetobacteraceae,Acidicaldus,NA
ASV58f38c7d31ef,Bacteria,Actinomycetota,Actinobacteria,Frankiales,Acidothermaceae,Acidothermus,cellulolyticus
ASV3d1d7d9dd1dd,Bacteria,Pseudomonadota,Alphaproteobacteria,Acetobacterales,Acetobacteraceae,Acidicaldus,NA
ASV8dd20b93321a,Bacteria,Pseudomonadota,Gammaproteobacteria,Lysobacterales,Rhodanobacteraceae,Rhodanobacter,spathiphylli
ASV245eef02d018,Bacteria,Chloroflexota,Ktedonobacteria,Ktedonobacterales,JG30-KF-AS9,NA,NA
ASV6bedcb8b1736,Bacteria,Gemmatimonadota,Gemmatimonadia,Gemmatimonadales,Gemmatimonadaceae,NA,NA
ASV9eef555349b1,Bacteria,Pseudomonadota,Gammaproteobacteria,Burkholderiales,Oxalobacteraceae,Massilia,putida
ASV4b81d5a8596d,Bacteria,Chloroflexota,Ktedonobacteria,Ktedonobacterales,JG30-KF-AS9,NA,NA
ASV7a7c8626ee6d,Bacteria,Acidobacteriota,Blastocatellia,Pyrinomonadales,Pyrinomonadaceae,NA,NA
ASVdc4db2df9a9b,Bacteria,Pseudomonadota,Alphaproteobacteria,Caulobacterales,Caulobacteraceae,Phenylobacterium,NA
ASV85c5a3360c4a,Bacteria,Pseudomonadota,Alphaproteobacteria,Hyphomicrobiales,Xanthobacteraceae,Bradyrhizobium,NA
ASVb59499e1f211,Bacteria,Pseudomonadota,Gammaproteobacteria,Burkholderiales,SC-I-84,NA,NA
ASV268af6d9b78d,Bacteria,Pseudomonadota,Gammaproteobacteria,Lysobacterales,Rhodanobacteraceae,Rhodanobacter,NA
ASV8af7f5be5063,Bacteria,Gemmatimonadota,Gemmatimonadia,Gemmatimonadales,Gemmatimonadaceae,NA,NA
ASV76f6c019fedb,Bacteria,Actinomycetota,Thermoleophilia,Gaiellales,NA,NA,NA
ASV1460a1a087df,Bacteria,Bacillota,Bacilli,Bacillales,NA,NA,NA
ASV4c3160b57f04,Bacteria,Actinomycetota,Actinobacteria,Micrococcales,Micrococcaceae,Pseudarthrobacter,NA
ASVea8f28189c43,Bacteria,Methylomirabilota,Methylomirabilia,Rokubacteriales,NA,NA,NA
ASV75b224a9dded,Bacteria,Pseudomonadota,Gammaproteobacteria,Burkholderiales,SC-I-84,NA,NA
ASV988b53e639a7,Bacteria,Pseudomonadota,Gammaproteobacteria,Lysobacterales,Rhodanobacteraceae,Rhodanobacter,spathiphylli
ASVa07423cd7f54,Bacteria,Pseudomonadota,Gammaproteobacteria,Lysobacterales,Rhodanobacteraceae,NA,NA
ASV20f3edadf7f5,Bacteria,Acidobacteriota,Acidobacteriae,Terriglobales,NA,NA,NA
ASVb4a38c825352,Bacteria,Chloroflexota,Ktedonobacteria,Ktedonobacterales,JG30-KF-AS9,NA,NA
ASVf4f76a41d346,Bacteria,Pseudomonadota,Gammaproteobacteria,Burkholderiales,SC-I-84,NA,NA
ASV44b16f8dc733,Bacteria,Pseudomonadota,Gammaproteobacteria,Burkholderiales,SC-I-84,NA,NA
ASV85a34c14b743,Bacteria,Gemmatimonadota,Gemmatimonadia,Gemmatimonadales,Gemmatimonadaceae,NA,NA
ASV41571ee1949c,Bacteria,Bacillota,Bacilli,Bacillales,Bacillaceae,Neobacillus,NA
ASV0e5b6f4fbe9c,Bacteria,Pseudomonadota,Gammaproteobacteria,Burkholderiales,SC-I-84,NA,NA
ASV0325957d2156,Bacteria,Pseudomonadota,Gammaproteobacteria,Burkholderiales,Burkholderiaceae,Burkholderia-Caballeronia-Paraburkholderia,NA
ASV85c4648a10dc,Bacteria,Pseudomonadota,Gammaproteobacteria,Burkholderiales,SC-I-84,NA,NA
ASV773b69d7a237,Bacteria,Acidobacteriota,Acidobacteriae,Terriglobales,NA,NA,NA
ASV85b1de59ac2d,Bacteria,Actinomycetota,Actinobacteria,Micrococcales,Micrococcaceae,Pseudarthrobacter,NA
ASV96945decbf8b,Bacteria,Gemmatimonadota,Gemmatimonadia,Gemmatimonadales,Gemmatimonadaceae,NA,NA
ASV7853b8fecae6,Bacteria,Chloroflexota,Ktedonobacteria,Ktedonobacterales,JG30-KF-AS9,NA,NA
ASVaa2d1392e52d,Bacteria,Acidobacteriota,Blastocatellia,Pyrinomonadales,Pyrinomonadaceae,NA,NA
ASV0bb57380efed,Bacteria,Pseudomonadota,Alphaproteobacteria,Sphingomonadales,Sphingomonadaceae,Erythrobacter,NA
ASV3fe9cc4b3b7f,Bacteria,Chloroflexota,Ktedonobacteria,Ktedonobacterales,JG30-KF-AS9,NA,NA
ASVdb925be15f50,Bacteria,Chloroflexota,Ktedonobacteria,Ktedonobacterales,JG30-KF-AS9,NA,NA
ASV39e893718452,Bacteria,Acidobacteriota,Acidobacteriae,Terriglobales,NA,NA,NA
ASVc992cdafaa2e,Bacteria,Pseudomonadota,Gammaproteobacteria,Lysobacterales,Rhodanobacteraceae,Chujaibacter,NA
ASV0031a558e249,Bacteria,Actinomycetota,Actinobacteria,Micrococcales,Micrococcaceae,NA,NA
ASVfe860eb1fda8,Bacteria,Pseudomonadota,Alphaproteobacteria,Sphingomonadales,Sphingomonadaceae,Sphingomonas,NA
ASV5f2715e2a106,Bacteria,Pseudomonadota,Gammaproteobacteria,Burkholderiales,Oxalobacteraceae,Massilia,putida
ASV5d17798abda7,Bacteria,Pseudomonadota,Alphaproteobacteria,Sphingomonadales,Sphingomonadaceae,Sphingomonas,NA
ASV5699d2b269a4,Bacteria,Acidobacteriota,Holophagae,Subgroup 7,NA,NA,NA
ASVa56e2e4ae925,Bacteria,Gemmatimonadota,Gemmatimonadia,Gemmatimonadales,Gemmatimonadaceae,NA,NA
ASV0f86dd516714,Bacteria,Chloroflexota,Ktedonobacteria,Ktedonobacterales,JG30-KF-AS9,NA,NA
ASV81280f9e034c,Bacteria,Pseudomonadota,Gammaproteobacteria,Lysobacterales,Rhodanobacteraceae,Rhodanobacter,NA
ASVfcc2dd7feea8,Bacteria,Gemmatimonadota,Gemmatimonadia,Gemmatimonadales,Gemmatimonadaceae,NA,NA
ASV238cf1abbe99,Bacteria,Acidobacteriota,Acidobacteriae,Terriglobales,NA,NA,NA
ASVef5ceedf220a,Bacteria,Pseudomonadota,Gammaproteobacteria,Burkholderiales,SC-I-84,NA,NA
ASV02fbd884e235,Bacteria,Pseudomonadota,Alphaproteobacteria,Sphingomonadales,Sphingomonadaceae,Sphingomonas,NA
ASV4d4ba034da1e,Bacteria,Gemmatimonadota,Gemmatimonadia,Gemmatimonadales,Gemmatimonadaceae,NA,NA
ASV1e68e61dc4c2,Bacteria,Pseudomonadota,Gammaproteobacteria,Lysobacterales,Rhodanobacteraceae,Rhodanobacter,NA
ASVc8bdd428d75c,Bacteria,Pseudomonadota,Gammaproteobacteria,Burkholderiales,SC-I-84,NA,NA
ASVb2c74d745afc,Bacteria,Pseudomonadota,Gammaproteobacteria,Burkholderiales,SC-I-84,NA,NA
ASV8da92f5e8f7e,Bacteria,Pseudomonadota,Gammaproteobacteria,Lysobacterales,Rhodanobacteraceae,Rhodanobacter,NA
ASV7ca3c6fa9b8f,Bacteria,Chloroflexota,Ktedonobacteria,Ktedonobacterales,JG30-KF-AS9,NA,NA
ASV4e7f115eb88b,Bacteria,Actinomycetota,Actinobacteria,Frankiales,Geodermatophilaceae,Geodermatophilus,NA
ASV7616074dd93c,Bacteria,Gemmatimonadota,Gemmatimonadia,Gemmatimonadales,Gemmatimonadaceae,NA,NA
ASVdaae9a6b15f1,Bacteria,Pseudomonadota,Gammaproteobacteria,Lysobacterales,Rhodanobacteraceae,Rhodanobacter,spathiphylli
ASV7569a115ff6d,Bacteria,Acidobacteriota,Acidobacteriae,Terriglobales,NA,NA,NA
ASV726e19a8cf45,Bacteria,Chloroflexota,Ktedonobacteria,Ktedonobacterales,JG30-KF-AS9,NA,NA
ASV6c164dd57347,Bacteria,Gemmatimonadota,Gemmatimonadia,Gemmatimonadales,Gemmatimonadaceae,NA,NA
ASV04f88af14c42,Bacteria,Acidobacteriota,Vicinamibacteria,Vicinamibacterales,Vicinamibacteraceae,NA,NA
ASV13dbdb3f308d,Bacteria,Pseudomonadota,Gammaproteobacteria,Lysobacterales,Rhodanobacteraceae,Rhodanobacter,NA
ASVcfbf91b86268,Bacteria,Actinomycetota,Thermoleophilia,Gaiellales,NA,NA,NA
ASVe26a21274f57,Bacteria,Chloroflexota,Ktedonobacteria,Ktedonobacterales,JG30-KF-AS9,NA,NA
ASVf64d9f445bef,Bacteria,Bacillota,Bacilli,Bacillales,NA,NA,NA
ASV414eebdffdeb,Bacteria,Pseudomonadota,Gammaproteobacteria,Lysobacterales,Rhodanobacteraceae,NA,NA
ASV86b15ee6c610,Bacteria,Gemmatimonadota,Gemmatimonadia,Gemmatimonadales,Gemmatimonadaceae,NA,NA
ASV6ab4650eac64,Bacteria,Chloroflexota,Ktedonobacteria,Ktedonobacterales,JG30-KF-AS9,NA,NA
ASV96b2eb617e97,Bacteria,Acidobacteriota,Acidobacteriae,Bryobacterales,Bryobacteraceae,Bryobacter,NA
ASV25db3ec6bd95,Bacteria,Acidobacteriota,Vicinamibacteria,Vicinamibacterales,Vicinamibacteraceae,NA,NA
ASVf20be00d09ac,Bacteria,Gemmatimonadota,Gemmatimonadia,Gemmatimonadales,Gemmatimonadaceae,Gemmatimonas,NA
ASV3f6b4e3210e9,Bacteria,Acidobacteriota,Acidobacteriae,Terriglobales,NA,NA,NA
ASV16f8a7255fd7,Bacteria,Pseudomonadota,Gammaproteobacteria,Burkholderiales,SC-I-84,NA,NA
ASV62b8e488972d,Bacteria,Gemmatimonadota,Gemmatimonadia,Gemmatimonadales,Gemmatimonadaceae,NA,NA
ASV026a89adebdf,Bacteria,Gemmatimonadota,Gemmatimonadia,Gemmatimonadales,Gemmatimonadaceae,NA,NA
ASVd35d7bcc080b,Bacteria,Acidobacteriota,Acidobacteriae,Terriglobales,NA,NA,NA
ASV0a1bdf186329,Bacteria,Acidobacteriota,Acidobacteriae,Terriglobales,NA,NA,NA
ASV0f288c8bf9b1,Bacteria,Gemmatimonadota,Gemmatimonadia,Gemmatimonadales,Gemmatimonadaceae,NA,NA
ASV2651e360cfee,Bacteria,Pseudomonadota,Gammaproteobacteria,Burkholderiales,Nitrosomonadaceae,Ellin6067,NA
ASVbc305b0becff,Bacteria,Pseudomonadota,Gammaproteobacteria,Burkholderiales,Burkholderiaceae,Ralstonia,pickettii
ASV68435f5bc080,Bacteria,Pseudomonadota,Gammaproteobacteria,Burkholderiales,SC-I-84,NA,NA
ASV43217940a982,Bacteria,Pseudomonadota,Alphaproteobacteria,Sphingomonadales,Sphingomonadaceae,Sphingomonas,NA
ASVcd782be77429,Bacteria,Acidobacteriota,Acidobacteriae,Terriglobales,NA,NA,NA
ASV3ed92c7ecbb0,Bacteria,Pseudomonadota,Gammaproteobacteria,Lysobacterales,Rhodanobacteraceae,NA,NA
ASVde925cf81a3a,Bacteria,Actinomycetota,Actinobacteria,Micrococcales,Micrococcaceae,Pseudarthrobacter,NA
ASVa1c99a373ded,Bacteria,Pseudomonadota,Alphaproteobacteria,Sphingomonadales,Sphingomonadaceae,Sphingobium,herbicidovorans
ASVef09795bfc0c,Bacteria,Acidobacteriota,Acidobacteriae,Bryobacterales,Bryobacteraceae,Bryobacter,NA
ASV5d59b6ee40b3,Bacteria,Pseudomonadota,Alphaproteobacteria,Sphingomonadales,Sphingomonadaceae,Sphingomonas,NA
ASV36d4efc13e26,Bacteria,Pseudomonadota,Alphaproteobacteria,Sphingomonadales,Sphingomonadaceae,Sphingomonas,NA
ASV389b1cd21089,Bacteria,Methylomirabilota,Methylomirabilia,Rokubacteriales,NA,NA,NA
ASVe3b69efa0c89,Bacteria,Gemmatimonadota,Gemmatimonadia,Gemmatimonadales,Gemmatimonadaceae,NA,NA
ASV4cd9a1d482ca,Bacteria,Pseudomonadota,Alphaproteobacteria,Sphingomonadales,Sphingomonadaceae,Sphingomonas,NA
ASVeef630b1cb6a,Bacteria,Pseudomonadota,Gammaproteobacteria,Burkholderiales,Nitrosomonadaceae,Ellin6067,NA
ASVb87d3a72e6f6,Bacteria,Pseudomonadota,Gammaproteobacteria,Lysobacterales,Lysobacteraceae,Luteimonas,NA
ASVba5953d1d5f9,Bacteria,Pseudomonadota,Gammaproteobacteria,Gammaproteobacteria Incertae Sedis,Unknown Family,Acidibacter,NA
ASVfa4c8f575d0a,Bacteria,Pseudomonadota,Alphaproteobacteria,Hyphomicrobiales,Devosiaceae,NA,NA
ASV9f543c080db3,Bacteria,Chloroflexota,Ktedonobacteria,Ktedonobacterales,JG30-KF-AS9,NA,NA
ASV2f29e9d9a24a,Bacteria,Pseudomonadota,Alphaproteobacteria,Hyphomicrobiales,Xanthobacteraceae,Bradyrhizobium,NA
ASVad2bd7c4e54a,Bacteria,Pseudomonadota,Gammaproteobacteria,Lysobacterales,Rhodanobacteraceae,Chujaibacter,NA
ASVc5a2814e09f2,Bacteria,Acidobacteriota,Blastocatellia,Pyrinomonadales,Pyrinomonadaceae,NA,NA
ASVd9f73182f400,Bacteria,Pseudomonadota,Gammaproteobacteria,Lysobacterales,Rhodanobacteraceae,Rhodanobacter,NA
ASVb4f4372ddee8,Bacteria,Pseudomonadota,Gammaproteobacteria,Lysobacterales,Rhodanobacteraceae,Frateuria,terrea
ASV382760bfb8a4,Bacteria,Bacillota,Bacilli,Bacillales,Planococcaceae,NA,NA
ASV2c1d79b20ed1,Bacteria,Acidobacteriota,Vicinamibacteria,Vicinamibacterales,Vicinamibacteraceae,NA,NA
ASV1cda1a50cf84,Bacteria,Pseudomonadota,Gammaproteobacteria,Lysobacterales,Rhodanobacteraceae,Rhodanobacter,NA
ASVc411db4b6444,Bacteria,Acidobacteriota,Acidobacteriae,Terriglobales,Koribacteraceae,Candidatus Koribacter,NA
ASV24420de6c152,Bacteria,Pseudomonadota,Gammaproteobacteria,Burkholderiales,SC-I-84,NA,NA
ASVdfd81bbe31d6,Bacteria,Pseudomonadota,Gammaproteobacteria,Lysobacterales,Rhodanobacteraceae,Rhodanobacter,NA
ASV48ddcc014848,Bacteria,Acidobacteriota,Acidobacteriae,Terriglobales,NA,NA,NA
ASVba3bed8723b9,Bacteria,Chloroflexota,Ktedonobacteria,Ktedonobacterales,JG30-KF-AS9,NA,NA
ASV6e2459dc1ecf,Bacteria,Pseudomonadota,Gammaproteobacteria,Burkholderiales,Nitrosomonadaceae,Ellin6067,NA
ASV2e7924fca0b6,Bacteria,Actinomycetota,Actinobacteria,Micrococcales,Micrococcaceae,NA,NA
ASVf8053bb1afe4,Bacteria,Pseudomonadota,Gammaproteobacteria,Burkholderiales,SC-I-84,NA,NA
ASV5e18c9055dc9,Bacteria,Acidobacteriota,Blastocatellia,Pyrinomonadales,Pyrinomonadaceae,NA,NA
ASVca53211dffa2,Bacteria,Pseudomonadota,Alphaproteobacteria,Sphingomonadales,Sphingomonadaceae,Sphingomonas,NA
ASVf9347a548c7d,Bacteria,Pseudomonadota,Gammaproteobacteria,Lysobacterales,Rhodanobacteraceae,Chujaibacter,NA
ASV9ab93c1007e6,Bacteria,Pseudomonadota,Gammaproteobacteria,Lysobacterales,Rhodanobacteraceae,Rhodanobacter,NA
ASVe245736bf0df,Bacteria,Pseudomonadota,Gammaproteobacteria,Lysobacterales,Rhodanobacteraceae,Chujaibacter,NA
ASVca3d18b88ef8,Bacteria,Acidobacteriota,Acidobacteriae,Terriglobales,NA,NA,NA
ASV95e98a619f65,Bacteria,Acidobacteriota,Holophagae,Subgroup 7,NA,NA,NA
ASV7f19005a0b6e,Bacteria,Bacillota,Bacilli,Bacillales,NA,NA,NA
ASVbae45cb09e4d,Bacteria,Pseudomonadota,Gammaproteobacteria,Lysobacterales,Rhodanobacteraceae,Rhodanobacter,spathiphylli
ASVbac3e67701ab,Bacteria,Pseudomonadota,Gammaproteobacteria,Lysobacterales,Rhodanobacteraceae,NA,NA
ASV03dcdf0dd67b,Bacteria,Pseudomonadota,Gammaproteobacteria,Lysobacterales,Rhodanobacteraceae,NA,NA
ASVc689bca6031e,Bacteria,Chloroflexota,Ktedonobacteria,Ktedonobacterales,JG30-KF-AS9,NA,NA
ASVa25c073da6c3,Bacteria,Pseudomonadota,Alphaproteobacteria,Sphingomonadales,Sphingomonadaceae,Sphingomonas,NA
ASVa88e521e75c9,Bacteria,Pseudomonadota,Gammaproteobacteria,Lysobacterales,Rhodanobacteraceae,Rhodanobacter,spathiphylli
ASV1b8f816805e9,Bacteria,Chloroflexota,Ktedonobacteria,Ktedonobacterales,JG30-KF-AS9,NA,NA
ASV98b1c50f3dfe,Bacteria,Actinomycetota,Acidimicrobiia,Acidimicrobiales,Acidimicrobiaceae,NA,NA
ASVc7bcbdbf1445,Bacteria,Pseudomonadota,Gammaproteobacteria,Burkholderiales,Alcaligenaceae,Castellaniella,defragrans
ASV0119823ebed0,Bacteria,Pseudomonadota,Gammaproteobacteria,Lysobacterales,Rhodanobacteraceae,Rhodanobacter,spathiphylli
ASVdfa582675717,Bacteria,Actinomycetota,Actinobacteria,Micromonosporales,Micromonosporaceae,Micromonospora,NA
ASVdac9c5dd3490,Bacteria,Actinomycetota,Thermoleophilia,Gaiellales,NA,NA,NA
ASV20b99e2485cd,Bacteria,Methylomirabilota,Methylomirabilia,Rokubacteriales,NA,NA,NA
ASV073f69573a8c,Bacteria,Pseudomonadota,Gammaproteobacteria,Burkholderiales,SC-I-84,NA,NA
ASVdc290dda38b3,Bacteria,Acidobacteriota,Acidobacteriae,Terriglobales,NA,NA,NA
ASV387fb36356c8,Bacteria,Pseudomonadota,Gammaproteobacteria,Burkholderiales,SC-I-84,NA,NA
ASV7aa74631ab52,Bacteria,Chloroflexota,KD4-96,NA,NA,NA,NA
ASVadee8d38fbd7,Bacteria,Pseudomonadota,Gammaproteobacteria,Lysobacterales,Lysobacteraceae,Lysobacter,NA
ASVadece8d12f6f,Bacteria,Candidatus Eremiobacterota,Eremiobacteria,NA,NA,NA,NA
ASV18ef960428ae,Bacteria,Pseudomonadota,Gammaproteobacteria,Lysobacterales,Rhodanobacteraceae,Frateuria,terrea
ASVc6ba644a0ddd,Bacteria,Pseudomonadota,Gammaproteobacteria,Lysobacterales,Lysobacteraceae,Luteimonas,NA
ASV88e03bae4297,Bacteria,Pseudomonadota,Alphaproteobacteria,Hyphomicrobiales,Xanthobacteraceae,Bradyrhizobium,NA
ASV93397ab77ecd,Bacteria,Pseudomonadota,Gammaproteobacteria,Burkholderiales,Oxalobacteraceae,Massilia,putida
ASVcf0a7fd2338c,Bacteria,Actinomycetota,Thermoleophilia,Gaiellales,NA,NA,NA
ASVc797b5d32e14,Bacteria,Bacillota,Bacilli,Paenibacillales,Paenibacillaceae,Ammoniphilus,NA
ASVaa50f58b931c,Bacteria,Pseudomonadota,Alphaproteobacteria,Hyphomicrobiales,Devosiaceae,NA,NA
ASV14ed1bd0e243,Bacteria,Actinomycetota,Actinobacteria,Mycobacteriales,Mycobacteriaceae,Mycobacterium,NA
ASVf6f8b35d9bb6,Bacteria,Pseudomonadota,Alphaproteobacteria,Caulobacterales,Caulobacteraceae,Phenylobacterium,NA
ASV357849feb8c6,Bacteria,Pseudomonadota,Gammaproteobacteria,Lysobacterales,Rhodanobacteraceae,Chujaibacter,NA
ASV62f7a8cf9d9b,Bacteria,Acidobacteriota,Acidobacteriae,Terriglobales,NA,NA,NA
ASVc1a86bc48872,Bacteria,Chloroflexota,Ktedonobacteria,Ktedonobacterales,JG30-KF-AS9,NA,NA
ASVc024e534cd3b,Bacteria,Pseudomonadota,Gammaproteobacteria,Burkholderiales,Nitrosomonadaceae,Ellin6067,NA
ASVd70113609189,Bacteria,Acidobacteriota,Blastocatellia,Pyrinomonadales,Pyrinomonadaceae,NA,NA
ASVc54961abed1a,Bacteria,Pseudomonadota,Gammaproteobacteria,Lysobacterales,Rhodanobacteraceae,Chujaibacter,NA
ASVdda847ef876e,Bacteria,Pseudomonadota,Gammaproteobacteria,Lysobacterales,Rhodanobacteraceae,Rhodanobacter,NA
ASVfc6def684a8b,Bacteria,Pseudomonadota,Gammaproteobacteria,Lysobacterales,Rhodanobacteraceae,Rhodanobacter,NA
ASV07bbad071085,Bacteria,Gemmatimonadota,Gemmatimonadia,Gemmatimonadales,Gemmatimonadaceae,NA,NA
ASV409bf878b3ae,Bacteria,Actinomycetota,Actinobacteria,Micrococcales,Intrasporangiaceae,Intrasporangium,calvum
ASVfe5352d843a4,Bacteria,Pseudomonadota,Alphaproteobacteria,Sphingomonadales,Sphingomonadaceae,Sphingomonas,NA
ASV72dd151f9d89,Bacteria,Actinomycetota,Acidimicrobiia,Acidimicrobiales,Acidimicrobiaceae,Acidiferrimicrobium,NA
ASV51972f9999f0,Bacteria,Pseudomonadota,Gammaproteobacteria,Lysobacterales,Rhodanobacteraceae,Rhodanobacter,spathiphylli
ASV72cf47b15a34,Bacteria,Acidobacteriota,Acidobacteriae,Bryobacterales,Bryobacteraceae,Bryobacter,NA
ASV17d213a1fa1b,Bacteria,Acidobacteriota,Acidobacteriae,Bryobacterales,Bryobacteraceae,Bryobacter,NA
ASV2f7f23e61cea,Bacteria,Pseudomonadota,Gammaproteobacteria,Lysobacterales,Lysobacteraceae,Luteimonas,NA
ASV67018aa54094,Bacteria,Pseudomonadota,Gammaproteobacteria,Lysobacterales,Rhodanobacteraceae,Rhodanobacter,NA
ASV13586e0fd142,Bacteria,Pseudomonadota,Gammaproteobacteria,Lysobacterales,Rhodanobacteraceae,Rhodanobacter,NA
ASVfe115757b970,Bacteria,Actinomycetota,Actinobacteria,Frankiales,Acidothermaceae,Acidothermus,NA
ASV8f63dfa9b3ff,Bacteria,Actinomycetota,Thermoleophilia,Gaiellales,NA,NA,NA
ASV66b4c384e3a2,Bacteria,Actinomycetota,Actinobacteria,Frankiales,Geodermatophilaceae,Geodermatophilus,NA
ASV5d50d1bd2ea5,Bacteria,Acidobacteriota,Acidobacteriae,Terriglobales,NA,NA,NA
ASVc2cee705e84d,Bacteria,Acidobacteriota,Blastocatellia,Pyrinomonadales,Pyrinomonadaceae,NA,NA
ASV951d298098a2,Bacteria,Actinomycetota,Actinobacteria,Mycobacteriales,Mycobacteriaceae,Mycobacterium,marinum
ASVa63c72194076,Bacteria,Actinomycetota,Actinobacteria,Micrococcales,Micrococcaceae,Pseudarthrobacter,NA
ASVafee5276e811,Bacteria,Pseudomonadota,Gammaproteobacteria,Lysobacterales,Rhodanobacteraceae,Rhodanobacter,lindaniclasticus
ASV6659990701c4,Bacteria,Gemmatimonadota,Gemmatimonadia,Gemmatimonadales,Gemmatimonadaceae,NA,NA
ASVa1ae0994a0dc,Bacteria,Acidobacteriota,Acidobacteriae,Bryobacterales,Bryobacteraceae,Bryobacter,NA
ASV6955e84f7e4a,Bacteria,Gemmatimonadota,Gemmatimonadia,Gemmatimonadales,Gemmatimonadaceae,NA,NA
ASVb696e88a5292,Bacteria,Pseudomonadota,Alphaproteobacteria,Sphingomonadales,Sphingomonadaceae,Sphingobium,herbicidovorans
ASV1e980088a7a9,Bacteria,Acidobacteriota,Acidobacteriae,Terriglobales,NA,NA,NA
ASVb3d16129ed0c,Bacteria,Chloroflexota,Ktedonobacteria,Ktedonobacterales,JG30-KF-AS9,NA,NA
ASVb02965b81c9e,Bacteria,Acidobacteriota,Acidobacteriae,Terriglobales,Acidobacteriaceae (Subgroup 1),NA,NA
ASVeaca53a39486,Bacteria,Gemmatimonadota,Gemmatimonadia,Gemmatimonadales,Gemmatimonadaceae,NA,NA
ASV70a67c46ef55,Bacteria,Pseudomonadota,Gammaproteobacteria,Burkholderiales,Oxalobacteraceae,Massilia,putida
ASV552fd172377a,Bacteria,Pseudomonadota,Gammaproteobacteria,Burkholderiales,Nitrosomonadaceae,Nitrosospira,NA
ASV32270ac33598,Bacteria,Bacillota,Bacilli,Bacillales,Planococcaceae,NA,NA
ASVe00725536e13,Bacteria,Pseudomonadota,Gammaproteobacteria,Lysobacterales,Rhodanobacteraceae,Chujaibacter,NA
ASV2c39e2be7fd8,Bacteria,Actinomycetota,Actinobacteria,Micrococcales,Micrococcaceae,NA,NA
ASV932dfb8efb75,Bacteria,Acidobacteriota,Acidobacteriae,Terriglobales,NA,NA,NA
ASVdaf001e6be15,Bacteria,Pseudomonadota,Alphaproteobacteria,Elsterales,NA,NA,NA
ASV81a6c5d1bc27,Bacteria,Pseudomonadota,Gammaproteobacteria,Burkholderiales,Alcaligenaceae,Castellaniella,defragrans
ASV19e014ac5dc2,Bacteria,Pseudomonadota,Gammaproteobacteria,Lysobacterales,Rhodanobacteraceae,Rhodanobacter,NA
ASVb2df9a6485b0,Bacteria,Pseudomonadota,Alphaproteobacteria,Sphingomonadales,Sphingomonadaceae,Sphingomonas,NA
ASV2f0c573515a9,Bacteria,Bacillota,Bacilli,Bacillales,NA,NA,NA
ASVec9c3142cdd4,Bacteria,Pseudomonadota,Gammaproteobacteria,Lysobacterales,Rhodanobacteraceae,Rhodanobacter,NA
ASV47dae317ce7a,Bacteria,Acidobacteriota,Acidobacteriae,Terriglobales,NA,NA,NA
ASVba3a8a659dcc,Bacteria,Acidobacteriota,Acidobacteriae,Terriglobales,NA,NA,NA
ASVd4293c0ece42,Bacteria,Pseudomonadota,Gammaproteobacteria,Lysobacterales,Rhodanobacteraceae,Rhodanobacter,NA
ASVc3033e2e2ae7,Bacteria,Actinomycetota,Actinobacteria,Frankiales,NA,NA,NA
ASV6e0be26edcb6,Bacteria,Actinomycetota,Actinobacteria,Micromonosporales,Micromonosporaceae,Rugosimonospora,NA
ASV1c67d03fd7cb,Bacteria,Pseudomonadota,Alphaproteobacteria,Caulobacterales,Caulobacteraceae,Phenylobacterium,NA
ASV8fc0ef1b3c59,Bacteria,Pseudomonadota,Gammaproteobacteria,Lysobacterales,Rhodanobacteraceae,Rhodanobacter,NA
ASV4714b8a86263,Bacteria,Pseudomonadota,Alphaproteobacteria,Hyphomicrobiales,Devosiaceae,NA,NA
ASV1cc51226a179,Bacteria,Acidobacteriota,Acidobacteriae,Bryobacterales,Bryobacteraceae,Bryobacter,NA
ASV5a23994def46,Bacteria,Acidobacteriota,Acidobacteriae,Bryobacterales,Bryobacteraceae,Bryobacter,NA
ASV6a34897517c2,Bacteria,Acidobacteriota,Blastocatellia,Pyrinomonadales,Pyrinomonadaceae,NA,NA
ASVafad677bb476,Bacteria,Pseudomonadota,Gammaproteobacteria,Lysobacterales,Rhodanobacteraceae,Rhodanobacter,NA
ASV346b6f4b7605,Bacteria,Pseudomonadota,Alphaproteobacteria,Acetobacterales,Acetobacteraceae,Acidicaldus,NA
ASV5b82d9774459,Bacteria,Pseudomonadota,Gammaproteobacteria,Lysobacterales,Rhodanobacteraceae,Rhodanobacter,NA
ASVda291a1c7b45,Bacteria,Pseudomonadota,Gammaproteobacteria,Lysobacterales,Rhodanobacteraceae,Rhodanobacter,NA
ASV83ec367272de,Bacteria,Gemmatimonadota,Gemmatimonadia,Gemmatimonadales,Gemmatimonadaceae,NA,NA
ASV9dab2ffc567b,Bacteria,Bacillota,Bacilli,Alicyclobacillales,Alicyclobacillaceae,Alicyclobacillus,NA
ASV3e7b208b5521,Bacteria,Pseudomonadota,Gammaproteobacteria,Lysobacterales,Rhodanobacteraceae,Rhodanobacter,NA
ASV55cbbd768c0c,Bacteria,Acidobacteriota,Acidobacteriae,Terriglobales,NA,NA,NA
ASV54f719e43035,Bacteria,Acidobacteriota,Acidobacteriae,Terriglobales,NA,NA,NA
ASVaf23328df387,Bacteria,Acidobacteriota,Acidobacteriae,Terriglobales,NA,NA,NA
ASV681f683786da,Bacteria,Chloroflexota,Ktedonobacteria,Ktedonobacterales,JG30-KF-AS9,NA,NA
ASV7f0307c631c7,Bacteria,Acidobacteriota,Vicinamibacteria,Vicinamibacterales,Vicinamibacteraceae,NA,NA
ASV7d85776e31ca,Bacteria,Chloroflexota,Ktedonobacteria,Ktedonobacterales,JG30-KF-AS9,NA,NA
ASVb8b3470a165d,Bacteria,Pseudomonadota,Gammaproteobacteria,Burkholderiales,SC-I-84,NA,NA
ASVa5d61eb3f179,Bacteria,Methylomirabilota,Methylomirabilia,Rokubacteriales,NA,NA,NA
ASV320c9b0404d8,Bacteria,Actinomycetota,Thermoleophilia,Gaiellales,NA,NA,NA
ASVe00988c26f43,Bacteria,Acidobacteriota,Acidobacteriae,Terriglobales,Koribacteraceae,Candidatus Koribacter,NA
ASVf8025e3120da,Bacteria,Chloroflexota,Ktedonobacteria,Ktedonobacterales,JG30-KF-AS9,NA,NA
ASVe5bbbc2610c2,Bacteria,Pseudomonadota,Alphaproteobacteria,Caulobacterales,Caulobacteraceae,Phenylobacterium,NA
ASV573a64e40474,Bacteria,Pseudomonadota,Gammaproteobacteria,Burkholderiales,Comamonadaceae,Ramlibacter,NA
ASV07eccaf5ae2c,Bacteria,Chloroflexota,Ktedonobacteria,Ktedonobacterales,JG30-KF-AS9,NA,NA
ASV51f454f34fd4,Bacteria,Pseudomonadota,Alphaproteobacteria,Sphingomonadales,Sphingomonadaceae,Sphingomonas,NA
ASV55e082acd20c,Bacteria,Acidobacteriota,Blastocatellia,Pyrinomonadales,Pyrinomonadaceae,NA,NA
ASV8980428dd137,Bacteria,Pseudomonadota,Gammaproteobacteria,Lysobacterales,Lysobacteraceae,Luteimonas,NA
ASVddd28901aa62,Bacteria,Gemmatimonadota,Gemmatimonadia,Gemmatimonadales,Gemmatimonadaceae,NA,NA
ASV1b9e79fd31fb,Bacteria,Acidobacteriota,Acidobacteriae,Terriglobales,NA,NA,NA
ASVf61f054d3e28,Bacteria,Acidobacteriota,Acidobacteriae,Terriglobales,NA,NA,NA
ASVa37d47d15802,Bacteria,Chloroflexota,Ktedonobacteria,Ktedonobacterales,JG30-KF-AS9,NA,NA
ASV05d13869c28d,Bacteria,Pseudomonadota,Gammaproteobacteria,Lysobacterales,Rhodanobacteraceae,Rhodanobacter,NA
ASVd5f1b8806a7e,Bacteria,Actinomycetota,Actinobacteria,Frankiales,Acidothermaceae,Acidothermus,NA
ASV6b7180a45620,Bacteria,Acidobacteriota,Acidobacteriae,Terriglobales,NA,NA,NA
ASV5a2826751bb2,Bacteria,Actinomycetota,Thermoleophilia,Gaiellales,NA,NA,NA
ASVfd6797af5f7c,Bacteria,Actinomycetota,Acidimicrobiia,Acidimicrobiales,Acidimicrobiaceae,Acidiferrimicrobium,NA
ASV094070a8c82b,Bacteria,Acidobacteriota,Blastocatellia,Pyrinomonadales,Pyrinomonadaceae,NA,NA
ASV27e83c849a88,Bacteria,Pseudomonadota,Alphaproteobacteria,Caulobacterales,Caulobacteraceae,Phenylobacterium,muchangponense
ASV35b057e9dfd9,Bacteria,Pseudomonadota,Gammaproteobacteria,Burkholderiales,Alcaligenaceae,Castellaniella,defragrans
ASV12218e01e9e3,Bacteria,Acidobacteriota,Acidobacteriae,Terriglobales,NA,NA,NA
ASVa84e07cc2207,Bacteria,Pseudomonadota,Alphaproteobacteria,Hyphomicrobiales,Xanthobacteraceae,Pseudolabrys,NA
ASV27daf12c6b5f,Bacteria,Pseudomonadota,Gammaproteobacteria,Burkholderiales,SC-I-84,NA,NA
ASV0cea82194b7b,Bacteria,Gemmatimonadota,Gemmatimonadia,Gemmatimonadales,Gemmatimonadaceae,NA,NA
ASV990212c22e0a,Bacteria,Pseudomonadota,Alphaproteobacteria,Acetobacterales,Acetobacteraceae,Acidicaldus,NA
ASVb38333dd17a0,Bacteria,Pseudomonadota,Gammaproteobacteria,Burkholderiales,Comamonadaceae,NA,NA
ASVff210798e320,Bacteria,Pseudomonadota,Gammaproteobacteria,Lysobacterales,Rhodanobacteraceae,Rhodanobacter,NA
ASVf0dd1ac54d94,Bacteria,Pseudomonadota,Gammaproteobacteria,Lysobacterales,Rhodanobacteraceae,Chujaibacter,NA
ASVb53918b72a72,Bacteria,Pseudomonadota,Gammaproteobacteria,Burkholderiales,Alcaligenaceae,Castellaniella,defragrans
ASVc219fbfb177f,Bacteria,Pseudomonadota,Gammaproteobacteria,Lysobacterales,Rhodanobacteraceae,Rhodanobacter,NA
ASVcf1bd6776d79,Bacteria,Gemmatimonadota,Gemmatimonadia,Gemmatimonadales,Gemmatimonadaceae,NA,NA
ASV381db893b238,Bacteria,Pseudomonadota,Gammaproteobacteria,Burkholderiales,Alcaligenaceae,Castellaniella,defragrans
ASVbf07e7a90e70,Bacteria,Pseudomonadota,Gammaproteobacteria,Burkholderiales,Comamonadaceae,Ramlibacter,NA
ASVcf9efd1990ae,Bacteria,Actinomycetota,Thermoleophilia,Gaiellales,NA,NA,NA
ASVcfde353e870e,Bacteria,Actinomycetota,Actinobacteria,Micrococcales,Micrococcaceae,NA,NA
ASV2ff354c6c0da,Bacteria,Pseudomonadota,Gammaproteobacteria,Lysobacterales,Lysobacteraceae,Luteimonas,NA
ASVfa5048e247b4,Bacteria,Pseudomonadota,Gammaproteobacteria,Lysobacterales,Lysobacteraceae,Luteimonas,NA
ASVdf42851ae027,Bacteria,Pseudomonadota,Gammaproteobacteria,Lysobacterales,Rhodanobacteraceae,Rhodanobacter,NA
ASV8d857801fd36,Bacteria,Chloroflexota,Ktedonobacteria,Ktedonobacterales,JG30-KF-AS9,NA,NA
ASVfbf6076ad286,Bacteria,Acidobacteriota,Vicinamibacteria,Vicinamibacterales,Vicinamibacteraceae,NA,NA
ASV1a9b7164a01a,Bacteria,Pseudomonadota,Gammaproteobacteria,Lysobacterales,Rhodanobacteraceae,Rhodanobacter,NA
ASV35b5c03864d8,Bacteria,Acidobacteriota,Acidobacteriae,Terriglobales,NA,NA,NA
ASV3d78f3d52213,Bacteria,Actinomycetota,Thermoleophilia,Gaiellales,NA,NA,NA
ASV1f0c8ec4d847,Bacteria,Acidobacteriota,Acidobacteriae,Bryobacterales,Bryobacteraceae,Bryobacter,NA
ASVea748b218155,Bacteria,Acidobacteriota,Blastocatellia,Pyrinomonadales,Pyrinomonadaceae,NA,NA
ASV00380f1ad7cf,Bacteria,Acidobacteriota,Acidobacteriae,Terriglobales,NA,NA,NA
ASVfc25da22de7f,Bacteria,Acidobacteriota,Acidobacteriae,Terriglobales,Koribacteraceae,Candidatus Koribacter,NA
ASVa8adf297932a,Bacteria,Gemmatimonadota,Gemmatimonadia,Gemmatimonadales,Gemmatimonadaceae,NA,NA
ASVea2d383afcae,Bacteria,Pseudomonadota,Gammaproteobacteria,Lysobacterales,Rhodanobacteraceae,Mizugakiibacter,NA
ASV468405cbe54c,Bacteria,NA,NA,NA,NA,NA,NA
ASV3d4856a1f184,Bacteria,Pseudomonadota,Gammaproteobacteria,Lysobacterales,Rhodanobacteraceae,Rhodanobacter,NA
ASV2d0bae9b72f9,Bacteria,Chloroflexota,Ktedonobacteria,Ktedonobacterales,JG30-KF-AS9,NA,NA
ASV5aaea398cb92,Bacteria,Pseudomonadota,Gammaproteobacteria,Burkholderiales,Burkholderiaceae,Burkholderia-Caballeronia-Paraburkholderia,NA
ASV246c677a012b,Bacteria,Acidobacteriota,Acidobacteriae,Terriglobales,Acidobacteriaceae (Subgroup 1),Terracidiphilus,NA
ASV9e1424d34d8a,Bacteria,Actinomycetota,Actinobacteria,Kitasatosporales,Streptomycetaceae,NA,NA
ASV448f1b81ab0a,Bacteria,Actinomycetota,Thermoleophilia,Gaiellales,NA,NA,NA
ASVacf2a10a0aa6,Bacteria,Pseudomonadota,Gammaproteobacteria,Burkholderiales,SC-I-84,NA,NA
ASV794c8a1d4e21,Bacteria,Bacteroidota,Bacteroidia,Chitinophagales,Chitinophagaceae,NA,NA
ASV419cda710671,Bacteria,Acidobacteriota,Acidobacteriae,Terriglobales,NA,NA,NA
ASV3eadca4f6596,Bacteria,Actinomycetota,Actinobacteria,Frankiales,Geodermatophilaceae,Geodermatophilus,NA
ASV74c5b6a8d428,Bacteria,Pseudomonadota,Gammaproteobacteria,Burkholderiales,Alcaligenaceae,Castellaniella,defragrans
ASV4cf3ade3d960,Bacteria,Gemmatimonadota,Gemmatimonadia,Gemmatimonadales,Gemmatimonadaceae,NA,NA
ASV95750432978a,Bacteria,Pseudomonadota,Gammaproteobacteria,Burkholderiales,Oxalobacteraceae,Massilia,putida
ASV2e11fadfcc70,Bacteria,Pseudomonadota,Gammaproteobacteria,Burkholderiales,Alcaligenaceae,Castellaniella,NA
ASVd203a1e99841,Bacteria,Pseudomonadota,Gammaproteobacteria,Burkholderiales,Alcaligenaceae,Castellaniella,defragrans
ASV49cf9e52af35,Bacteria,Pseudomonadota,Alphaproteobacteria,Hyphomicrobiales,Xanthobacteraceae,Bradyrhizobium,NA
ASVace44aa1d619,Bacteria,Pseudomonadota,Gammaproteobacteria,Burkholderiales,Alcaligenaceae,Castellaniella,defragrans
ASV8d74e6995e67,Bacteria,Acidobacteriota,Acidobacteriae,Terriglobales,NA,NA,NA
ASV08b368f74414,Bacteria,Pseudomonadota,Gammaproteobacteria,Lysobacterales,Lysobacteraceae,Luteimonas,NA
ASV98c35d611e3e,Bacteria,Pseudomonadota,Gammaproteobacteria,Lysobacterales,Rhodanobacteraceae,Rhodanobacter,NA
ASV06dff1a2afdc,Bacteria,Pseudomonadota,Gammaproteobacteria,Lysobacterales,Rhodanobacteraceae,Rhodanobacter,NA
ASV810115bb317c,Bacteria,Pseudomonadota,Gammaproteobacteria,Burkholderiales,Burkholderiaceae,Ralstonia,pickettii
ASV26d8d33a5f40,Bacteria,Pseudomonadota,Alphaproteobacteria,Sphingomonadales,Sphingomonadaceae,Sphingomonas,NA
ASVf51258789866,Bacteria,Pseudomonadota,Gammaproteobacteria,Lysobacterales,Lysobacteraceae,Luteimonas,NA
ASVf0bedad771c9,Bacteria,Pseudomonadota,Gammaproteobacteria,Lysobacterales,Lysobacteraceae,Luteimonas,NA
ASV3d1d1f066881,Bacteria,Acidobacteriota,Acidobacteriae,Terriglobales,NA,NA,NA
ASVac19a4fcfc4f,Bacteria,Pseudomonadota,Gammaproteobacteria,Lysobacterales,Rhodanobacteraceae,Frateuria,terrea
ASVa31d0957c429,Bacteria,Acidobacteriota,Acidobacteriae,Bryobacterales,Bryobacteraceae,Bryobacter,NA
ASV6e22abc4e85a,Bacteria,Pseudomonadota,Alphaproteobacteria,Acetobacterales,Acetobacteraceae,Acidicaldus,NA
ASV45a62f69557d,Bacteria,Bacillota,Bacilli,Paenibacillales,Paenibacillaceae,Ammoniphilus,NA
ASV836961f496df,Bacteria,Pseudomonadota,Gammaproteobacteria,Burkholderiales,Burkholderiaceae,Burkholderia-Caballeronia-Paraburkholderia,insecticola
ASVa7b916902440,Bacteria,Pseudomonadota,Gammaproteobacteria,Lysobacterales,Rhodanobacteraceae,Rhodanobacter,NA
ASV449659413124,Bacteria,Pseudomonadota,Gammaproteobacteria,Burkholderiales,Burkholderiaceae,Burkholderia-Caballeronia-Paraburkholderia,NA
ASVcc0aebf44e04,Bacteria,Acidobacteriota,Acidobacteriae,Bryobacterales,Bryobacteraceae,Bryobacter,NA
ASVcd561e5d29fe,Bacteria,Pseudomonadota,Gammaproteobacteria,Lysobacterales,Rhodanobacteraceae,Rhodanobacter,NA
ASV2f1e4245992a,Bacteria,Actinomycetota,Thermoleophilia,Gaiellales,NA,NA,NA
ASV635ea1102398,Bacteria,Pseudomonadota,Gammaproteobacteria,Burkholderiales,Comamonadaceae,NA,NA
ASV8f470ead48ef,Bacteria,Acidobacteriota,Acidobacteriae,Terriglobales,NA,NA,NA
ASV1cfefc298d4e,Bacteria,Pseudomonadota,Gammaproteobacteria,Burkholderiales,Oxalobacteraceae,Massilia,putida
ASV5018b43b868d,Bacteria,Acidobacteriota,Blastocatellia,Pyrinomonadales,Pyrinomonadaceae,NA,NA
ASV931070424023,Bacteria,Bacillota,Bacilli,Alicyclobacillales,Alicyclobacillaceae,Alicyclobacillus,NA
ASV8bddfdeeaec3,Bacteria,Pseudomonadota,Gammaproteobacteria,Lysobacterales,Rhodanobacteraceae,Rhodanobacter,NA
ASVfc3b48b5182c,Bacteria,Pseudomonadota,Gammaproteobacteria,Gammaproteobacteria Incertae Sedis,Unknown Family,Acidibacter,NA
ASVd88c7c33b15f,Bacteria,Pseudomonadota,Gammaproteobacteria,Burkholderiales,SC-I-84,NA,NA
ASV61f598b812da,Bacteria,Actinomycetota,Thermoleophilia,Solirubrobacterales,67-14,NA,NA
ASVee1f01af071d,Bacteria,Pseudomonadota,Gammaproteobacteria,Lysobacterales,Lysobacteraceae,Luteimonas,NA
ASV167a20a55019,Bacteria,Pseudomonadota,Gammaproteobacteria,Burkholderiales,Alcaligenaceae,Castellaniella,defragrans
ASV73e6acb7fe51,Bacteria,Pseudomonadota,Gammaproteobacteria,Burkholderiales,Alcaligenaceae,Castellaniella,defragrans
ASV5db2a97d7827,Bacteria,Pseudomonadota,Alphaproteobacteria,Sphingomonadales,Sphingomonadaceae,Sphingomonas,NA
ASV4c2d7eaf6eb8,Bacteria,Pseudomonadota,Gammaproteobacteria,Lysobacterales,Rhodanobacteraceae,Chujaibacter,NA
ASV38cd546cb307,Bacteria,Pseudomonadota,Gammaproteobacteria,Lysobacterales,Rhodanobacteraceae,Rhodanobacter,NA
ASV8e88b8861983,Bacteria,Actinomycetota,Thermoleophilia,Gaiellales,NA,NA,NA
ASVdcc1d36de73d,Bacteria,Pseudomonadota,Gammaproteobacteria,Burkholderiales,SC-I-84,NA,NA
ASVa9105eb736e5,Bacteria,Gemmatimonadota,Gemmatimonadia,Gemmatimonadales,Gemmatimonadaceae,NA,NA
ASVa954c7355667,Bacteria,Pseudomonadota,Gammaproteobacteria,Burkholderiales,Burkholderiaceae,Ralstonia,pickettii
ASV3d24c701f9bc,Bacteria,Chloroflexota,Ktedonobacteria,Ktedonobacterales,JG30-KF-AS9,NA,NA
ASV14640561a3fc,Bacteria,Pseudomonadota,Alphaproteobacteria,Hyphomicrobiales,Devosiaceae,Devosia,NA
ASVd36b2bb2ad82,Bacteria,Pseudomonadota,Gammaproteobacteria,Lysobacterales,Lysobacteraceae,Luteimonas,NA
ASV4f725f15dfca,Bacteria,Chloroflexota,Ktedonobacteria,Ktedonobacterales,JG30-KF-AS9,NA,NA
ASVed0a96e085ed,Bacteria,Acidobacteriota,Acidobacteriae,Terriglobales,NA,NA,NA
ASV1a98cb06d5c1,Bacteria,Actinomycetota,Thermoleophilia,Solirubrobacterales,Solirubrobacteraceae,Conexibacter,NA
ASVc5ddc8fb22e6,Bacteria,Nitrospirota,Nitrospiria,Nitrospirales,Nitrospiraceae,Nitrospira,NA
ASVdabb0897ab3f,Bacteria,Bacillota,Bacilli,Alicyclobacillales,Alicyclobacillaceae,Alicyclobacillus,NA
ASV0f4219f3556e,Bacteria,Actinomycetota,Thermoleophilia,Gaiellales,NA,NA,NA
ASVa45e9a79f8b2,Bacteria,Acidobacteriota,Acidobacteriae,Bryobacterales,Bryobacteraceae,Bryobacter,NA
ASV5f3b5ab64184,Bacteria,Pseudomonadota,Gammaproteobacteria,Burkholderiales,Nitrosomonadaceae,Ellin6067,NA
ASVfbc5672cd348,Bacteria,Pseudomonadota,Alphaproteobacteria,Elsterales,NA,NA,NA
ASVddde15c5c5ca,Bacteria,Actinomycetota,MB-A2-108,NA,NA,NA,NA
ASVfdcc36248188,Bacteria,Pseudomonadota,Gammaproteobacteria,Lysobacterales,Rhodanobacteraceae,Rhodanobacter,NA
ASVef6021519fd4,Bacteria,Acidobacteriota,Acidobacteriae,Terriglobales,NA,NA,NA
ASV42a9520c230f,Bacteria,Gemmatimonadota,Gemmatimonadia,Gemmatimonadales,Gemmatimonadaceae,NA,NA
ASV1d648fa6a4b8,Bacteria,Pseudomonadota,Gammaproteobacteria,Burkholderiales,Oxalobacteraceae,Massilia,putida
ASV4c2bfa5fdb00,Bacteria,Pseudomonadota,Gammaproteobacteria,Burkholderiales,Comamonadaceae,Ramlibacter,NA
ASVc497afbecdd4,Bacteria,Pseudomonadota,Alphaproteobacteria,Sphingomonadales,Sphingomonadaceae,Sphingomonas,NA
ASVabe88fb33cf7,Bacteria,Methylomirabilota,Methylomirabilia,Rokubacteriales,NA,NA,NA
ASV54fa5ea024e2,Bacteria,Gemmatimonadota,Gemmatimonadia,Gemmatimonadales,Gemmatimonadaceae,NA,NA
ASVfeb9b21ea47a,Bacteria,Gemmatimonadota,Gemmatimonadia,Gemmatimonadales,Gemmatimonadaceae,NA,NA
ASV06815894d0db,Bacteria,Acidobacteriota,Acidobacteriae,Terriglobales,NA,NA,NA
ASV066a1540fa62,Bacteria,Acidobacteriota,Acidobacteriae,Terriglobales,NA,NA,NA
ASVd8eb0b5343fe,Bacteria,Pseudomonadota,Alphaproteobacteria,Caulobacterales,Caulobacteraceae,Phenylobacterium,NA
ASV49960f34a724,Bacteria,NA,NA,NA,NA,NA,NA
ASVb46b808cf3dd,Bacteria,Pseudomonadota,Gammaproteobacteria,Lysobacterales,Rhodanobacteraceae,Rhodanobacter,fulvus
ASV94db8a2ef25b,Bacteria,Acidobacteriota,Acidobacteriae,Terriglobales,Acidobacteriaceae (Subgroup 1),Terracidiphilus,NA
ASVd407edbd406e,Bacteria,Pseudomonadota,Gammaproteobacteria,Lysobacterales,Lysobacteraceae,NA,NA
ASVa9ca940e9cad,Bacteria,Pseudomonadota,Gammaproteobacteria,Burkholderiales,Alcaligenaceae,Castellaniella,defragrans
ASV1c034daade59,Bacteria,Pseudomonadota,Gammaproteobacteria,Burkholderiales,Alcaligenaceae,Castellaniella,defragrans
ASV5b9efb3275d8,Bacteria,Acidobacteriota,Acidobacteriae,Terriglobales,Koribacteraceae,Candidatus Koribacter,NA
ASVdb68a58c46e2,Bacteria,Pseudomonadota,Alphaproteobacteria,Sphingomonadales,Sphingomonadaceae,Sphingomonas,NA
ASV611f2defaf50,Bacteria,Pseudomonadota,Gammaproteobacteria,Burkholderiales,Comamonadaceae,Ramlibacter,NA
ASV9db978ffbf54,Bacteria,Pseudomonadota,Gammaproteobacteria,Burkholderiales,Alcaligenaceae,Castellaniella,defragrans
ASVcfec36b35a93,Bacteria,Acidobacteriota,Acidobacteriae,Terriglobales,NA,NA,NA
ASV7a35d2a7371e,Bacteria,Acidobacteriota,Acidobacteriae,Terriglobales,NA,NA,NA
ASV480335d3ec31,Bacteria,Actinomycetota,Thermoleophilia,Gaiellales,NA,NA,NA
ASV402af288c84c,Bacteria,Acidobacteriota,Acidobacteriae,Terriglobales,NA,NA,NA
ASVdcf91377476b,Bacteria,Actinomycetota,Actinobacteria,Micrococcales,Micrococcaceae,Pseudarthrobacter,NA
ASVd832400c3f67,Bacteria,Pseudomonadota,Alphaproteobacteria,Acetobacterales,Acetobacteraceae,Acidicaldus,NA
ASVde80cf21b570,Bacteria,Pseudomonadota,Gammaproteobacteria,Lysobacterales,Rhodanobacteraceae,Rhodanobacter,NA
ASV16377d6f4b31,Bacteria,Pseudomonadota,Gammaproteobacteria,Burkholderiales,Oxalobacteraceae,Massilia,putida
ASVbaf50c8d5736,Bacteria,Pseudomonadota,Gammaproteobacteria,Lysobacterales,Rhodanobacteraceae,Rhodanobacter,NA
ASV5b823bc05090,Bacteria,Acidobacteriota,Acidobacteriae,Terriglobales,NA,NA,NA
ASV4987c38cf59b,Bacteria,Acidobacteriota,Blastocatellia,Pyrinomonadales,Pyrinomonadaceae,NA,NA
ASV42d5f9d0960b,Bacteria,Acidobacteriota,Blastocatellia,Pyrinomonadales,Pyrinomonadaceae,NA,NA
ASVc82d4373adf1,Bacteria,Pseudomonadota,Gammaproteobacteria,Lysobacterales,Rhodanobacteraceae,Rhodanobacter,NA
ASV1c1fa6c65c07,Bacteria,Candidatus Eremiobacterota,Eremiobacteria,NA,NA,NA,NA
ASVbb649a0ac5fc,Bacteria,Pseudomonadota,Gammaproteobacteria,Lysobacterales,Rhodanobacteraceae,Chujaibacter,NA
ASV71e20d638e34,Bacteria,Acidobacteriota,Acidobacteriae,Terriglobales,Acidobacteriaceae (Subgroup 1),NA,NA
ASV3cd5d7f30a37,Bacteria,Pseudomonadota,Gammaproteobacteria,Burkholderiales,SC-I-84,NA,NA
ASVd877fbec8061,Bacteria,Chloroflexota,KD4-96,NA,NA,NA,NA
ASV06510df6a5c2,Bacteria,Pseudomonadota,Gammaproteobacteria,Lysobacterales,Lysobacteraceae,Luteimonas,NA
ASV1825579c8869,Bacteria,Acidobacteriota,Acidobacteriae,Terriglobales,NA,NA,NA
ASV5d9cad287d77,Bacteria,Planctomycetota,Planctomycetes,Isosphaerales,Isosphaeraceae,Tautonia,NA
ASV192c83adbe2e,Bacteria,Acidobacteriota,Blastocatellia,Pyrinomonadales,Pyrinomonadaceae,NA,NA
ASVc931bb02f620,Bacteria,Pseudomonadota,Gammaproteobacteria,Lysobacterales,Lysobacteraceae,Thermomonas,NA
ASV7308dd8b9c17,Bacteria,Acidobacteriota,Acidobacteriae,Terriglobales,NA,NA,NA
ASV4c437f7b27ad,Bacteria,Pseudomonadota,Gammaproteobacteria,Burkholderiales,Alcaligenaceae,Castellaniella,defragrans
ASV64b51ca0fa33,Bacteria,Acidobacteriota,Acidobacteriae,Terriglobales,NA,NA,NA
ASVe76faa8e8ffe,Bacteria,Acidobacteriota,Acidobacteriae,Bryobacterales,Bryobacteraceae,Bryobacter,NA
ASV582d922cce67,Bacteria,Pseudomonadota,Gammaproteobacteria,Lysobacterales,Rhodanobacteraceae,Rhodanobacter,NA
ASV75942c88204d,Bacteria,Pseudomonadota,Gammaproteobacteria,Burkholderiales,Comamonadaceae,NA,NA
ASV60a3a333f506,Bacteria,Acidobacteriota,Acidobacteriae,Terriglobales,NA,NA,NA
ASVac3664f5f92d,Bacteria,Pseudomonadota,Alphaproteobacteria,Acetobacterales,Acetobacteraceae,Acidicaldus,NA
ASVafbcf64c0838,Bacteria,Pseudomonadota,Gammaproteobacteria,Burkholderiales,Nitrosomonadaceae,Nitrosospira,NA
ASV22ec7167d837,Bacteria,Bacillota,Limnochordia,MBA03,NA,NA,NA
ASV033ab9cb8f08,Bacteria,Acidobacteriota,Acidobacteriae,Terriglobales,NA,NA,NA
ASV45cd0e044c3f,Bacteria,Chloroflexota,Ktedonobacteria,Ktedonobacterales,JG30-KF-AS9,NA,NA
ASVb46618b61e3c,Bacteria,Pseudomonadota,Gammaproteobacteria,Burkholderiales,Comamonadaceae,Ramlibacter,NA
ASV9149493927ec,Bacteria,Gemmatimonadota,Gemmatimonadia,Gemmatimonadales,Gemmatimonadaceae,NA,NA
ASV3aa8fe68934d,Bacteria,Actinomycetota,Acidimicrobiia,Microtrichales,Ilumatobacteraceae,CL500-29 marine group,NA
ASVe38e7ecb5775,Bacteria,Actinomycetota,MB-A2-108,NA,NA,NA,NA
ASV2a29d7bd7300,Bacteria,Acidobacteriota,Blastocatellia,Pyrinomonadales,Pyrinomonadaceae,NA,NA
ASV98ee28a4cfb4,Bacteria,Pseudomonadota,Alphaproteobacteria,Sphingomonadales,Sphingomonadaceae,NA,NA
ASVd1b84fb18ced,Bacteria,Bacillota,Bacilli,Alicyclobacillales,Alicyclobacillaceae,Alicyclobacillus,NA
ASV079665f451b0,Bacteria,Gemmatimonadota,Gemmatimonadia,Gemmatimonadales,Gemmatimonadaceae,NA,NA
ASVf44e95dcbb6b,Bacteria,Pseudomonadota,Gammaproteobacteria,Lysobacterales,Lysobacteraceae,Luteimonas,NA
ASV4017ea42b811,Bacteria,Pseudomonadota,Gammaproteobacteria,Burkholderiales,Comamonadaceae,Ramlibacter,NA
ASVa066466fddca,Bacteria,Pseudomonadota,Gammaproteobacteria,Lysobacterales,Rhodanobacteraceae,Rhodanobacter,NA
ASVd74bc94c43ba,Bacteria,Acidobacteriota,Acidobacteriae,Bryobacterales,Bryobacteraceae,Bryobacter,NA
ASV04dfdc7ad304,Bacteria,Pseudomonadota,Gammaproteobacteria,Burkholderiales,SC-I-84,NA,NA
ASV92e9b2f587d5,Bacteria,Pseudomonadota,Alphaproteobacteria,Acetobacterales,Acetobacteraceae,Acidicaldus,NA
ASVe06eb8f38337,Bacteria,Acidobacteriota,Acidobacteriae,Terriglobales,NA,NA,NA
ASVbd506148a691,Bacteria,Gemmatimonadota,Gemmatimonadia,Gemmatimonadales,Gemmatimonadaceae,Gemmatimonas,NA
ASVba1af5d20c18,Bacteria,Pseudomonadota,Alphaproteobacteria,Hyphomicrobiales,Devosiaceae,NA,NA
ASVd5e5288f2697,Bacteria,Acidobacteriota,Acidobacteriae,Terriglobales,Koribacteraceae,Candidatus Koribacter,NA
ASVed0d19aec2bb,Bacteria,Pseudomonadota,Gammaproteobacteria,Burkholderiales,Burkholderiaceae,Burkholderia-Caballeronia-Paraburkholderia,NA
ASVa12045b92f14,Bacteria,Pseudomonadota,Gammaproteobacteria,Burkholderiales,Burkholderiaceae,Burkholderia-Caballeronia-Paraburkholderia,NA
ASV7f00ce4b113c,Bacteria,Pseudomonadota,Gammaproteobacteria,Burkholderiales,Comamonadaceae,NA,NA
ASV99dbb7151c84,Bacteria,Acidobacteriota,Acidobacteriae,Solibacterales,Solibacteraceae,Candidatus Solibacter,NA
ASVcd9ae286a54e,Bacteria,Acidobacteriota,Acidobacteriae,Terriglobales,Acidobacteriaceae (Subgroup 1),Terracidiphilus,NA
ASV61dd247855a6,Bacteria,Actinomycetota,Actinobacteria,Micrococcales,Microbacteriaceae,NA,NA
ASV29d4271d7826,Bacteria,Acidobacteriota,Blastocatellia,Pyrinomonadales,Pyrinomonadaceae,NA,NA
ASV932a13c735ef,Bacteria,Gemmatimonadota,Gemmatimonadia,Gemmatimonadales,Gemmatimonadaceae,NA,NA
ASVe9a6f59e59fe,Bacteria,Pseudomonadota,Gammaproteobacteria,Burkholderiales,Alcaligenaceae,Castellaniella,NA
ASVce3978caa6b7,Bacteria,Pseudomonadota,Gammaproteobacteria,Lysobacterales,Rhodanobacteraceae,Rhodanobacter,NA
ASVed552d8df575,Bacteria,Pseudomonadota,Alphaproteobacteria,Sphingomonadales,Sphingomonadaceae,Sphingomonas,NA
ASVceaf2de29146,Bacteria,Acidobacteriota,Blastocatellia,Pyrinomonadales,Pyrinomonadaceae,NA,NA
ASV69605eb38a2e,Bacteria,Pseudomonadota,Gammaproteobacteria,Burkholderiales,Comamonadaceae,Ramlibacter,NA
ASV6cd1b899f943,Bacteria,Pseudomonadota,Gammaproteobacteria,Lysobacterales,Lysobacteraceae,Luteimonas,NA
ASV058c74505a3d,Bacteria,Acidobacteriota,Acidobacteriae,Terriglobales,Acidobacteriaceae (Subgroup 1),NA,NA
ASVff9dd6262ce4,Bacteria,Pseudomonadota,Gammaproteobacteria,Lysobacterales,Rhodanobacteraceae,Rhodanobacter,NA
ASV41a64bb3d5ee,Bacteria,Pseudomonadota,Gammaproteobacteria,Burkholderiales,Alcaligenaceae,Castellaniella,defragrans
ASV8131208ba2d0,Bacteria,Pseudomonadota,Gammaproteobacteria,Lysobacterales,Lysobacteraceae,Thermomonas,NA
ASV77e1a1802a7d,Bacteria,Actinomycetota,Actinobacteria,Frankiales,Acidothermaceae,Acidothermus,NA
ASV0415c3b6bc15,Bacteria,Gemmatimonadota,Gemmatimonadia,Gemmatimonadales,Gemmatimonadaceae,NA,NA
ASVcba07ccb21af,Bacteria,Pseudomonadota,Alphaproteobacteria,Sphingomonadales,Sphingomonadaceae,Erythrobacter,NA
ASV4d5ccaa57563,Bacteria,Pseudomonadota,Gammaproteobacteria,Burkholderiales,Comamonadaceae,Ramlibacter,NA
ASV57c546915a31,Bacteria,Actinomycetota,MB-A2-108,NA,NA,NA,NA
ASV4c0c05f3fc8b,Bacteria,Pseudomonadota,Gammaproteobacteria,Lysobacterales,Rhodanobacteraceae,Rhodanobacter,NA
ASV4f252c3cfae4,Bacteria,Pseudomonadota,Alphaproteobacteria,Micropepsales,Micropepsaceae,NA,NA
ASVce0649f5b661,Bacteria,Pseudomonadota,Gammaproteobacteria,Burkholderiales,SC-I-84,NA,NA
ASV18da2c2d7aca,Bacteria,Pseudomonadota,Gammaproteobacteria,Burkholderiales,SC-I-84,NA,NA
ASV1b2bc78b4416,Bacteria,Acidobacteriota,Blastocatellia,Pyrinomonadales,Pyrinomonadaceae,NA,NA
ASVc2be92e7a7c7,Bacteria,Pseudomonadota,Alphaproteobacteria,Acetobacterales,Acetobacteraceae,Acidicaldus,NA
ASV3eade94f48be,Bacteria,Pseudomonadota,Gammaproteobacteria,Lysobacterales,Rhodanobacteraceae,Rhodanobacter,thiooxydans
ASV1ec5b6cb84aa,Bacteria,Acidobacteriota,Acidobacteriae,Terriglobales,NA,NA,NA
ASV072f54a8e588,Bacteria,Pseudomonadota,Alphaproteobacteria,Sphingomonadales,Sphingomonadaceae,Sphingomonas,NA
ASV4be064ea1f58,Bacteria,Actinomycetota,Acidimicrobiia,Acidimicrobiales,Acidimicrobiaceae,NA,NA
ASVcd06de51462e,Bacteria,Gemmatimonadota,Gemmatimonadia,Gemmatimonadales,Gemmatimonadaceae,Gemmatimonas,NA
ASVffefd27be5c9,Bacteria,Bacteroidota,Bacteroidia,Chitinophagales,Chitinophagaceae,NA,NA
ASV2c1f77dc0442,Bacteria,Pseudomonadota,Gammaproteobacteria,Lysobacterales,Rhodanobacteraceae,Chujaibacter,NA
ASVa2404ccb0c98,Bacteria,Pseudomonadota,Gammaproteobacteria,Lysobacterales,Rhodanobacteraceae,Rhodanobacter,NA
ASV552028614f1e,Bacteria,Pseudomonadota,Gammaproteobacteria,Burkholderiales,Alcaligenaceae,Castellaniella,defragrans
ASV0ed18d937929,Bacteria,Pseudomonadota,Alphaproteobacteria,Caulobacterales,Caulobacteraceae,Phenylobacterium,muchangponense
ASV8cabda6594e7,Bacteria,Actinomycetota,Actinobacteria,Frankiales,Acidothermaceae,Acidothermus,NA
ASVbabf58f51e1a,Bacteria,Pseudomonadota,Gammaproteobacteria,Burkholderiales,SC-I-84,NA,NA
ASVad6283f94da1,Bacteria,Actinomycetota,Thermoleophilia,Gaiellales,NA,NA,NA
ASV751bc1aa7a67,Bacteria,Actinomycetota,Actinobacteria,Micrococcales,Microbacteriaceae,NA,NA
ASV6ad30fdcc079,Bacteria,Pseudomonadota,Gammaproteobacteria,Lysobacterales,Rhodanobacteraceae,Rhodanobacter,NA
ASVb6df16d6bf2b,Bacteria,Gemmatimonadota,Gemmatimonadia,Gemmatimonadales,Gemmatimonadaceae,NA,NA
ASVdd83f5e36d0c,Bacteria,Acidobacteriota,Vicinamibacteria,Vicinamibacterales,Vicinamibacteraceae,NA,NA
ASVa05d030a96b7,Bacteria,Pseudomonadota,Gammaproteobacteria,Burkholderiales,Comamonadaceae,NA,NA
ASV5f24fd004157,Bacteria,Pseudomonadota,Gammaproteobacteria,Lysobacterales,Rhodanobacteraceae,Rhodanobacter,NA
ASV4fa9ed4fb4e3,Bacteria,Chloroflexota,Chloroflexia,Thermomicrobiales,JG30-KF-CM45,NA,NA
ASV0119cc4a6170,Bacteria,Pseudomonadota,Alphaproteobacteria,Acetobacterales,Acetobacteraceae,Acidicaldus,NA
ASV593540bf6bcf,Bacteria,Pseudomonadota,Gammaproteobacteria,Lysobacterales,Rhodanobacteraceae,Rhodanobacter,NA
ASVad6e2b9653fa,Bacteria,Pseudomonadota,Gammaproteobacteria,Lysobacterales,Rhodanobacteraceae,Rhodanobacter,NA
ASV88012d5062bb,Bacteria,Pseudomonadota,Gammaproteobacteria,Lysobacterales,Rhodanobacteraceae,Rhodanobacter,NA
ASV4972bbb60335,Bacteria,Acidobacteriota,Acidobacteriae,Bryobacterales,Bryobacteraceae,Bryobacter,NA
ASV70d7b4b14adf,Bacteria,Pseudomonadota,Alphaproteobacteria,Sphingomonadales,Sphingomonadaceae,Sphingomonas,NA
ASVebcfcf7a816c,Bacteria,Myxococcota,Polyangiia,Haliangiales,Haliangiaceae,NA,NA
ASV66ddb17345fd,Bacteria,Chloroflexota,Ktedonobacteria,Ktedonobacterales,Ktedonobacteraceae,NA,NA
ASVca5f84330f2a,Bacteria,Pseudomonadota,Gammaproteobacteria,Lysobacterales,Lysobacteraceae,Luteimonas,NA
ASV34c4c6a0128e,Bacteria,Pseudomonadota,Gammaproteobacteria,Lysobacterales,Lysobacteraceae,Luteimonas,NA
ASVdead0a67220c,Bacteria,Pseudomonadota,Gammaproteobacteria,Lysobacterales,Lysobacteraceae,Luteimonas,NA
ASVea6e0ff09d9a,Bacteria,Acidobacteriota,Acidobacteriae,Terriglobales,NA,NA,NA
ASV5321ca66d810,Bacteria,Pseudomonadota,Gammaproteobacteria,Burkholderiales,Burkholderiaceae,Burkholderia-Caballeronia-Paraburkholderia,NA
ASV780c88da8c0a,Bacteria,Gemmatimonadota,Gemmatimonadia,Gemmatimonadales,Gemmatimonadaceae,NA,NA
ASV9c55624d462a,Bacteria,Pseudomonadota,Gammaproteobacteria,Burkholderiales,Oxalobacteraceae,Massilia,putida
ASVefedfe8f116a,Bacteria,Gemmatimonadota,Gemmatimonadia,Gemmatimonadales,Gemmatimonadaceae,NA,NA
ASV463f67d5ab0c,Bacteria,Acidobacteriota,Acidobacteriae,Terriglobales,NA,NA,NA
ASVcd12dde534e1,Bacteria,Acidobacteriota,Acidobacteriae,Terriglobales,NA,NA,NA
ASVcd72cb7924eb,Bacteria,Actinomycetota,Actinobacteria,Catenulisporales,Actinospicaceae,Actinospica,NA
ASVd4bd4d4e98a3,Bacteria,Pseudomonadota,Gammaproteobacteria,Burkholderiales,Alcaligenaceae,Bordetella,NA
ASVb88916e2a380,Bacteria,Actinomycetota,Actinobacteria,Frankiales,Acidothermaceae,Acidothermus,NA
ASVde6aa8b707a9,Bacteria,Pseudomonadota,Gammaproteobacteria,Lysobacterales,Rhodanobacteraceae,Rhodanobacter,thiooxydans
ASV6d484fb44a51,Bacteria,Acidobacteriota,Vicinamibacteria,Subgroup 17,NA,NA,NA
ASV0965a4a79cc4,Bacteria,Acidobacteriota,Blastocatellia,Pyrinomonadales,Pyrinomonadaceae,NA,NA
ASVfe06fe6696d8,Bacteria,Actinomycetota,Actinobacteria,Frankiales,Acidothermaceae,Acidothermus,NA
ASV5b65e7c9332f,Bacteria,Acidobacteriota,Acidobacteriae,Terriglobales,NA,NA,NA
ASV2e7df9030144,Bacteria,Gemmatimonadota,Gemmatimonadia,Gemmatimonadales,Gemmatimonadaceae,Gemmatimonas,NA
ASV5dc6d185efb8,Bacteria,Acidobacteriota,Acidobacteriae,Terriglobales,NA,NA,NA
ASVbebdbc6be3a7,Bacteria,Pseudomonadota,Gammaproteobacteria,Burkholderiales,Burkholderiaceae,Burkholderia-Caballeronia-Paraburkholderia,NA
ASV586e29e6e59a,Bacteria,Pseudomonadota,Gammaproteobacteria,Burkholderiales,Chromobacteriaceae,Pseudogulbenkiania,NA
ASVf6e16c9b58cc,Bacteria,Pseudomonadota,Gammaproteobacteria,Burkholderiales,Alcaligenaceae,Castellaniella,defragrans
ASV4e3984f73826,Bacteria,Pseudomonadota,Alphaproteobacteria,Sphingomonadales,Sphingomonadaceae,Erythrobacter,NA
ASVc4ea18a24170,Bacteria,Acidobacteriota,Acidobacteriae,Bryobacterales,Bryobacteraceae,Bryobacter,NA
ASVe323ae044135,Bacteria,Chloroflexota,Chloroflexia,Thermomicrobiales,Thermomicrobiaceae,Nitrolancea,NA
ASVd6d503326be2,Bacteria,Pseudomonadota,Gammaproteobacteria,Lysobacterales,Rhodanobacteraceae,Chujaibacter,NA
ASV04d3b245d948,Bacteria,Pseudomonadota,Gammaproteobacteria,Lysobacterales,Rhodanobacteraceae,Rhodanobacter,NA
ASV983ca9bd7c33,Bacteria,Pseudomonadota,Alphaproteobacteria,Sphingomonadales,Sphingomonadaceae,Sphingomonas,NA
ASV6eb04bffe4fe,Bacteria,Pseudomonadota,Gammaproteobacteria,Lysobacterales,Rhodanobacteraceae,Chujaibacter,NA
ASV9bf17c944838,Bacteria,Pseudomonadota,Gammaproteobacteria,Burkholderiales,SC-I-84,NA,NA
ASVe49e11b7ecd6,Bacteria,Pseudomonadota,Gammaproteobacteria,Lysobacterales,Rhodanobacteraceae,Rhodanobacter,NA
ASV9af8feda203f,Bacteria,Bacillota,Bacilli,Alicyclobacillales,Alicyclobacillaceae,Alicyclobacillus,NA
ASV284667b2629c,Bacteria,Actinomycetota,Actinobacteria,Streptosporangiales,Thermomonosporaceae,Actinomadura,NA
ASVe10b4d15b563,Bacteria,Pseudomonadota,Alphaproteobacteria,Acetobacterales,Acetobacteraceae,Acidicaldus,NA
ASV1c63eec33c25,Bacteria,Pseudomonadota,Gammaproteobacteria,Burkholderiales,Alcaligenaceae,Castellaniella,NA
ASV1a1152e10fc4,Bacteria,Pseudomonadota,Gammaproteobacteria,Lysobacterales,Rhodanobacteraceae,Rhodanobacter,NA
ASV96c3448245c6,Bacteria,Gemmatimonadota,Gemmatimonadia,Gemmatimonadales,Gemmatimonadaceae,NA,NA
ASV9fec90b1c244,Bacteria,Pseudomonadota,Gammaproteobacteria,Burkholderiales,SC-I-84,NA,NA
ASV456bda097a87,Bacteria,Pseudomonadota,Gammaproteobacteria,Lysobacterales,Rhodanobacteraceae,Chujaibacter,NA
ASV4cc1b5f6b848,Bacteria,Acidobacteriota,Blastocatellia,Pyrinomonadales,Pyrinomonadaceae,NA,NA
ASVda5e438629f0,Bacteria,Pseudomonadota,Gammaproteobacteria,Burkholderiales,Burkholderiaceae,Ralstonia,pickettii
ASVf2e2670f83b2,Bacteria,Pseudomonadota,Gammaproteobacteria,Lysobacterales,Lysobacteraceae,Luteimonas,NA
ASV07947e94931a,Bacteria,Actinomycetota,Actinobacteria,NA,NA,NA,NA
ASV06afd4a571ec,Bacteria,Actinomycetota,Actinobacteria,Streptosporangiales,Streptosporangiaceae,Microbispora,NA
ASV263e96f935c5,Bacteria,Pseudomonadota,Gammaproteobacteria,Burkholderiales,SC-I-84,NA,NA
ASV54dc5eb71381,Bacteria,Pseudomonadota,Gammaproteobacteria,Lysobacterales,Rhodanobacteraceae,Frateuria,terrea
ASVa4114a447821,Bacteria,Pseudomonadota,Gammaproteobacteria,Lysobacterales,Lysobacteraceae,Luteimonas,NA
ASV9cbc0cde54cb,Bacteria,Pseudomonadota,Gammaproteobacteria,Burkholderiales,Alcaligenaceae,Castellaniella,defragrans
ASV600b18f7ed6c,Bacteria,Pseudomonadota,Gammaproteobacteria,Lysobacterales,Rhodanobacteraceae,Rhodanobacter,NA
ASV43616094abb6,Bacteria,Pseudomonadota,Gammaproteobacteria,Gammaproteobacteria Incertae Sedis,Unknown Family,Acidibacter,NA
ASV8237a1436244,Bacteria,Pseudomonadota,Gammaproteobacteria,Lysobacterales,Rhodanobacteraceae,Rhodanobacter,NA
ASV070db762fb0d,Bacteria,Acidobacteriota,Acidobacteriae,Terriglobales,NA,NA,NA
ASV0d1ead939d4c,Bacteria,Pseudomonadota,Gammaproteobacteria,Burkholderiales,SC-I-84,NA,NA
ASV9b03560992f6,Bacteria,Acidobacteriota,Acidobacteriae,Bryobacterales,Bryobacteraceae,Bryobacter,NA
ASVbe7bc5af7592,Bacteria,Pseudomonadota,Gammaproteobacteria,Lysobacterales,Rhodanobacteraceae,Rhodanobacter,NA
ASV6153160a1d85,Bacteria,Bacillota,Bacilli,Alicyclobacillales,Alicyclobacillaceae,Alicyclobacillus,NA
ASV3671fc4c7285,Bacteria,Pseudomonadota,Gammaproteobacteria,Burkholderiales,SC-I-84,NA,NA
ASV313360bc02c4,Bacteria,Pseudomonadota,Gammaproteobacteria,Lysobacterales,Lysobacteraceae,Luteimonas,NA
ASVa2a157bd00ab,Bacteria,Actinomycetota,Actinobacteria,Micrococcales,Microbacteriaceae,NA,NA
ASVcbbe2650a3bb,Bacteria,Pseudomonadota,Gammaproteobacteria,Burkholderiales,Alcaligenaceae,Castellaniella,defragrans
ASV9f0d6e549563,Bacteria,Actinomycetota,Actinobacteria,Frankiales,Geodermatophilaceae,Geodermatophilus,NA
ASV8756c082901b,Bacteria,Pseudomonadota,Gammaproteobacteria,Lysobacterales,Lysobacteraceae,Pseudoxanthomonas,mexicana
ASV027a9b92e957,Bacteria,Pseudomonadota,Alphaproteobacteria,Hyphomicrobiales,Xanthobacteraceae,Bradyrhizobium,NA
ASV9776cfa3c1df,Bacteria,Acidobacteriota,Acidobacteriae,Terriglobales,NA,NA,NA
ASV78461b86306c,Bacteria,Actinomycetota,Actinobacteria,Kitasatosporales,Streptomycetaceae,Streptomyces,NA
ASV0caf44fb38e7,Bacteria,Acidobacteriota,Acidobacteriae,Bryobacterales,Bryobacteraceae,Bryobacter,NA
ASV6d4131e6bfca,Bacteria,Pseudomonadota,Gammaproteobacteria,Burkholderiales,Burkholderiaceae,Burkholderia-Caballeronia-Paraburkholderia,NA
ASV0e6700a3d36c,Bacteria,Acidobacteriota,Blastocatellia,Pyrinomonadales,Pyrinomonadaceae,NA,NA
ASVe263d84b3279,Bacteria,Bacteroidota,Bacteroidia,Chitinophagales,Chitinophagaceae,NA,NA
ASV44f06e9769fc,Bacteria,Bacillota,Bacilli,Alicyclobacillales,Alicyclobacillaceae,Alicyclobacillus,NA
ASVe85eeb59d484,Bacteria,Bacillota,Bacilli,Alicyclobacillales,Alicyclobacillaceae,Alicyclobacillus,NA
ASV4c5677d7e7fe,Bacteria,Gemmatimonadota,Gemmatimonadia,Gemmatimonadales,Gemmatimonadaceae,NA,NA
ASV47463cf8115d,Bacteria,Acidobacteriota,Acidobacteriae,Terriglobales,NA,NA,NA
ASVc33b98823701,Bacteria,Candidatus Eremiobacterota,Eremiobacteria,NA,NA,NA,NA
ASV82f4e30c0379,Bacteria,Pseudomonadota,Alphaproteobacteria,Sphingomonadales,Sphingomonadaceae,Sphingomonas,NA
ASV3512e8327878,Bacteria,Acidobacteriota,Acidobacteriae,Terriglobales,Acidobacteriaceae (Subgroup 1),Occallatibacter,NA
ASVf4f2dced57e1,Bacteria,Acidobacteriota,Vicinamibacteria,Vicinamibacterales,Vicinamibacteraceae,NA,NA
ASV1a9ed15c8f6e,Bacteria,Acidobacteriota,Blastocatellia,Pyrinomonadales,Pyrinomonadaceae,NA,NA
ASVf0c1ab4ca38a,Bacteria,Acidobacteriota,Blastocatellia,Pyrinomonadales,Pyrinomonadaceae,NA,NA
ASVd7981ae588dc,Bacteria,Pseudomonadota,Gammaproteobacteria,Burkholderiales,Alcaligenaceae,Castellaniella,defragrans
ASV6c54f2d8fa1f,Bacteria,Pseudomonadota,Gammaproteobacteria,Lysobacterales,Rhodanobacteraceae,Rhodanobacter,NA
ASV4a83efdc07dc,Bacteria,Pseudomonadota,Gammaproteobacteria,Lysobacterales,Lysobacteraceae,Thermomonas,NA
ASV576151b234fc,Bacteria,Pseudomonadota,Gammaproteobacteria,Burkholderiales,Burkholderiaceae,Ralstonia,pickettii
ASV487f07f7a761,Bacteria,Acidobacteriota,Acidobacteriae,Terriglobales,NA,NA,NA
ASV390a7373eca2,Bacteria,Myxococcota,Polyangiia,Haliangiales,Haliangiaceae,NA,NA
ASV3994dcbf5ec6,Bacteria,Pseudomonadota,Gammaproteobacteria,Burkholderiales,Comamonadaceae,NA,NA
ASV488f9981fe61,Bacteria,Chloroflexota,Ktedonobacteria,Ktedonobacterales,JG30-KF-AS9,NA,NA
ASV34e02ef8a6f0,Bacteria,Pseudomonadota,Alphaproteobacteria,Sphingomonadales,Sphingomonadaceae,Sphingomonas,NA
ASVb87f6fa629b9,Bacteria,Gemmatimonadota,Gemmatimonadia,Gemmatimonadales,Gemmatimonadaceae,NA,NA
ASV3b293d929a8a,Bacteria,Pseudomonadota,Gammaproteobacteria,Burkholderiales,Alcaligenaceae,Castellaniella,defragrans
ASV66b27a7affdb,Bacteria,Pseudomonadota,Gammaproteobacteria,Lysobacterales,Rhodanobacteraceae,Rhodanobacter,NA
ASV8e0ca56ed76c,Bacteria,Pseudomonadota,Gammaproteobacteria,Lysobacterales,Rhodanobacteraceae,Rhodanobacter,lindaniclasticus
ASVd32e52acd85f,Bacteria,Pseudomonadota,Alphaproteobacteria,Caulobacterales,Caulobacteraceae,Phenylobacterium,NA
ASV73bd8fc14ad6,Bacteria,Pseudomonadota,Gammaproteobacteria,Burkholderiales,Burkholderiaceae,Burkholderia-Caballeronia-Paraburkholderia,NA
ASV233e06be1001,Bacteria,Acidobacteriota,Acidobacteriae,Terriglobales,NA,NA,NA
ASV1bf46e34d5c7,Bacteria,Gemmatimonadota,Gemmatimonadia,Gemmatimonadales,Gemmatimonadaceae,NA,NA
ASV09f8ac62fb9b,Bacteria,Bacteroidota,Bacteroidia,Chitinophagales,Chitinophagaceae,NA,NA
ASV6dab51640457,Bacteria,Pseudomonadota,Gammaproteobacteria,Lysobacterales,Rhodanobacteraceae,Rhodanobacter,NA
ASVa354b4f15b70,Bacteria,Pseudomonadota,Gammaproteobacteria,Lysobacterales,Rhodanobacteraceae,Chujaibacter,NA
ASVe3d4f896727d,Bacteria,Pseudomonadota,Gammaproteobacteria,Burkholderiales,Burkholderiaceae,Burkholderia-Caballeronia-Paraburkholderia,NA
ASV2b0ed5c0ea90,Bacteria,Actinomycetota,Actinobacteria,Frankiales,Acidothermaceae,Acidothermus,NA
ASV5e6f8516b378,Bacteria,Pseudomonadota,Gammaproteobacteria,Burkholderiales,Burkholderiaceae,Burkholderia-Caballeronia-Paraburkholderia,NA
ASV14671a478a14,Bacteria,Pseudomonadota,Gammaproteobacteria,Lysobacterales,Rhodanobacteraceae,Chujaibacter,NA
ASV82d25994f973,Bacteria,Actinomycetota,Actinobacteria,Micrococcales,Intrasporangiaceae,NA,NA
ASVa5c32c0ef3c7,Bacteria,Methylomirabilota,Methylomirabilia,Rokubacteriales,NA,NA,NA
ASV9ad6ac4824cf,Bacteria,Actinomycetota,Actinobacteria,Micrococcales,Intrasporangiaceae,Intrasporangium,calvum
ASV1735eb43b9f9,Bacteria,Pseudomonadota,Gammaproteobacteria,Burkholderiales,Alcaligenaceae,Castellaniella,defragrans
ASV55d11738a90d,Bacteria,Actinomycetota,Actinobacteria,Kitasatosporales,Streptomycetaceae,Streptomyces,NA
ASV29e5653bad63,Bacteria,Pseudomonadota,Gammaproteobacteria,Burkholderiales,SC-I-84,NA,NA
ASV09fa595a9101,Bacteria,Pseudomonadota,Gammaproteobacteria,Burkholderiales,Burkholderiaceae,Burkholderia-Caballeronia-Paraburkholderia,NA
ASV20b53009f0fd,Bacteria,Pseudomonadota,Gammaproteobacteria,Burkholderiales,SC-I-84,NA,NA
ASV57a10135fe24,Bacteria,Gemmatimonadota,Gemmatimonadia,Gemmatimonadales,Gemmatimonadaceae,Gemmatimonas,NA
ASVa5307913c228,Bacteria,Pseudomonadota,Gammaproteobacteria,Lysobacterales,Rhodanobacteraceae,Frateuria,terrea
ASVd4786367b9cb,Bacteria,Pseudomonadota,Gammaproteobacteria,Lysobacterales,Rhodanobacteraceae,Chujaibacter,NA
ASV90bff32b3368,Bacteria,Bacillota,Bacilli,Alicyclobacillales,Alicyclobacillaceae,Alicyclobacillus,NA
ASVcb4b8389674d,Bacteria,Pseudomonadota,Gammaproteobacteria,Burkholderiales,SC-I-84,NA,NA
ASV5bbadc300a1d,Bacteria,Actinomycetota,Thermoleophilia,Gaiellales,NA,NA,NA
ASV6e32e214fc89,Bacteria,Candidatus Eremiobacterota,Eremiobacteria,NA,NA,NA,NA
ASV98c75519beba,Bacteria,Pseudomonadota,Gammaproteobacteria,Burkholderiales,Alcaligenaceae,Castellaniella,defragrans
ASV03ac29814ccf,Bacteria,Pseudomonadota,Gammaproteobacteria,Burkholderiales,Alcaligenaceae,Castellaniella,defragrans
ASV019b9f540b09,Bacteria,Gemmatimonadota,Gemmatimonadia,Gemmatimonadales,Gemmatimonadaceae,NA,NA
ASV998c45ba416f,Bacteria,Actinomycetota,Thermoleophilia,Gaiellales,NA,NA,NA
ASV7e5725b52974,Bacteria,Pseudomonadota,Gammaproteobacteria,Lysobacterales,Rhodanobacteraceae,Chujaibacter,NA
ASVedea7360635c,Bacteria,Pseudomonadota,Alphaproteobacteria,Hyphomicrobiales,Devosiaceae,Devosia,NA
ASV8dd9c3f8506b,Bacteria,Pseudomonadota,Gammaproteobacteria,Burkholderiales,Comamonadaceae,NA,NA
ASV17b310b6f841,Bacteria,Pseudomonadota,Gammaproteobacteria,Burkholderiales,Comamonadaceae,Ramlibacter,NA
ASV2f5d928fb545,Bacteria,Pseudomonadota,Gammaproteobacteria,Lysobacterales,Rhodanobacteraceae,Rhodanobacter,NA
ASVb0784860444a,Bacteria,Pseudomonadota,Gammaproteobacteria,Lysobacterales,Rhodanobacteraceae,NA,NA
ASV6b83a0b12a23,Bacteria,Gemmatimonadota,Gemmatimonadia,Gemmatimonadales,Gemmatimonadaceae,NA,NA
ASVedc1ee3323ff,Bacteria,Actinomycetota,Thermoleophilia,Gaiellales,NA,NA,NA
ASV71843b2a9a53,Bacteria,Gemmatimonadota,Gemmatimonadia,Gemmatimonadales,Gemmatimonadaceae,NA,NA
ASV41bd32927751,Bacteria,Pseudomonadota,Gammaproteobacteria,Lysobacterales,Rhodanobacteraceae,Chujaibacter,NA
ASV7817ed1d104b,Bacteria,Pseudomonadota,Gammaproteobacteria,Lysobacterales,Lysobacteraceae,Luteimonas,NA
ASV2e614427750b,Bacteria,Pseudomonadota,Gammaproteobacteria,Lysobacterales,Rhodanobacteraceae,Rhodanobacter,NA
ASVab83a2533569,Bacteria,Actinomycetota,Actinobacteria,Kitasatosporales,Streptomycetaceae,Streptomyces,NA
ASV2bfcee08c544,Bacteria,Bacillota,Bacilli,Alicyclobacillales,Alicyclobacillaceae,Alicyclobacillus,NA
ASVe360ba52ce0a,Bacteria,Pseudomonadota,Gammaproteobacteria,Burkholderiales,SC-I-84,NA,NA
ASVf0399ff55f50,Bacteria,Pseudomonadota,Gammaproteobacteria,Burkholderiales,Burkholderiaceae,Burkholderia-Caballeronia-Paraburkholderia,NA
ASVd9cb7f972cb5,Bacteria,Pseudomonadota,Gammaproteobacteria,Burkholderiales,Comamonadaceae,Ramlibacter,NA
ASV6eab9a309d1b,Bacteria,Pseudomonadota,Gammaproteobacteria,Lysobacterales,Rhodanobacteraceae,Rhodanobacter,NA
ASV67b18b041848,Bacteria,Actinomycetota,Actinobacteria,Frankiales,Nakamurellaceae,Nakamurella,NA
ASV8f3e179214d3,Bacteria,Pseudomonadota,Gammaproteobacteria,Lysobacterales,Rhodanobacteraceae,Rhodanobacter,fulvus
ASV47f4e51d6830,Bacteria,Actinomycetota,MB-A2-108,NA,NA,NA,NA
ASVbc4d37ac4d49,Bacteria,Actinomycetota,Actinobacteria,Streptosporangiales,Thermomonosporaceae,Actinomadura,NA
ASVb6b10d507f11,Bacteria,Acidobacteriota,Acidobacteriae,Bryobacterales,Bryobacteraceae,Bryobacter,NA
ASV7f41c0686237,Bacteria,Pseudomonadota,Alphaproteobacteria,Sphingomonadales,Sphingomonadaceae,Sphingomonas,NA
ASVb7473132c9b4,Bacteria,Bacillota,Bacilli,Alicyclobacillales,Alicyclobacillaceae,Alicyclobacillus,NA
ASVae73d5219a48,Bacteria,Pseudomonadota,Gammaproteobacteria,Lysobacterales,Rhodanobacteraceae,Rhodanobacter,NA
ASVcc14f7f8d0ee,Bacteria,Bacillota,Bacilli,Alicyclobacillales,Alicyclobacillaceae,Alicyclobacillus,NA
ASVc6f8a5f609c8,Bacteria,Pseudomonadota,Gammaproteobacteria,Burkholderiales,SC-I-84,NA,NA
ASV01ac317ded3d,Bacteria,Pseudomonadota,Gammaproteobacteria,Burkholderiales,Nitrosomonadaceae,mle1-7,NA
ASV88f7d9192031,Bacteria,Chloroflexota,Ktedonobacteria,Ktedonobacterales,Ktedonobacteraceae,NA,NA
ASV7ca5c1aa74d0,Bacteria,Chloroflexota,Chloroflexia,Thermomicrobiales,JG30-KF-CM45,NA,NA
ASV9749372da0b8,Bacteria,Pseudomonadota,Alphaproteobacteria,Azospirillales,Azospirillaceae,NA,NA
ASV24ade93b7f21,Bacteria,Acidobacteriota,Acidobacteriae,Terriglobales,Koribacteraceae,Candidatus Koribacter,NA
ASV741decb367cb,Bacteria,Acidobacteriota,Acidobacteriae,Terriglobales,Koribacteraceae,Candidatus Koribacter,NA
ASV4ffcaf82c83f,Bacteria,Actinomycetota,Actinobacteria,Frankiales,Acidothermaceae,Acidothermus,NA
ASVeab32bc270ff,Bacteria,Gemmatimonadota,Gemmatimonadia,Gemmatimonadales,Gemmatimonadaceae,Gemmatimonas,NA
ASVe7106b5dfc3c,Bacteria,Acidobacteriota,Acidobacteriae,Terriglobales,Acidobacteriaceae (Subgroup 1),NA,NA
ASV7fce3398649c,Bacteria,Pseudomonadota,Gammaproteobacteria,Burkholderiales,Alcaligenaceae,Castellaniella,defragrans
ASV6281795c0bda,Bacteria,Pseudomonadota,Alphaproteobacteria,Elsterales,NA,NA,NA
ASV40db42040523,Bacteria,Acidobacteriota,Acidobacteriae,Terriglobales,NA,NA,NA
ASV50b2d6131beb,Bacteria,Acidobacteriota,Acidobacteriae,Terriglobales,NA,NA,NA
ASVf525fb2b2d2e,Bacteria,Pseudomonadota,Gammaproteobacteria,Burkholderiales,Alcaligenaceae,Castellaniella,defragrans
ASV2dc6d8274d42,Bacteria,Actinomycetota,Actinobacteria,Frankiales,Acidothermaceae,Acidothermus,NA
ASV57a8b91e3a59,Bacteria,Pseudomonadota,Gammaproteobacteria,Gammaproteobacteria Incertae Sedis,Unknown Family,Acidibacter,NA
ASV9979e11df32b,Bacteria,Gemmatimonadota,Gemmatimonadia,Gemmatimonadales,Gemmatimonadaceae,NA,NA
ASV489fc3585e15,Bacteria,Pseudomonadota,Gammaproteobacteria,Lysobacterales,Rhodanobacteraceae,Rhodanobacter,NA
ASVbb2c0579ffc0,Bacteria,Pseudomonadota,Gammaproteobacteria,Burkholderiales,SC-I-84,NA,NA
ASV8b093b0e5a3a,Bacteria,Pseudomonadota,Gammaproteobacteria,Burkholderiales,SC-I-84,NA,NA
ASV2eb8ea1faec9,Bacteria,Actinomycetota,Actinobacteria,Kitasatosporales,Streptomycetaceae,Streptacidiphilus,NA
ASVe23cbfd35d98,Bacteria,Chloroflexota,Ktedonobacteria,Ktedonobacterales,JG30-KF-AS9,NA,NA
ASV565e10e2a7fa,Bacteria,Pseudomonadota,Gammaproteobacteria,Burkholderiales,Comamonadaceae,Ramlibacter,NA
ASV3338e9945f92,Bacteria,Pseudomonadota,Gammaproteobacteria,Lysobacterales,Lysobacteraceae,Luteimonas,NA
ASV1876c0426ca0,Bacteria,Bacillota,Bacilli,Alicyclobacillales,Alicyclobacillaceae,Alicyclobacillus,NA
ASV415ae4300a20,Bacteria,Pseudomonadota,Gammaproteobacteria,Gammaproteobacteria Incertae Sedis,Unknown Family,Acidibacter,NA
ASV0e3839817414,Bacteria,Acidobacteriota,Acidobacteriae,Terriglobales,NA,NA,NA
ASVc768698f086c,Bacteria,Actinomycetota,MB-A2-108,NA,NA,NA,NA
ASVba1a8b4bc648,Bacteria,Actinomycetota,Actinobacteria,Frankiales,Acidothermaceae,Acidothermus,NA
ASV84d41e12a2dd,Bacteria,Actinomycetota,Actinobacteria,Frankiales,Acidothermaceae,Acidothermus,NA
ASVc8a010e35531,Bacteria,Pseudomonadota,Gammaproteobacteria,Lysobacterales,Lysobacteraceae,Luteimonas,NA
ASVd8b35b03787f,Bacteria,Acidobacteriota,Acidobacteriae,Terriglobales,Acidobacteriaceae (Subgroup 1),Terracidiphilus,NA
ASV80de24e2c924,Bacteria,Pseudomonadota,Gammaproteobacteria,Burkholderiales,Burkholderiaceae,Burkholderia-Caballeronia-Paraburkholderia,NA
ASVd9541804b05f,Bacteria,Pseudomonadota,Gammaproteobacteria,Burkholderiales,Oxalobacteraceae,Massilia,putida
ASV80f23a280682,Bacteria,Pseudomonadota,Alphaproteobacteria,Hyphomicrobiales,Xanthobacteraceae,Pseudolabrys,NA
ASV3d7d0adfb398,Bacteria,Pseudomonadota,Gammaproteobacteria,Burkholderiales,Burkholderiaceae,Burkholderia-Caballeronia-Paraburkholderia,NA
ASV151d0e5e9d9d,Bacteria,Pseudomonadota,Alphaproteobacteria,Acetobacterales,Acetobacteraceae,Acidicaldus,NA
ASV7c095a595a00,Bacteria,Acidobacteriota,Acidobacteriae,Terriglobales,NA,NA,NA
ASVb54515c5d864,Bacteria,Pseudomonadota,Gammaproteobacteria,Burkholderiales,SC-I-84,NA,NA
ASV99ade846f3e6,Bacteria,Acidobacteriota,Blastocatellia,Pyrinomonadales,Pyrinomonadaceae,NA,NA
ASV657d767446b1,Bacteria,Chloroflexota,Ktedonobacteria,Ktedonobacterales,JG30-KF-AS9,NA,NA
ASV80f9a4ea50f8,Bacteria,Pseudomonadota,Gammaproteobacteria,Lysobacterales,Rhodanobacteraceae,Rhodanobacter,NA
ASV9fc041c4fbeb,Bacteria,Pseudomonadota,Alphaproteobacteria,Micropepsales,Micropepsaceae,NA,NA
ASV7871dd4b1e81,Bacteria,Acidobacteriota,Acidobacteriae,Terriglobales,NA,NA,NA
ASVd10641f3bd27,Bacteria,Pseudomonadota,Gammaproteobacteria,Burkholderiales,SC-I-84,NA,NA
ASV288290ba93bc,Bacteria,Acidobacteriota,Acidobacteriae,Terriglobales,NA,NA,NA
ASV604722bb7e67,Bacteria,Pseudomonadota,Gammaproteobacteria,Burkholderiales,Alcaligenaceae,Castellaniella,defragrans
ASV8697d6d3f640,Bacteria,Pseudomonadota,Alphaproteobacteria,Caulobacterales,Caulobacteraceae,Phenylobacterium,NA
ASV2b476ffd3508,Bacteria,Actinomycetota,Actinobacteria,Streptosporangiales,Thermomonosporaceae,Actinomadura,NA
ASV191ed1ca74ed,Bacteria,Pseudomonadota,Gammaproteobacteria,Burkholderiales,SC-I-84,NA,NA
ASV5bc26b56b4d2,Bacteria,Actinomycetota,Actinobacteria,Streptosporangiales,Thermomonosporaceae,Actinomadura,NA
ASV40dc8910796c,Bacteria,Pseudomonadota,Gammaproteobacteria,Burkholderiales,Alcaligenaceae,Castellaniella,defragrans
ASVcbc11b3518b3,Bacteria,Pseudomonadota,Gammaproteobacteria,Burkholderiales,Alcaligenaceae,Castellaniella,defragrans
ASVfa219289ad66,Bacteria,Gemmatimonadota,Gemmatimonadia,Gemmatimonadales,Gemmatimonadaceae,NA,NA
ASVcd67409debee,Bacteria,Pseudomonadota,Gammaproteobacteria,Lysobacterales,Rhodanobacteraceae,Rhodanobacter,thiooxydans
ASVa519708c34b1,Bacteria,Acidobacteriota,Acidobacteriae,Terriglobales,NA,NA,NA
ASV36430b618b07,Bacteria,Acidobacteriota,Acidobacteriae,Solibacterales,Solibacteraceae,Candidatus Solibacter,NA
ASVe7991d245241,Bacteria,Pseudomonadota,Alphaproteobacteria,Elsterales,Elsteraceae,NA,NA
ASV509d1d239b82,Bacteria,Pseudomonadota,Gammaproteobacteria,Lysobacterales,Lysobacteraceae,Luteimonas,NA
ASV2049fb2b3c3e,Bacteria,Actinomycetota,Actinobacteria,Pseudonocardiales,Pseudonocardiaceae,Amycolatopsis,mediterranei
ASV1b04b7b99f00,Bacteria,Bacillota,Bacilli,Alicyclobacillales,Alicyclobacillaceae,Alicyclobacillus,NA
ASVb4ae89b06749,Bacteria,Bacillota,Bacilli,Alicyclobacillales,Alicyclobacillaceae,Alicyclobacillus,NA
ASV7b047edc5db9,Bacteria,Pseudomonadota,Gammaproteobacteria,Burkholderiales,Burkholderiaceae,Burkholderia-Caballeronia-Paraburkholderia,NA
ASV2c5d5a360798,Bacteria,Actinomycetota,Acidimicrobiia,Acidimicrobiales,Acidimicrobiaceae,NA,NA
ASV84c450760503,Bacteria,Pseudomonadota,Alphaproteobacteria,Elsterales,NA,NA,NA
ASV8e90408d4546,Bacteria,Actinomycetota,Actinobacteria,Frankiales,Acidothermaceae,Acidothermus,NA
ASVda172c319bcb,Bacteria,Pseudomonadota,Gammaproteobacteria,Burkholderiales,Oxalobacteraceae,Duganella,NA
ASVef78e2595ba1,Bacteria,Gemmatimonadota,Gemmatimonadia,Gemmatimonadales,Gemmatimonadaceae,Gemmatimonas,NA
ASV35d3618f235e,Bacteria,Actinomycetota,Actinobacteria,Frankiales,Acidothermaceae,Acidothermus,NA
ASVd0423b1c4274,Bacteria,Pseudomonadota,Gammaproteobacteria,Lysobacterales,Rhodanobacteraceae,Rhodanobacter,NA
ASVfcf114087efe,Bacteria,Acidobacteriota,Acidobacteriae,Terriglobales,Acidobacteriaceae (Subgroup 1),Occallatibacter,NA
ASVfadafa73b05a,Bacteria,Pseudomonadota,Gammaproteobacteria,Burkholderiales,Oxalobacteraceae,Massilia,putida
ASV7865f85bc124,Bacteria,Pseudomonadota,Gammaproteobacteria,Burkholderiales,Oxalobacteraceae,Massilia,NA
ASV582b564e29d1,Bacteria,Actinomycetota,Thermoleophilia,Gaiellales,NA,NA,NA
ASV7691a6427715,Bacteria,Pseudomonadota,Gammaproteobacteria,Lysobacterales,Lysobacteraceae,Luteimonas,NA
ASVb9b5cca5f0c8,Bacteria,Pseudomonadota,Gammaproteobacteria,Burkholderiales,Comamonadaceae,NA,NA
ASV71c17c5a6921,Bacteria,Chloroflexota,Ktedonobacteria,Ktedonobacterales,JG30-KF-AS9,NA,NA
ASVceb12d322f33,Bacteria,Pseudomonadota,Gammaproteobacteria,Lysobacterales,Rhodanobacteraceae,Rhodanobacter,NA
ASV1f15d561a6d2,Bacteria,Pseudomonadota,Alphaproteobacteria,Sphingomonadales,Sphingomonadaceae,NA,NA
ASV9ce19c42e708,Bacteria,Pseudomonadota,Gammaproteobacteria,Lysobacterales,Rhodanobacteraceae,Rhodanobacter,fulvus
ASV580fb801c575,Bacteria,Acidobacteriota,Blastocatellia,Pyrinomonadales,Pyrinomonadaceae,NA,NA
ASV1ebc6fea6835,Bacteria,Pseudomonadota,Gammaproteobacteria,Lysobacterales,Lysobacteraceae,Luteimonas,NA
ASV18f170687a56,Bacteria,Pseudomonadota,Gammaproteobacteria,Lysobacterales,Rhodanobacteraceae,Chujaibacter,NA
ASVdadc77783584,Bacteria,Actinomycetota,Actinobacteria,Propionibacteriales,Nocardioidaceae,Marmoricola,NA
ASV6297ba2a1e86,Bacteria,Pseudomonadota,Gammaproteobacteria,Burkholderiales,Comamonadaceae,NA,NA
ASV90b2346ecc34,Bacteria,Pseudomonadota,Gammaproteobacteria,Burkholderiales,SC-I-84,NA,NA
ASVb72d81327a32,Bacteria,Pseudomonadota,Gammaproteobacteria,Burkholderiales,Nitrosomonadaceae,Ellin6067,NA
ASV6ed5d02680da,Bacteria,Pseudomonadota,Gammaproteobacteria,Burkholderiales,Oxalobacteraceae,Massilia,putida
ASV4f222ea3fbbe,Bacteria,Pseudomonadota,Alphaproteobacteria,Acetobacterales,Acetobacteraceae,Acidicaldus,NA
ASV41c7e8a6dd97,Bacteria,Pseudomonadota,Gammaproteobacteria,Burkholderiales,Alcaligenaceae,Castellaniella,defragrans
ASV37ba14aea6ac,Bacteria,Actinomycetota,Thermoleophilia,Gaiellales,NA,NA,NA
ASVfd60f4d05bb9,Bacteria,Pseudomonadota,Gammaproteobacteria,Lysobacterales,Rhodanobacteraceae,Mizugakiibacter,NA
ASVb0b479cdbe98,Bacteria,Pseudomonadota,Gammaproteobacteria,Burkholderiales,Alcaligenaceae,Bordetella,NA
ASV663a7f56220a,Bacteria,Pseudomonadota,Gammaproteobacteria,Burkholderiales,Alcaligenaceae,Castellaniella,NA
ASV4eb2b55150ba,Bacteria,Pseudomonadota,Gammaproteobacteria,Burkholderiales,Alcaligenaceae,Castellaniella,defragrans
ASV4b23d4222aac,Bacteria,Bacteroidota,Bacteroidia,Chitinophagales,Chitinophagaceae,NA,NA
ASV4bed0d92681e,Bacteria,Pseudomonadota,Gammaproteobacteria,Burkholderiales,Oxalobacteraceae,Massilia,putida
ASV9aef55edfda7,Bacteria,Acidobacteriota,Acidobacteriae,Terriglobales,Koribacteraceae,Candidatus Koribacter,NA
ASV104012a52396,Bacteria,Pseudomonadota,Gammaproteobacteria,Burkholderiales,SC-I-84,NA,NA
ASV266a05cc90df,Bacteria,Acidobacteriota,Acidobacteriae,Bryobacterales,Bryobacteraceae,Bryobacter,NA
ASVa91b592cb0af,Bacteria,Planctomycetota,Phycisphaerae,Tepidisphaerales,WD2101 soil group,NA,NA
ASV5b529ef974e4,Bacteria,Chloroflexota,Ktedonobacteria,Ktedonobacterales,JG30-KF-AS9,NA,NA
ASVa6c41fea8802,Bacteria,Pseudomonadota,Gammaproteobacteria,Lysobacterales,Rhodanobacteraceae,Rhodanobacter,NA
ASV472f3b8ca42d,Bacteria,Pseudomonadota,Gammaproteobacteria,Lysobacterales,Rhodanobacteraceae,Rhodanobacter,thiooxydans
ASVa7b05e9d8f1e,Bacteria,Pseudomonadota,Gammaproteobacteria,Lysobacterales,Lysobacteraceae,Luteimonas,NA
ASV7e7f2d9f2c04,Bacteria,Actinomycetota,Actinobacteria,Catenulisporales,Actinospicaceae,Actinospica,NA
ASV194cd80e539f,Bacteria,Myxococcota,Polyangiia,MSB-4B10,NA,NA,NA
ASV3696b402a8b2,Bacteria,Acidobacteriota,Acidobacteriae,Terriglobales,NA,NA,NA
ASV39294eb10da2,Bacteria,Candidatus Eremiobacterota,Eremiobacteria,NA,NA,NA,NA
ASVe02ab80c184c,Bacteria,Gemmatimonadota,Gemmatimonadia,Gemmatimonadales,Gemmatimonadaceae,Gemmatimonas,NA
ASV806eb0b1882f,Bacteria,Candidatus Eremiobacterota,Eremiobacteria,NA,NA,NA,NA
ASV534bc47e3d07,Bacteria,Actinomycetota,Actinobacteria,Frankiales,Frankiaceae,Jatrophihabitans,NA
ASVb3b74eaf2a04,Bacteria,Pseudomonadota,Gammaproteobacteria,Lysobacterales,Rhodanobacteraceae,Rhodanobacter,NA
ASV447a1dfff7eb,Bacteria,Acidobacteriota,Acidobacteriae,Terriglobales,Acidobacteriaceae (Subgroup 1),Occallatibacter,NA
ASV6035627ffd7f,Bacteria,Actinomycetota,Actinobacteria,Frankiales,Acidothermaceae,Acidothermus,NA
ASVc2ff8b7799e8,Bacteria,Pseudomonadota,Gammaproteobacteria,Burkholderiales,Burkholderiaceae,Burkholderia-Caballeronia-Paraburkholderia,NA
ASV9824ef83dce5,Bacteria,Pseudomonadota,Gammaproteobacteria,Burkholderiales,Alcaligenaceae,Castellaniella,defragrans
ASV00c7c3fe618b,Bacteria,Actinomycetota,Actinobacteria,Frankiales,Nakamurellaceae,Nakamurella,NA
ASVcaf31df18ab3,Bacteria,Acidobacteriota,Acidobacteriae,Terriglobales,NA,NA,NA
ASVadbd69e82ad8,Bacteria,Acidobacteriota,Acidobacteriae,Bryobacterales,Bryobacteraceae,Bryobacter,NA
ASV592e5f508ee9,Bacteria,Actinomycetota,Actinobacteria,Kitasatosporales,Streptomycetaceae,Streptomyces,NA
ASV4a99bcecd19d,Bacteria,Pseudomonadota,Alphaproteobacteria,Acetobacterales,Acetobacteraceae,Acidicaldus,NA
ASV82c52c14a0c0,Bacteria,Pseudomonadota,Gammaproteobacteria,Burkholderiales,Alcaligenaceae,Castellaniella,defragrans
ASVb2bea5ce49a5,Bacteria,Acidobacteriota,Acidobacteriae,Bryobacterales,Bryobacteraceae,Bryobacter,NA
ASV7ab98f3727d2,Bacteria,Pseudomonadota,Alphaproteobacteria,Sphingomonadales,Sphingomonadaceae,Sphingomonas,NA
ASV0b68264a3a37,Bacteria,Actinomycetota,Thermoleophilia,Solirubrobacterales,67-14,NA,NA
ASVa3ee5db45e66,Bacteria,Methylomirabilota,Methylomirabilia,Rokubacteriales,NA,NA,NA
ASV21ad684021bc,Bacteria,Actinomycetota,Thermoleophilia,Gaiellales,NA,NA,NA
ASV7c2c1e32e5cc,Bacteria,Pseudomonadota,Gammaproteobacteria,Lysobacterales,Lysobacteraceae,Luteimonas,NA
ASVbda6942b543f,Bacteria,Pseudomonadota,Gammaproteobacteria,Burkholderiales,Alcaligenaceae,Castellaniella,defragrans
ASV9619c7c1f364,Bacteria,Verrucomicrobiota,Verrucomicrobiia,Pedosphaerales,Pedosphaeraceae,NA,NA
ASV54e72580e1e0,Bacteria,Chloroflexota,Ktedonobacteria,Ktedonobacterales,JG30-KF-AS9,NA,NA
ASV7666be1e5497,Bacteria,Pseudomonadota,Gammaproteobacteria,Burkholderiales,Nitrosomonadaceae,Ellin6067,NA
ASVeb4445b183a3,Bacteria,Gemmatimonadota,Gemmatimonadia,Gemmatimonadales,Gemmatimonadaceae,NA,NA
ASV84442efa6ab8,Bacteria,Acidobacteriota,Acidobacteriae,Terriglobales,Acidobacteriaceae (Subgroup 1),Terracidiphilus,NA
ASV3a88d57d2c5b,Bacteria,Chloroflexota,Chloroflexia,Chloroflexales,Roseiflexaceae,NA,NA
ASV77747ca1d9ab,Bacteria,Actinomycetota,Actinobacteria,Frankiales,Geodermatophilaceae,Geodermatophilus,NA
ASV85a905142b7f,Bacteria,Pseudomonadota,Alphaproteobacteria,Caulobacterales,Caulobacteraceae,NA,NA
ASV9466f1e326ef,Bacteria,Bacillota,Bacilli,Alicyclobacillales,Alicyclobacillaceae,Alicyclobacillus,NA
ASVf562c1d563d9,Bacteria,Pseudomonadota,Gammaproteobacteria,Burkholderiales,SC-I-84,NA,NA
ASV9c6cf9d56524,Bacteria,Pseudomonadota,Alphaproteobacteria,Sphingomonadales,Sphingomonadaceae,Sphingomonas,NA
ASVd1f33778b4fe,Bacteria,Bacillota,Bacilli,Alicyclobacillales,Alicyclobacillaceae,Alicyclobacillus,NA
ASV89b7b337056f,Bacteria,Pseudomonadota,Gammaproteobacteria,Lysobacterales,Rhodanobacteraceae,Rhodanobacter,NA
ASVa979db18e803,Bacteria,Actinomycetota,Actinobacteria,Propionibacteriales,Nocardioidaceae,Marmoricola,NA
ASV570f03c00909,Bacteria,Chloroflexota,Chloroflexia,Thermomicrobiales,JG30-KF-CM45,NA,NA
ASV0cdc0462d899,Bacteria,Acidobacteriota,Acidobacteriae,Terriglobales,Koribacteraceae,Candidatus Koribacter,NA
ASVf4354de20e5b,Bacteria,Pseudomonadota,Gammaproteobacteria,Burkholderiales,Burkholderiaceae,Burkholderia-Caballeronia-Paraburkholderia,sprentiae
ASVb51a92079db3,Bacteria,Methylomirabilota,Methylomirabilia,Rokubacteriales,NA,NA,NA
ASVdcd3e8a5901f,Bacteria,Pseudomonadota,Alphaproteobacteria,Azospirillales,Azospirillaceae,NA,NA
ASVd12e7dd297d3,Bacteria,Actinomycetota,Actinobacteria,Frankiales,Frankiaceae,Jatrophihabitans,NA
ASV44ed748471dc,Bacteria,Pseudomonadota,Gammaproteobacteria,Burkholderiales,Burkholderiaceae,Burkholderia-Caballeronia-Paraburkholderia,NA
ASVe0883feb07d1,Bacteria,Acidobacteriota,Acidobacteriae,Subgroup 2,NA,NA,NA
ASV609734236f97,Bacteria,Acidobacteriota,Blastocatellia,Pyrinomonadales,Pyrinomonadaceae,NA,NA
ASV5705e2720b00,Bacteria,Pseudomonadota,Alphaproteobacteria,NA,NA,NA,NA
ASV9e65f86e7d8d,Bacteria,Pseudomonadota,Gammaproteobacteria,Lysobacterales,Lysobacteraceae,Luteimonas,NA
ASV0f4e2b9e1851,Bacteria,Acidobacteriota,Acidobacteriae,Solibacterales,Solibacteraceae,Candidatus Solibacter,NA
ASV19ac347cf6bc,Bacteria,Pseudomonadota,Gammaproteobacteria,Burkholderiales,SC-I-84,NA,NA
ASV7d0f8e961c14,Bacteria,Pseudomonadota,Alphaproteobacteria,Hyphomicrobiales,Xanthobacteraceae,Pseudolabrys,NA
ASV321971214ade,Bacteria,Pseudomonadota,Alphaproteobacteria,Acetobacterales,Acetobacteraceae,Acidicaldus,NA
ASV929cb4b7bc18,Bacteria,Bacillota,Bacilli,Alicyclobacillales,Alicyclobacillaceae,Alicyclobacillus,NA
ASV50bc339ebc34,Bacteria,Chloroflexota,Ktedonobacteria,Ktedonobacterales,JG30-KF-AS9,NA,NA
ASVe8ec87946f4b,Bacteria,Pseudomonadota,Gammaproteobacteria,Lysobacterales,Rhodanobacteraceae,Chujaibacter,NA
ASVce12084824fd,Bacteria,Pseudomonadota,Gammaproteobacteria,Gammaproteobacteria Incertae Sedis,Unknown Family,Acidibacter,NA
ASVaa4f68cb7e5d,Bacteria,Pseudomonadota,Gammaproteobacteria,Burkholderiales,Chromobacteriaceae,Crenobacter,NA
ASVcd1550fca2cc,Bacteria,Pseudomonadota,Gammaproteobacteria,Burkholderiales,Chromobacteriaceae,Crenobacter,NA
ASVcb74217f98a5,Bacteria,Pseudomonadota,Gammaproteobacteria,Burkholderiales,Burkholderiaceae,NA,NA
ASVc0268ae4bc79,Bacteria,Acidobacteriota,Acidobacteriae,Terriglobales,NA,NA,NA
ASV9080a7f5eb23,Bacteria,Acidobacteriota,Acidobacteriae,Terriglobales,NA,NA,NA
ASV01cced254c9b,Bacteria,Pseudomonadota,Gammaproteobacteria,Burkholderiales,Nitrosomonadaceae,Ellin6067,NA
ASV5b0c415f29f9,Bacteria,Pseudomonadota,Gammaproteobacteria,Burkholderiales,Burkholderiaceae,Burkholderia-Caballeronia-Paraburkholderia,NA
ASVc58e7b3425d8,Bacteria,Pseudomonadota,Gammaproteobacteria,Burkholderiales,Oxalobacteraceae,Massilia,putida
ASV3169dd929467,Bacteria,Acidobacteriota,Acidobacteriae,Terriglobales,Koribacteraceae,Candidatus Koribacter,NA
ASVd4e3dfd2739f,Bacteria,Pseudomonadota,Gammaproteobacteria,Enterobacterales,Enterobacteriaceae,NA,NA
ASV9a0c9a707213,Bacteria,Gemmatimonadota,Gemmatimonadia,Gemmatimonadales,Gemmatimonadaceae,Gemmatimonas,NA
ASV257601cbef62,Bacteria,Acidobacteriota,Blastocatellia,Pyrinomonadales,Pyrinomonadaceae,NA,NA
ASVb0d80eb47049,Bacteria,Bacillota,Bacilli,Alicyclobacillales,Alicyclobacillaceae,Alicyclobacillus,NA
ASVa2e2934a9db8,Bacteria,Bacillota,Bacilli,Alicyclobacillales,Alicyclobacillaceae,Alicyclobacillus,NA
ASV6ac083e4c8be,Bacteria,Acidobacteriota,Acidobacteriae,Terriglobales,Acidobacteriaceae (Subgroup 1),Terracidiphilus,NA
ASVdfa0aa769fe3,Bacteria,Acidobacteriota,Acidobacteriae,Terriglobales,NA,NA,NA
ASV9ec09b63c84a,Bacteria,Pseudomonadota,Gammaproteobacteria,Burkholderiales,SC-I-84,NA,NA
ASV51bccab95876,Bacteria,Pseudomonadota,Gammaproteobacteria,Burkholderiales,SC-I-84,NA,NA
ASV2aca59c47513,Bacteria,Actinomycetota,Actinobacteria,Frankiales,Acidothermaceae,Acidothermus,NA
ASV6ce55c0d0929,Bacteria,Actinomycetota,Actinobacteria,Catenulisporales,Actinospicaceae,Actinospica,NA
ASVe2404a84e420,Bacteria,Pseudomonadota,Gammaproteobacteria,Burkholderiales,Comamonadaceae,Ramlibacter,NA
ASV9a3fd72185b2,Bacteria,Pseudomonadota,Gammaproteobacteria,Burkholderiales,Alcaligenaceae,Castellaniella,defragrans
ASV1c81b9106a03,Bacteria,Bacillota,Bacilli,Alicyclobacillales,Alicyclobacillaceae,Alicyclobacillus,NA
ASV63c86bb83351,Bacteria,Patescibacteria,Saccharimonadia,Saccharimonadales,NA,NA,NA
ASVd081d927e42e,Bacteria,Pseudomonadota,Gammaproteobacteria,Burkholderiales,Comamonadaceae,NA,NA
ASV0f991a3744cb,Bacteria,Pseudomonadota,Gammaproteobacteria,Burkholderiales,SC-I-84,NA,NA
ASV45cba3f9608c,Bacteria,Chloroflexota,Ktedonobacteria,Ktedonobacterales,Ktedonobacteraceae,NA,NA
ASV3dcf57d94248,Bacteria,Actinomycetota,Actinobacteria,Catenulisporales,Actinospicaceae,Actinospica,NA
ASV34b49a456488,Bacteria,Acidobacteriota,Acidobacteriae,Bryobacterales,Bryobacteraceae,Bryobacter,NA
ASV426f6659dd21,Bacteria,Pseudomonadota,Gammaproteobacteria,Lysobacterales,Lysobacteraceae,Luteimonas,NA
ASV5c65bf2c3a86,Bacteria,Pseudomonadota,Gammaproteobacteria,Burkholderiales,Comamonadaceae,Ramlibacter,NA
ASV0d560172bf8a,Bacteria,Pseudomonadota,Gammaproteobacteria,Burkholderiales,Comamonadaceae,Ramlibacter,NA
ASVe40575793f8e,Bacteria,Pseudomonadota,Gammaproteobacteria,Lysobacterales,Rhodanobacteraceae,Chujaibacter,NA
ASV1ba34df69316,Bacteria,Gemmatimonadota,Gemmatimonadia,Gemmatimonadales,Gemmatimonadaceae,NA,NA
ASVb99e4c291ab6,Bacteria,Pseudomonadota,Gammaproteobacteria,Burkholderiales,SC-I-84,NA,NA
ASV783090826b56,Bacteria,Pseudomonadota,Gammaproteobacteria,Lysobacterales,Rhodanobacteraceae,Rhodanobacter,NA
ASV75c11c6131de,Bacteria,Pseudomonadota,Alphaproteobacteria,Sphingomonadales,Sphingomonadaceae,Sphingomonas,NA
ASV890dd17224bd,Bacteria,Chloroflexota,Chloroflexia,Chloroflexales,Roseiflexaceae,NA,NA
ASV6ed98951b59c,Bacteria,Pseudomonadota,Gammaproteobacteria,Burkholderiales,Alcaligenaceae,Castellaniella,defragrans
ASVc4b0e85c0b51,Bacteria,Pseudomonadota,Gammaproteobacteria,Lysobacterales,Rhodanobacteraceae,Rhodanobacter,NA
ASVabd800e1b120,Bacteria,Pseudomonadota,Gammaproteobacteria,Lysobacterales,Rhodanobacteraceae,Rhodanobacter,thiooxydans
ASV84886dcc9ce7,Bacteria,Pseudomonadota,Gammaproteobacteria,Lysobacterales,Rhodanobacteraceae,Rhodanobacter,NA
ASV30a616beb3f0,Bacteria,Pseudomonadota,Gammaproteobacteria,Lysobacterales,Rhodanobacteraceae,Rhodanobacter,thiooxydans
ASVfb1cc0d0c42e,Bacteria,Gemmatimonadota,Gemmatimonadia,Gemmatimonadales,Gemmatimonadaceae,Gemmatimonas,NA
ASV6f8b9d6399ce,Bacteria,Planctomycetota,Planctomycetes,Isosphaerales,Isosphaeraceae,Tautonia,NA
ASV98605ba39199,Bacteria,Pseudomonadota,Gammaproteobacteria,Burkholderiales,Burkholderiaceae,Burkholderia-Caballeronia-Paraburkholderia,NA
ASV2800e147cfcb,Bacteria,Actinomycetota,Actinobacteria,Frankiales,Acidothermaceae,Acidothermus,NA
ASV8577d12736f9,Bacteria,Pseudomonadota,Gammaproteobacteria,Lysobacterales,Rhodanobacteraceae,NA,NA
ASV147304cfa5d9,Bacteria,Pseudomonadota,Gammaproteobacteria,Lysobacterales,Rhodanobacteraceae,Rhodanobacter,NA
ASV41d09f2838fd,Bacteria,Chloroflexota,Chloroflexia,Thermomicrobiales,JG30-KF-CM45,NA,NA
ASV43313aedd64b,Bacteria,Pseudomonadota,Gammaproteobacteria,Burkholderiales,Alcaligenaceae,Castellaniella,defragrans
ASV17ca7d04ee57,Bacteria,Verrucomicrobiota,Verrucomicrobiia,Pedosphaerales,Pedosphaeraceae,NA,NA
ASV4043011a24cf,Bacteria,Pseudomonadota,Gammaproteobacteria,Burkholderiales,Burkholderiaceae,Burkholderia-Caballeronia-Paraburkholderia,NA
ASV24ed5f65e9c7,Bacteria,Pseudomonadota,Gammaproteobacteria,Burkholderiales,Burkholderiaceae,Burkholderia-Caballeronia-Paraburkholderia,NA
ASVdfda5cc1396e,Bacteria,Pseudomonadota,Gammaproteobacteria,Gammaproteobacteria Incertae Sedis,Unknown Family,Acidibacter,NA
ASV5d3070afa05f,Bacteria,Gemmatimonadota,Gemmatimonadia,Gemmatimonadales,Gemmatimonadaceae,Gemmatimonas,NA
ASV3b2232d0a6bb,Bacteria,Actinomycetota,Actinobacteria,Frankiales,Frankiaceae,Jatrophihabitans,NA
ASV01ba17674fbf,Bacteria,Acidobacteriota,Acidobacteriae,Bryobacterales,Bryobacteraceae,Bryobacter,NA
ASVe6a326f3b8d6,Bacteria,Pseudomonadota,Gammaproteobacteria,Burkholderiales,Alcaligenaceae,Castellaniella,defragrans
ASV43347908cca9,Bacteria,Pseudomonadota,Gammaproteobacteria,Lysobacterales,Rhodanobacteraceae,Chujaibacter,NA
ASVbb0c61c06752,Bacteria,Pseudomonadota,Gammaproteobacteria,Burkholderiales,SC-I-84,NA,NA
ASV8701611d0ccf,Bacteria,Pseudomonadota,Gammaproteobacteria,Burkholderiales,SC-I-84,NA,NA
ASVd5df3d865516,Bacteria,Pseudomonadota,Gammaproteobacteria,Burkholderiales,Alcaligenaceae,Bordetella,NA
ASV0a361df6bbc0,Bacteria,Pseudomonadota,Alphaproteobacteria,Sphingomonadales,Sphingomonadaceae,NA,NA
ASV5a167a666659,Bacteria,Acidobacteriota,Acidobacteriae,Terriglobales,NA,NA,NA
ASVed2fa54ef544,Bacteria,Pseudomonadota,Gammaproteobacteria,Burkholderiales,SC-I-84,NA,NA
ASV0586f322adb6,Bacteria,Gemmatimonadota,Gemmatimonadia,Gemmatimonadales,Gemmatimonadaceae,NA,NA
ASVf18825bd337a,Bacteria,Chloroflexota,Ktedonobacteria,Ktedonobacterales,JG30-KF-AS9,NA,NA
ASV1b0328c8e71e,Bacteria,Pseudomonadota,Alphaproteobacteria,Acetobacterales,Acetobacteraceae,Acidicaldus,NA
ASVcc39845e40ba,Bacteria,Pseudomonadota,Gammaproteobacteria,Lysobacterales,Rhodanobacteraceae,Chujaibacter,NA
ASV7f1e6d3f6b94,Bacteria,Pseudomonadota,Gammaproteobacteria,Burkholderiales,SC-I-84,NA,NA
ASVf563c0a10546,Bacteria,Pseudomonadota,Gammaproteobacteria,Lysobacterales,Rhodanobacteraceae,Chujaibacter,NA
ASV08953f3a20fe,Bacteria,Pseudomonadota,Gammaproteobacteria,Burkholderiales,Burkholderiaceae,Burkholderia-Caballeronia-Paraburkholderia,NA
ASV42117f92ef7c,Bacteria,Pseudomonadota,Gammaproteobacteria,Burkholderiales,SC-I-84,NA,NA
ASVbb1488536e80,Bacteria,Pseudomonadota,Gammaproteobacteria,Burkholderiales,SC-I-84,NA,NA
ASV57a139c94f57,Bacteria,Acidobacteriota,Acidobacteriae,Bryobacterales,Bryobacteraceae,Bryobacter,NA
ASV93c2505739e8,Bacteria,Chloroflexota,Chloroflexia,Thermomicrobiales,Thermomicrobiaceae,Nitrolancea,NA
ASV994cf60513e0,Bacteria,Bacillota,Bacilli,Alicyclobacillales,Alicyclobacillaceae,Alicyclobacillus,NA
ASV50188c9892b8,Bacteria,Actinomycetota,Actinobacteria,Streptosporangiales,Thermomonosporaceae,Actinomadura,NA
ASVa2fd48f3fbeb,Bacteria,Chloroflexota,Ktedonobacteria,Ktedonobacterales,JG30-KF-AS9,NA,NA
ASV77dd8bac3ff7,Bacteria,Pseudomonadota,Gammaproteobacteria,Burkholderiales,SC-I-84,NA,NA
ASV0a0bc8e4cee3,Bacteria,Pseudomonadota,Gammaproteobacteria,Burkholderiales,Oxalobacteraceae,Massilia,putida
ASV0f40462c3d57,Bacteria,Pseudomonadota,Gammaproteobacteria,Burkholderiales,SC-I-84,NA,NA
ASVa8900ad60fc4,Bacteria,Acidobacteriota,Acidobacteriae,Terriglobales,Acidobacteriaceae (Subgroup 1),NA,NA
ASVcc411a30fbad,Bacteria,Acidobacteriota,Acidobacteriae,Terriglobales,NA,NA,NA
ASVfccb02e1532f,Bacteria,Bacteroidota,Bacteroidia,Chitinophagales,Chitinophagaceae,NA,NA
ASV73b1cb44596e,Bacteria,Bacillota,Bacilli,Alicyclobacillales,Alicyclobacillaceae,Alicyclobacillus,NA
ASVe3de4af98d48,Bacteria,Acidobacteriota,Acidobacteriae,Terriglobales,NA,NA,NA
ASV92691b65a6cd,Bacteria,Candidatus Eremiobacterota,Eremiobacteria,NA,NA,NA,NA
ASV97cf7e04eaeb,Bacteria,Pseudomonadota,Alphaproteobacteria,Micropepsales,Micropepsaceae,NA,NA
ASV7faf5dacad02,Bacteria,Pseudomonadota,Gammaproteobacteria,Burkholderiales,SC-I-84,NA,NA
ASVe1bfe17147ea,Bacteria,Pseudomonadota,Gammaproteobacteria,Lysobacterales,Rhodanobacteraceae,Chujaibacter,NA
ASV01d2dc4a5610,Bacteria,Pseudomonadota,Gammaproteobacteria,Burkholderiales,SC-I-84,NA,NA
ASV96821220365d,Bacteria,Pseudomonadota,Alphaproteobacteria,Azospirillales,Azospirillaceae,NA,NA
ASV65a1848133b5,Bacteria,Pseudomonadota,Gammaproteobacteria,Burkholderiales,Alcaligenaceae,Castellaniella,defragrans
ASV78cbde93c515,Bacteria,Pseudomonadota,Gammaproteobacteria,Burkholderiales,Alcaligenaceae,Castellaniella,defragrans
ASV5de404ecf42d,Bacteria,Pseudomonadota,Alphaproteobacteria,Sphingomonadales,Sphingomonadaceae,Sphingomonas,NA
ASV7d6d8ef77dcd,Bacteria,Pseudomonadota,Gammaproteobacteria,Lysobacterales,Rhodanobacteraceae,Rhodanobacter,NA
ASV4eeb9d471bf1,Bacteria,Gemmatimonadota,Gemmatimonadia,Gemmatimonadales,Gemmatimonadaceae,NA,NA
ASVd2c9c3dbc22f,Bacteria,Actinomycetota,Thermoleophilia,Gaiellales,NA,NA,NA
ASVfb24a0c18e9f,Bacteria,Pseudomonadota,Gammaproteobacteria,Lysobacterales,Rhodanobacteraceae,Chujaibacter,NA
ASVda8d00ac0c5c,Bacteria,Acidobacteriota,Acidobacteriae,Terriglobales,Acidobacteriaceae (Subgroup 1),Occallatibacter,NA
ASV6d43a9c2603b,Bacteria,Pseudomonadota,Gammaproteobacteria,Burkholderiales,Oxalobacteraceae,Duganella,NA
ASVd0f3f60e38c4,Bacteria,Patescibacteria,Saccharimonadia,Saccharimonadales,NA,NA,NA
ASV5b0355a507a8,Bacteria,Pseudomonadota,Gammaproteobacteria,Burkholderiales,Burkholderiaceae,NA,NA
ASVe925a5a8def6,Bacteria,Candidatus Eremiobacterota,Eremiobacteria,NA,NA,NA,NA
ASV2663d81b0daa,Bacteria,Pseudomonadota,Alphaproteobacteria,Acetobacterales,Acetobacteraceae,Acidicaldus,NA
ASV2f467a66135e,Bacteria,Acidobacteriota,Acidobacteriae,Terriglobales,Acidobacteriaceae (Subgroup 1),Occallatibacter,NA
ASVd3303da3a428,Bacteria,Acidobacteriota,Acidobacteriae,Terriglobales,NA,NA,NA
ASV1c69e92bc31e,Bacteria,Pseudomonadota,Alphaproteobacteria,Acetobacterales,Acetobacteraceae,NA,NA
ASVb6fcd14b8748,Bacteria,Pseudomonadota,Gammaproteobacteria,Lysobacterales,Rhodanobacteraceae,Rhodanobacter,NA
ASV82a715aad670,Bacteria,Pseudomonadota,Gammaproteobacteria,Burkholderiales,Nitrosomonadaceae,Ellin6067,NA
ASV2780cef23cb2,Bacteria,Pseudomonadota,Gammaproteobacteria,Burkholderiales,Burkholderiaceae,Burkholderia-Caballeronia-Paraburkholderia,NA
ASV27db478b2f2f,Bacteria,Pseudomonadota,Gammaproteobacteria,Lysobacterales,Rhodanobacteraceae,Chujaibacter,NA
ASVf2c160c1e000,Bacteria,Actinomycetota,Thermoleophilia,Solirubrobacterales,Solirubrobacteraceae,Conexibacter,NA
ASVa42312a312ba,Bacteria,Acidobacteriota,Acidobacteriae,Subgroup 2,NA,NA,NA
ASV6ca1a235141e,Bacteria,RCP2-54,NA,NA,NA,NA,NA
ASVf26a6721a857,Bacteria,Pseudomonadota,Alphaproteobacteria,Hyphomicrobiales,Xanthobacteraceae,Pseudolabrys,NA
ASVc86029ec743b,Bacteria,Chloroflexota,Ktedonobacteria,Ktedonobacterales,JG30-KF-AS9,NA,NA
ASV7f0e85d5ec9b,Bacteria,Acidobacteriota,Acidobacteriae,Solibacterales,Solibacteraceae,Candidatus Solibacter,NA
ASV152f7ed2353e,Bacteria,Acidobacteriota,Acidobacteriae,Solibacterales,Solibacteraceae,Candidatus Solibacter,NA
ASV453510015d9b,Bacteria,Acidobacteriota,Acidobacteriae,Terriglobales,Acidobacteriaceae (Subgroup 1),Terracidiphilus,NA
ASVa93a24e8a3bc,Bacteria,Pseudomonadota,Gammaproteobacteria,Burkholderiales,Oxalobacteraceae,Massilia,putida
ASVdc150963513c,Bacteria,Actinomycetota,Actinobacteria,Frankiales,Acidothermaceae,Acidothermus,NA
ASV12633a133566,Bacteria,Pseudomonadota,Gammaproteobacteria,Burkholderiales,Burkholderiaceae,Burkholderia-Caballeronia-Paraburkholderia,NA
ASVb72b70b1ad86,Bacteria,Pseudomonadota,Alphaproteobacteria,Acetobacterales,Acetobacteraceae,Acidicaldus,NA
ASVc64c4a7df557,Bacteria,Acidobacteriota,Acidobacteriae,Bryobacterales,Bryobacteraceae,Bryobacter,NA
ASVfddd893d95d1,Bacteria,Planctomycetota,Phycisphaerae,Tepidisphaerales,WD2101 soil group,NA,NA
ASV9017b6c4faef,Bacteria,Pseudomonadota,Alphaproteobacteria,Acetobacterales,Acetobacteraceae,NA,NA
ASV77ce8907bd89,Bacteria,Gemmatimonadota,Gemmatimonadia,Gemmatimonadales,Gemmatimonadaceae,NA,NA
ASV86511a983352,Bacteria,Pseudomonadota,Alphaproteobacteria,Hyphomicrobiales,Rhizobiaceae,Mesorhizobium,plurifarium
ASV7da75393a8cf,Bacteria,Pseudomonadota,Alphaproteobacteria,Caulobacterales,Caulobacteraceae,Phenylobacterium,NA
ASVa0df35d8c522,Bacteria,Actinomycetota,Actinobacteria,Streptosporangiales,Streptosporangiaceae,Nonomuraea,NA
ASV382b0dc312c6,Bacteria,Pseudomonadota,Gammaproteobacteria,Lysobacterales,Rhodanobacteraceae,Chujaibacter,NA
ASVbfe057ea877f,Bacteria,Actinomycetota,MB-A2-108,NA,NA,NA,NA
ASV5b7bf6056f48,Bacteria,Gemmatimonadota,Gemmatimonadia,Gemmatimonadales,Gemmatimonadaceae,NA,NA
ASVcec65e28b193,Bacteria,Pseudomonadota,Gammaproteobacteria,Burkholderiales,Nitrosomonadaceae,MND1,NA
ASV91b389f8c3b6,Bacteria,Pseudomonadota,Gammaproteobacteria,Lysobacterales,Rhodanobacteraceae,Dyella,NA
ASVa8ed676433b4,Bacteria,Gemmatimonadota,Gemmatimonadia,Gemmatimonadales,Gemmatimonadaceae,Gemmatimonas,NA
ASV58b2f0e4751c,Bacteria,Actinomycetota,Actinobacteria,Catenulisporales,Catenulisporaceae,Catenulispora,NA
ASVe99ba40296c6,Bacteria,Chloroflexota,Ktedonobacteria,Ktedonobacterales,Ktedonobacteraceae,NA,NA
ASV1ba5684c33eb,Bacteria,Actinomycetota,Actinobacteria,Streptosporangiales,Streptosporangiaceae,NA,NA
ASV8c0b4d01cfeb,Bacteria,Pseudomonadota,Gammaproteobacteria,Burkholderiales,Comamonadaceae,Ramlibacter,NA
ASV37fe0b9a0d4a,Bacteria,Pseudomonadota,Alphaproteobacteria,Sphingomonadales,Sphingomonadaceae,Sphingomonas,NA
ASV2e88c0ab0de6,Bacteria,Acidobacteriota,Acidobacteriae,Terriglobales,NA,NA,NA
ASV558437d4d62a,Bacteria,Pseudomonadota,Gammaproteobacteria,Burkholderiales,Burkholderiaceae,Burkholderia-Caballeronia-Paraburkholderia,NA
ASVab5a8ea646f9,Bacteria,Actinomycetota,Actinobacteria,Frankiales,Frankiaceae,Jatrophihabitans,NA
ASV03a726559f25,Bacteria,Pseudomonadota,Gammaproteobacteria,Lysobacterales,Rhodanobacteraceae,Dyella,NA
ASVcd208a5df4ea,Bacteria,Pseudomonadota,Gammaproteobacteria,Lysobacterales,Rhodanobacteraceae,Rhodanobacter,thiooxydans
ASV24239cb246d9,Bacteria,Pseudomonadota,Alphaproteobacteria,Acetobacterales,Acetobacteraceae,Acidicaldus,NA
ASVe90ee89fde24,Bacteria,Pseudomonadota,Gammaproteobacteria,Burkholderiales,SC-I-84,NA,NA
ASVd30fa0587b98,Bacteria,Acidobacteriota,Acidobacteriae,Terriglobales,Acidobacteriaceae (Subgroup 1),Occallatibacter,NA
ASV02fef45f513e,Bacteria,Chloroflexota,KD4-96,NA,NA,NA,NA
ASV471200cccea9,Bacteria,Pseudomonadota,Gammaproteobacteria,Burkholderiales,SC-I-84,NA,NA
ASV7655884025d5,Bacteria,Gemmatimonadota,Gemmatimonadia,Gemmatimonadales,Gemmatimonadaceae,Gemmatimonas,NA
ASVcc4a2ac45afa,Bacteria,Pseudomonadota,Gammaproteobacteria,Burkholderiales,Alcaligenaceae,Castellaniella,NA
ASVd9e8c9698c6a,Bacteria,Actinomycetota,Actinobacteria,Micromonosporales,Micromonosporaceae,Hamadaea,NA
ASV497a13840233,Bacteria,Actinomycetota,Thermoleophilia,Gaiellales,NA,NA,NA
ASVb77de7c3a5f8,Bacteria,Pseudomonadota,Gammaproteobacteria,Burkholderiales,SC-I-84,NA,NA
ASV36e6b5b15ed8,Bacteria,Pseudomonadota,Alphaproteobacteria,Hyphomicrobiales,Xanthobacteraceae,Pseudolabrys,NA
ASV39a6041072a0,Bacteria,Acidobacteriota,Acidobacteriae,Subgroup 2,NA,NA,NA
ASV3822fc1fb987,Bacteria,Pseudomonadota,Gammaproteobacteria,Burkholderiales,Oxalobacteraceae,NA,NA
ASV8411d7c73e9e,Bacteria,Bacteroidota,Bacteroidia,Chitinophagales,Chitinophagaceae,NA,NA
ASV247ce30503f4,Bacteria,Bacillota,Bacilli,Paenibacillales,Paenibacillaceae,Ammoniphilus,NA
ASV88267c50124c,Bacteria,Pseudomonadota,Gammaproteobacteria,Burkholderiales,Alcaligenaceae,Castellaniella,defragrans
ASV8b3f215af19c,Bacteria,Bacillota,Bacilli,Alicyclobacillales,Alicyclobacillaceae,Alicyclobacillus,NA
ASVee83390e124f,Bacteria,Actinomycetota,Actinobacteria,Streptosporangiales,Thermomonosporaceae,Actinomadura,NA
ASV02018009519a,Bacteria,Acidobacteriota,Acidobacteriae,Terriglobales,Koribacteraceae,Candidatus Koribacter,NA
ASVc376b76ac430,Bacteria,Pseudomonadota,Gammaproteobacteria,Lysobacterales,Rhodanobacteraceae,Rhodanobacter,NA
ASV91bb39bc6c80,Bacteria,Pseudomonadota,Gammaproteobacteria,Lysobacterales,Lysobacteraceae,Luteimonas,NA
ASVbe31657d8b40,Bacteria,Pseudomonadota,Gammaproteobacteria,Lysobacterales,Rhodanobacteraceae,Rhodanobacter,lindaniclasticus
ASV0b6bda68dc89,Bacteria,Acidobacteriota,Acidobacteriae,Subgroup 2,NA,NA,NA
ASV776638b8ea84,Bacteria,Bacillota,Bacilli,Paenibacillales,Paenibacillaceae,Ammoniphilus,NA
ASV62145a58c722,Bacteria,Pseudomonadota,Gammaproteobacteria,Burkholderiales,Nitrosomonadaceae,Ellin6067,NA
ASV94f267832e60,Bacteria,Pseudomonadota,Alphaproteobacteria,Elsterales,NA,NA,NA
ASV12a86886e667,Bacteria,Bacteroidota,Bacteroidia,Chitinophagales,Chitinophagaceae,NA,NA
ASV0c1c6d916699,Bacteria,Pseudomonadota,Gammaproteobacteria,Lysobacterales,Rhodanobacteraceae,Rhodanobacter,thiooxydans
ASV40e93a26f269,Bacteria,Pseudomonadota,Gammaproteobacteria,Burkholderiales,Alcaligenaceae,Castellaniella,defragrans
ASVe09be9f4bba1,Bacteria,Pseudomonadota,Alphaproteobacteria,Caulobacterales,Caulobacteraceae,Phenylobacterium,NA
ASVa9db33ef95c6,Bacteria,Pseudomonadota,Gammaproteobacteria,Burkholderiales,Nitrosomonadaceae,Ellin6067,NA
ASVb9c4bf392ed7,Bacteria,Pseudomonadota,Gammaproteobacteria,Burkholderiales,SC-I-84,NA,NA
ASV8359e0912bd2,Bacteria,Pseudomonadota,Gammaproteobacteria,KF-JG30-C25,NA,NA,NA
ASV1549c1bf9ed6,Bacteria,Pseudomonadota,Gammaproteobacteria,Lysobacterales,Rhodanobacteraceae,Rhodanobacter,NA
ASV797124a5c1ce,Bacteria,Actinomycetota,Thermoleophilia,Gaiellales,NA,NA,NA
ASVb4ebc39f0916,Bacteria,Pseudomonadota,Gammaproteobacteria,Burkholderiales,Comamonadaceae,NA,NA
ASVe8a37e3fad0a,Bacteria,Pseudomonadota,Gammaproteobacteria,Burkholderiales,Burkholderiaceae,Burkholderia-Caballeronia-Paraburkholderia,sprentiae
ASV32f0a366b141,Bacteria,Pseudomonadota,Gammaproteobacteria,Lysobacterales,Lysobacteraceae,Luteimonas,NA
ASV386d9bcc776b,Bacteria,Acidobacteriota,Acidobacteriae,Terriglobales,NA,NA,NA
ASV0af0b9effadf,Bacteria,Candidatus Eremiobacterota,Eremiobacteria,NA,NA,NA,NA
ASV1a3503a26a10,Bacteria,Acidobacteriota,Acidobacteriae,Terriglobales,NA,NA,NA
ASVb6bf9b60c2c9,Bacteria,Bacteroidota,Bacteroidia,Chitinophagales,Chitinophagaceae,NA,NA
ASV2426cc6ce913,Bacteria,Pseudomonadota,Gammaproteobacteria,Burkholderiales,Comamonadaceae,NA,NA
ASV5b14e44e1469,Bacteria,Acidobacteriota,Acidobacteriae,Subgroup 13,NA,NA,NA
ASV36470cb5a9eb,Bacteria,Candidatus Eremiobacterota,Eremiobacteria,NA,NA,NA,NA
ASV1c492ba460e1,Bacteria,Pseudomonadota,Alphaproteobacteria,Acetobacterales,Acetobacteraceae,Acidicaldus,NA
ASV8c56b3dcccf2,Bacteria,Bacteroidota,Bacteroidia,Chitinophagales,Chitinophagaceae,NA,NA
ASVf107f4fe484d,Bacteria,Actinomycetota,Actinobacteria,Streptosporangiales,Streptosporangiaceae,Microbispora,NA
ASV44d2f2f0b42b,Bacteria,Pseudomonadota,Gammaproteobacteria,Burkholderiales,Alcaligenaceae,Castellaniella,defragrans
ASVd60dece68332,Bacteria,Pseudomonadota,Gammaproteobacteria,Lysobacterales,Rhodanobacteraceae,Rhodanobacter,thiooxydans
ASV19246e65eb30,Bacteria,Gemmatimonadota,Gemmatimonadia,Gemmatimonadales,Gemmatimonadaceae,NA,NA
ASVd5a33b158baf,Bacteria,Pseudomonadota,Alphaproteobacteria,Elsterales,URHD0088,NA,NA
ASV2d82bbf02f75,Bacteria,Chloroflexota,Ktedonobacteria,Ktedonobacterales,JG30-KF-AS9,NA,NA
ASV9f5ed99c4587,Bacteria,Actinomycetota,Actinobacteria,Catenulisporales,Actinospicaceae,Actinospica,NA
ASV153d14a8ab7d,Bacteria,Bacteroidota,Bacteroidia,Chitinophagales,Chitinophagaceae,NA,NA
ASVa5b555c637ca,Bacteria,Actinomycetota,Thermoleophilia,Solirubrobacterales,Solirubrobacteraceae,Conexibacter,NA
ASVf0bb16308206,Bacteria,Pseudomonadota,Gammaproteobacteria,Lysobacterales,Rhodanobacteraceae,Rhodanobacter,fulvus
ASV9afc54537b9f,Bacteria,Acidobacteriota,Acidobacteriae,Terriglobales,Acidobacteriaceae (Subgroup 1),Occallatibacter,NA
ASVf803badea994,Bacteria,Acidobacteriota,Acidobacteriae,Terriglobales,NA,NA,NA
ASVbe1b9832eb76,Bacteria,Acidobacteriota,Acidobacteriae,Terriglobales,Acidobacteriaceae (Subgroup 1),Occallatibacter,NA
ASV88e4a7818bdc,Bacteria,Pseudomonadota,Gammaproteobacteria,Burkholderiales,Burkholderiaceae,Burkholderia-Caballeronia-Paraburkholderia,NA
ASV6a9630c9ea65,Bacteria,Pseudomonadota,Gammaproteobacteria,Burkholderiales,SC-I-84,NA,NA
ASVf515268a93ae,Bacteria,Chloroflexota,Ktedonobacteria,C0119,NA,NA,NA
ASV1feff56314d2,Bacteria,Acidobacteriota,Acidobacteriae,Terriglobales,Acidobacteriaceae (Subgroup 1),Granulicella,NA
ASV8a79799be72e,Bacteria,Actinomycetota,Actinobacteria,Micromonosporales,Micromonosporaceae,Actinoplanes,NA
ASV7d25811aed07,Bacteria,Acidobacteriota,Acidobacteriae,Terriglobales,NA,NA,NA
ASVbf0d8db02261,Bacteria,Bacteroidota,Bacteroidia,Chitinophagales,Chitinophagaceae,NA,NA
ASV36491a2ce73c,Bacteria,Bacillota,Bacilli,Alicyclobacillales,Alicyclobacillaceae,Alicyclobacillus,NA
ASV01b6dfcb0e3f,Bacteria,Actinomycetota,Actinobacteria,Catenulisporales,Actinospicaceae,Actinocrinis,NA
ASV4b8bfe4535b8,Bacteria,Pseudomonadota,Gammaproteobacteria,Lysobacterales,Rhodanobacteraceae,Chujaibacter,NA
ASVd0f3ba7e266d,Bacteria,Acidobacteriota,Acidobacteriae,Terriglobales,Acidobacteriaceae (Subgroup 1),Occallatibacter,NA
ASVd85569ad9513,Bacteria,Acidobacteriota,Acidobacteriae,Terriglobales,Acidobacteriaceae (Subgroup 1),Occallatibacter,NA
ASVfbc8dd9f9fc5,Bacteria,Pseudomonadota,Gammaproteobacteria,Burkholderiales,SC-I-84,NA,NA
ASV02402b964882,Bacteria,Bacteroidota,Bacteroidia,Sphingobacteriales,Sphingobacteriaceae,Mucilaginibacter,NA
ASV7d46c596cc2a,Bacteria,Pseudomonadota,Gammaproteobacteria,Pseudomonadales,Pseudomonadaceae,Pseudomonas,NA
ASV159fb9247ee3,Bacteria,Patescibacteria,Saccharimonadia,Saccharimonadales,LWQ8,NA,NA
ASV5a4437de797d,Bacteria,Pseudomonadota,Gammaproteobacteria,Burkholderiales,Alcaligenaceae,Bordetella,NA
ASV623d717d1015,Bacteria,Chloroflexota,Chloroflexia,Thermomicrobiales,JG30-KF-CM45,NA,NA
ASV59e89a6d047d,Bacteria,Pseudomonadota,Gammaproteobacteria,Enterobacterales,Enterobacteriaceae,NA,NA
ASVc5b793db7ef7,Bacteria,Pseudomonadota,Gammaproteobacteria,Burkholderiales,SC-I-84,NA,NA
ASV65ac145767e1,Bacteria,Pseudomonadota,Gammaproteobacteria,Burkholderiales,Burkholderiaceae,Burkholderia-Caballeronia-Paraburkholderia,NA
ASV6b52c863991b,Bacteria,Pseudomonadota,Gammaproteobacteria,Burkholderiales,Burkholderiaceae,Burkholderia-Caballeronia-Paraburkholderia,NA
ASVe3051637cded,Bacteria,Candidatus Eremiobacterota,Eremiobacteria,NA,NA,NA,NA
ASV35a57b5a37cc,Bacteria,Pseudomonadota,Alphaproteobacteria,Azospirillales,Azospirillaceae,NA,NA
ASV1b43f514050e,Bacteria,Actinomycetota,Actinobacteria,Micrococcales,Micrococcaceae,Arthrobacter,NA
ASVa66b32c2aa2f,Bacteria,Gemmatimonadota,Gemmatimonadia,Gemmatimonadales,Gemmatimonadaceae,NA,NA
ASVa00e09110d84,Bacteria,Pseudomonadota,Gammaproteobacteria,Burkholderiales,Burkholderiaceae,Burkholderia-Caballeronia-Paraburkholderia,NA
ASV1aa6e9d43ebc,Bacteria,Pseudomonadota,Gammaproteobacteria,Burkholderiales,Oxalobacteraceae,Herbaspirillum,NA
ASV6b34b414f44b,Bacteria,Actinomycetota,Actinobacteria,Catenulisporales,Actinospicaceae,Actinospica,NA
ASVa3782fe6e413,Bacteria,Actinomycetota,Thermoleophilia,Gaiellales,NA,NA,NA
ASV2deb3f82fb67,Bacteria,Pseudomonadota,Gammaproteobacteria,Enterobacterales,Enterobacteriaceae,NA,NA
ASVc6d1985505f2,Bacteria,Pseudomonadota,Gammaproteobacteria,Enterobacterales,Enterobacteriaceae,NA,NA
ASV4729ace7398e,Bacteria,Chloroflexota,Chloroflexia,Thermomicrobiales,JG30-KF-CM45,NA,NA
ASV68b908e683f5,Bacteria,Actinomycetota,Actinobacteria,Streptosporangiales,Thermomonosporaceae,Actinomadura,NA
ASVa05f5e86617c,Bacteria,Actinomycetota,Actinobacteria,NA,NA,NA,NA
ASV9979e40f458b,Bacteria,Pseudomonadota,Alphaproteobacteria,Micropepsales,Micropepsaceae,NA,NA
ASVe3e27ab597cc,Bacteria,Acidobacteriota,Acidobacteriae,Terriglobales,Acidobacteriaceae (Subgroup 1),Terracidiphilus,NA
ASVf1a4f292cc92,Bacteria,Acidobacteriota,Acidobacteriae,Terriglobales,Koribacteraceae,Candidatus Koribacter,NA
ASV78b096aaa667,Bacteria,Acidobacteriota,Acidobacteriae,Terriglobales,Acidobacteriaceae (Subgroup 1),Granulicella,NA
ASV4de4852dc5cc,Bacteria,Pseudomonadota,Gammaproteobacteria,Burkholderiales,Burkholderiaceae,Burkholderia-Caballeronia-Paraburkholderia,NA
ASV60346001385e,Bacteria,Pseudomonadota,Gammaproteobacteria,Lysobacterales,Rhodanobacteraceae,Rhodanobacter,thiooxydans
ASVee62e0c1b598,Bacteria,Bacillota,Bacilli,Alicyclobacillales,Alicyclobacillaceae,Alicyclobacillus,NA
ASV6dd198f686e5,Bacteria,Pseudomonadota,Alphaproteobacteria,Sphingomonadales,Sphingomonadaceae,NA,NA
ASV6d9a3657bd55,Bacteria,Actinomycetota,Acidimicrobiia,Acidimicrobiales,Acidimicrobiaceae,Acidiferrimicrobium,NA
ASVd296107468af,Bacteria,Acidobacteriota,Acidobacteriae,Terriglobales,NA,NA,NA
ASV5a40af09cf2c,Bacteria,Pseudomonadota,Gammaproteobacteria,Burkholderiales,SC-I-84,NA,NA
ASV3f56e82f09ce,Bacteria,Pseudomonadota,Gammaproteobacteria,Burkholderiales,SC-I-84,NA,NA
ASVc951873e3a71,Bacteria,Actinomycetota,Actinobacteria,Catenulisporales,Actinospicaceae,Actinocrinis,NA
ASV83e23fd917bd,Bacteria,Chloroflexota,Ktedonobacteria,Ktedonobacterales,JG30-KF-AS9,NA,NA
ASV195eb0fdcb8f,Bacteria,Actinomycetota,Actinobacteria,Streptosporangiales,Streptosporangiaceae,Microbispora,NA
ASV2495845390fb,Bacteria,Actinomycetota,Actinobacteria,Kitasatosporales,Streptomycetaceae,Streptomyces,NA
ASV3eb769c4ca29,Bacteria,Pseudomonadota,Gammaproteobacteria,Burkholderiales,Comamonadaceae,NA,NA
ASV90574cf54d5d,Bacteria,Pseudomonadota,Gammaproteobacteria,Lysobacterales,Rhodanobacteraceae,Rhodanobacter,NA
ASV87c85927514b,Bacteria,Pseudomonadota,Gammaproteobacteria,Burkholderiales,Burkholderiaceae,Burkholderia-Caballeronia-Paraburkholderia,NA
ASVfad98570bb27,Bacteria,Actinomycetota,Actinobacteria,Catenulisporales,Actinospicaceae,Actinocrinis,NA
ASVf6d82607185e,Bacteria,Pseudomonadota,Gammaproteobacteria,Lysobacterales,Rhodanobacteraceae,Rhodanobacter,NA
ASV205a5750907f,Bacteria,Armatimonadota,Chthonomonadia,Chthonomonadales,NA,NA,NA
ASV4f65ae8fd6ff,Bacteria,Planctomycetota,Planctomycetes,Gemmatales,Gemmataceae,Gemmata,NA
ASVde0654bd9c90,Bacteria,Actinomycetota,Actinobacteria,Micrococcales,Microbacteriaceae,NA,NA
ASVa66094b9f3fb,Bacteria,Pseudomonadota,Alphaproteobacteria,Micropepsales,Micropepsaceae,NA,NA
ASV1803844d7b90,Bacteria,Pseudomonadota,Gammaproteobacteria,Burkholderiales,SC-I-84,NA,NA
ASVc8753535142b,Bacteria,Chloroflexota,TK10,NA,NA,NA,NA
ASV05cef7877c71,Bacteria,Bacteroidota,Bacteroidia,Chitinophagales,Chitinophagaceae,NA,NA
ASV67de4428b3d3,Bacteria,Acidobacteriota,Acidobacteriae,Bryobacterales,Bryobacteraceae,Bryobacter,NA
ASVa6e9773e56cc,Bacteria,Acidobacteriota,Acidobacteriae,Terriglobales,NA,NA,NA
ASV11262f3004bc,Bacteria,Acidobacteriota,Acidobacteriae,Terriglobales,Acidobacteriaceae (Subgroup 1),Granulicella,NA
ASV66656dbcea5a,Bacteria,Chloroflexota,Chloroflexia,Thermomicrobiales,JG30-KF-CM45,NA,NA
ASVfc49bb9adf46,Bacteria,Acidobacteriota,Acidobacteriae,Terriglobales,Koribacteraceae,Candidatus Koribacter,NA
ASVd2ebcbdc020c,Bacteria,Chloroflexota,Ktedonobacteria,Ktedonobacterales,JG30-KF-AS9,NA,NA
ASV41c2ccf52087,Bacteria,Acidobacteriota,Acidobacteriae,Terriglobales,Acidobacteriaceae (Subgroup 1),Occallatibacter,NA
ASV2b8fef80b256,Bacteria,Pseudomonadota,Gammaproteobacteria,Burkholderiales,SC-I-84,NA,NA
ASV7d862310b0b1,Bacteria,Pseudomonadota,Gammaproteobacteria,Burkholderiales,Burkholderiaceae,Burkholderia-Caballeronia-Paraburkholderia,NA
ASV107a5488c80b,Bacteria,Acidobacteriota,Acidobacteriae,Solibacterales,Solibacteraceae,Candidatus Solibacter,NA
ASV65e93e455ab4,Bacteria,Pseudomonadota,Gammaproteobacteria,Burkholderiales,Burkholderiaceae,Burkholderia-Caballeronia-Paraburkholderia,NA
ASVf0190e594153,Bacteria,Actinomycetota,Actinobacteria,Catenulisporales,Actinospicaceae,NA,NA
ASV2720bc943960,Bacteria,Pseudomonadota,Gammaproteobacteria,Burkholderiales,Oxalobacteraceae,Massilia,NA
ASVc5e4c94b0f5e,Bacteria,Pseudomonadota,Alphaproteobacteria,Azospirillales,Azospirillaceae,NA,NA
ASV0885182d09a8,Bacteria,Pseudomonadota,Alphaproteobacteria,Acetobacterales,Acetobacteraceae,Acidicaldus,NA
ASV1a6c599faa8d,Bacteria,Gemmatimonadota,Gemmatimonadia,Gemmatimonadales,Gemmatimonadaceae,NA,NA
ASVc26c47cfeb34,Bacteria,Actinomycetota,Actinobacteria,Micrococcales,Microbacteriaceae,NA,NA
ASVe84dcbd75e5d,Bacteria,Chloroflexota,OLB14,NA,NA,NA,NA
ASV9466a8293283,Bacteria,Pseudomonadota,Gammaproteobacteria,Burkholderiales,SC-I-84,NA,NA
ASV57e68d8bfaa2,Bacteria,Acidobacteriota,Acidobacteriae,Terriglobales,NA,NA,NA
ASV09d02a9eee43,Bacteria,Pseudomonadota,Gammaproteobacteria,Burkholderiales,SC-I-84,NA,NA
ASV0b5c01dbe620,Bacteria,Pseudomonadota,Gammaproteobacteria,Burkholderiales,Nitrosomonadaceae,mle1-7,NA
ASV5654606619c4,Bacteria,Pseudomonadota,Gammaproteobacteria,Burkholderiales,Nitrosomonadaceae,MND1,NA
ASVc313a7973bfa,Bacteria,Actinomycetota,Actinobacteria,Propionibacteriales,Nocardioidaceae,Nocardioides,NA
ASVe6bf9c871987,Bacteria,Acidobacteriota,Acidobacteriae,Terriglobales,Acidobacteriaceae (Subgroup 1),NA,NA
ASV94bc9fa25094,Bacteria,Pseudomonadota,Gammaproteobacteria,Lysobacterales,Rhodanobacteraceae,Rhodanobacter,thiooxydans
ASV9f1253a6dac8,Bacteria,Pseudomonadota,Gammaproteobacteria,Lysobacterales,Rhodanobacteraceae,Rhodanobacter,thiooxydans
ASVb2bc8204b695,Bacteria,Bacillota,Bacilli,Alicyclobacillales,Alicyclobacillaceae,Alicyclobacillus,NA
ASVbdfb2b13dc20,Bacteria,Bacteroidota,Bacteroidia,Bacteroidales,Dysgonomonadaceae,Fermentimonas,caenicola
ASV58b5f5adee83,Bacteria,Pseudomonadota,Gammaproteobacteria,Lysobacterales,Lysobacteraceae,Stenotrophomonas,acidaminiphila
ASV28360c260f7a,Bacteria,Pseudomonadota,Alphaproteobacteria,Elsterales,NA,NA,NA
ASVd1340cce5d42,Bacteria,Gemmatimonadota,Gemmatimonadia,Gemmatimonadales,Gemmatimonadaceae,Gemmatimonas,NA
ASV1397ebff0f23,Bacteria,Pseudomonadota,Gammaproteobacteria,Burkholderiales,Burkholderiaceae,Burkholderia-Caballeronia-Paraburkholderia,NA
ASVc289de0c70b1,Bacteria,Gemmatimonadota,Gemmatimonadia,Gemmatimonadales,Gemmatimonadaceae,Gemmatimonas,NA
ASVdfd4cda3bd6f,Bacteria,Actinomycetota,Actinobacteria,Frankiales,Acidothermaceae,Acidothermus,NA
ASVfedc80fad541,Bacteria,Pseudomonadota,Gammaproteobacteria,Burkholderiales,SC-I-84,NA,NA
ASVfb42a84deb7e,Bacteria,Candidatus Eremiobacterota,Eremiobacteria,NA,NA,NA,NA
ASV495dc53b63c8,Bacteria,Acidobacteriota,Acidobacteriae,Terriglobales,NA,NA,NA
ASV1dde0dff0c0b,Bacteria,Pseudomonadota,Gammaproteobacteria,Lysobacterales,Rhodanobacteraceae,Chujaibacter,NA
ASVded59233f980,Bacteria,Pseudomonadota,Gammaproteobacteria,Burkholderiales,Oxalobacteraceae,Massilia,NA
ASVfa7d6d442aea,Bacteria,Armatimonadota,Chthonomonadia,Chthonomonadales,NA,NA,NA
ASVee4262aff621,Bacteria,Actinomycetota,Actinobacteria,Frankiales,Acidothermaceae,Acidothermus,NA
ASV1cb87646d455,Bacteria,Acidobacteriota,Acidobacteriae,Terriglobales,Acidobacteriaceae (Subgroup 1),Occallatibacter,NA
ASVdbb9b1486ca7,Bacteria,Pseudomonadota,Alphaproteobacteria,Micropepsales,Micropepsaceae,Rhizomicrobium,NA
ASV3ec02bfa4be1,Bacteria,Pseudomonadota,Gammaproteobacteria,Lysobacterales,Rhodanobacteraceae,Rhodanobacter,NA
ASV9ee1a26733c0,Bacteria,Acidobacteriota,Acidobacteriae,Solibacterales,Solibacteraceae,Candidatus Solibacter,NA
ASVdfc4757ecb24,Bacteria,Pseudomonadota,Gammaproteobacteria,Lysobacterales,Rhodanobacteraceae,Rhodanobacter,NA
ASV7f5a6a1cfbcd,Bacteria,Pseudomonadota,Alphaproteobacteria,Caulobacterales,Caulobacteraceae,Phenylobacterium,NA
ASV82549ae13bda,Bacteria,Pseudomonadota,Gammaproteobacteria,Burkholderiales,Burkholderiaceae,Burkholderia-Caballeronia-Paraburkholderia,NA
ASVba9eda12abf2,Bacteria,Actinomycetota,Actinobacteria,Catenulisporales,Actinospicaceae,Actinocrinis,NA
ASVe60920bf0da5,Bacteria,Actinomycetota,Actinobacteria,NA,NA,NA,NA
ASV1015f0e2a2f0,Bacteria,Acidobacteriota,Acidobacteriae,Bryobacterales,Bryobacteraceae,Bryobacter,NA
ASV15a98dbf5fbb,Bacteria,Chloroflexota,Chloroflexia,Thermomicrobiales,Thermomicrobiaceae,Nitrolancea,NA
ASVb840de463666,Bacteria,Pseudomonadota,Gammaproteobacteria,Lysobacterales,Rhodanobacteraceae,Rhodanobacter,NA
ASVb0f65c824a45,Bacteria,Actinomycetota,Actinobacteria,Micrococcales,Microbacteriaceae,NA,NA
ASVff64bdaaa0a7,Bacteria,Bacillota,Bacilli,Alicyclobacillales,Alicyclobacillaceae,Alicyclobacillus,NA
ASV9d1666978b21,Bacteria,Chloroflexota,Ktedonobacteria,Ktedonobacterales,JG30-KF-AS9,NA,NA
ASV3a808caee9fe,Bacteria,Pseudomonadota,Gammaproteobacteria,Burkholderiales,SC-I-84,NA,NA
ASVc2be8f9d94f8,Bacteria,Actinomycetota,Actinobacteria,Frankiales,Acidothermaceae,Acidothermus,NA
ASVb8821a399eb0,Bacteria,Nitrospirota,Nitrospiria,Nitrospirales,Nitrospiraceae,Nitrospira,NA
ASV819c3b60a7d8,Bacteria,Pseudomonadota,Alphaproteobacteria,Hyphomicrobiales,Xanthobacteraceae,Pseudolabrys,NA
ASVf37f04bba374,Bacteria,Actinomycetota,Actinobacteria,Kitasatosporales,Streptomycetaceae,Streptomyces,NA
ASV716dda06ac5a,Bacteria,Acidobacteriota,Acidobacteriae,Terriglobales,Acidobacteriaceae (Subgroup 1),Granulicella,NA
ASV9681bb24ce57,Bacteria,Pseudomonadota,Gammaproteobacteria,Burkholderiales,Alcaligenaceae,Castellaniella,defragrans
ASV68d0660ce4ba,Bacteria,Acidobacteriota,Acidobacteriae,Terriglobales,NA,NA,NA
ASVa2d88c6f29a5,Bacteria,Pseudomonadota,Gammaproteobacteria,Burkholderiales,Burkholderiaceae,Burkholderia-Caballeronia-Paraburkholderia,NA
ASVcf8e3249d297,Bacteria,Pseudomonadota,Gammaproteobacteria,Burkholderiales,Nitrosomonadaceae,Ellin6067,NA
ASVb707d844fe54,Bacteria,Pseudomonadota,Gammaproteobacteria,Burkholderiales,SC-I-84,NA,NA
ASVc7275b56d484,Bacteria,Pseudomonadota,Alphaproteobacteria,Elsterales,Elsteraceae,NA,NA
ASV133ae9dfff39,Bacteria,Actinomycetota,Actinobacteria,Catenulisporales,Actinospicaceae,Actinocrinis,NA
ASV55753f2c4a75,Bacteria,Actinomycetota,Actinobacteria,Frankiales,Acidothermaceae,Acidothermus,NA
ASV4be8fa10317b,Bacteria,Pseudomonadota,Gammaproteobacteria,Lysobacterales,Rhodanobacteraceae,Rhodanobacter,thiooxydans
ASV19f2a305550b,Bacteria,Pseudomonadota,Gammaproteobacteria,Lysobacterales,Rhodanobacteraceae,Chujaibacter,NA
ASV23606e120fd6,Bacteria,Bacillota,Bacilli,Paenibacillales,Paenibacillaceae,NA,NA
ASV8bcf936c83dc,Bacteria,Actinomycetota,Actinobacteria,Streptosporangiales,Streptosporangiaceae,NA,NA
ASV1fd16caaca77,Bacteria,Acidobacteriota,Acidobacteriae,Terriglobales,Acidobacteriaceae (Subgroup 1),Occallatibacter,NA
ASVda91a6c55d07,Bacteria,Actinomycetota,Actinobacteria,Catenulisporales,Actinospicaceae,Actinocrinis,NA
ASVe38d137ed8c6,Bacteria,Pseudomonadota,Gammaproteobacteria,Burkholderiales,Oxalobacteraceae,Massilia,putida
ASV54b6f84d2ad3,Bacteria,Pseudomonadota,Gammaproteobacteria,Burkholderiales,SC-I-84,NA,NA
ASV081c56f2383a,Bacteria,Acidobacteriota,Acidobacteriae,Terriglobales,Acidobacteriaceae (Subgroup 1),Occallatibacter,NA
ASVfea0c0279569,Bacteria,Actinomycetota,MB-A2-108,NA,NA,NA,NA
ASV80c5c69fed0c,Bacteria,Planctomycetota,Phycisphaerae,Tepidisphaerales,WD2101 soil group,NA,NA
ASVea131d0d1c7a,Bacteria,Actinomycetota,Acidimicrobiia,Acidimicrobiales,Acidimicrobiaceae,NA,NA
ASV6dbbd25efb4a,Bacteria,Chloroflexota,Ktedonobacteria,Ktedonobacterales,JG30-KF-AS9,NA,NA
ASVc94b4ef50da7,Bacteria,Acidobacteriota,Acidobacteriae,Terriglobales,Acidobacteriaceae (Subgroup 1),Occallatibacter,NA
ASVc786ef03f514,Bacteria,Pseudomonadota,Gammaproteobacteria,Burkholderiales,Oxalobacteraceae,Massilia,NA
ASVb57f2385fb8a,Bacteria,Acidobacteriota,Acidobacteriae,Solibacterales,Solibacteraceae,Candidatus Solibacter,NA
ASVcc5e16f116a5,Bacteria,Chloroflexota,Ktedonobacteria,Ktedonobacterales,JG30-KF-AS9,NA,NA
ASVbd59596b2d22,Bacteria,Pseudomonadota,Alphaproteobacteria,Micropepsales,Micropepsaceae,NA,NA
ASV4ff7f54c971a,Bacteria,Pseudomonadota,Gammaproteobacteria,Burkholderiales,SC-I-84,NA,NA
ASV662827423ffe,Bacteria,Actinomycetota,Actinobacteria,Catenulisporales,Actinospicaceae,Actinocrinis,NA
ASV96c8e848ff61,Bacteria,Pseudomonadota,Gammaproteobacteria,Lysobacterales,Rhodanobacteraceae,Chujaibacter,NA
ASVeccf6e54b5fe,Bacteria,Pseudomonadota,Gammaproteobacteria,Burkholderiales,Oxalobacteraceae,Massilia,NA
ASVc7a107dcca4b,Bacteria,Chloroflexota,Chloroflexia,Thermomicrobiales,JG30-KF-CM45,NA,NA
ASV2f420b24b4e4,Bacteria,Gemmatimonadota,Gemmatimonadia,Gemmatimonadales,Gemmatimonadaceae,NA,NA
ASVd2a5bad2ed53,Bacteria,Pseudomonadota,Alphaproteobacteria,Caulobacterales,Caulobacteraceae,NA,NA
ASVa833157072ff,Bacteria,Actinomycetota,Actinobacteria,Micrococcales,Microbacteriaceae,NA,NA
ASV2c654380f22a,Bacteria,Planctomycetota,Planctomycetes,Gemmatales,Gemmataceae,Gemmata,NA
ASVe07fa247ab9f,Bacteria,Patescibacteria,Saccharimonadia,Saccharimonadales,WWH38,NA,NA
ASV1eecdc40954c,Bacteria,Actinomycetota,Actinobacteria,Micrococcales,Intrasporangiaceae,NA,NA
ASV8e44c0d41356,Bacteria,Acidobacteriota,Acidobacteriae,Terriglobales,NA,NA,NA
ASV90614f832c4b,Bacteria,Acidobacteriota,Acidobacteriae,Terriglobales,NA,NA,NA
ASV8ecbf21a3221,Bacteria,Actinomycetota,Actinobacteria,Micrococcales,Microbacteriaceae,NA,NA
ASV80253f4f156e,Bacteria,Gemmatimonadota,Gemmatimonadia,Gemmatimonadales,Gemmatimonadaceae,Gemmatimonas,NA
ASV9b2102be6872,Bacteria,Pseudomonadota,Gammaproteobacteria,Burkholderiales,Oxalobacteraceae,Massilia,NA
ASVf2246b6e03b8,Bacteria,Bacillota,Bacilli,Alicyclobacillales,Alicyclobacillaceae,Alicyclobacillus,NA
ASVa9b75bf4abfd,Bacteria,Pseudomonadota,Gammaproteobacteria,Pseudomonadales,Cellvibrionaceae,Cellvibrio,NA
ASVa8b28c48531d,Bacteria,Actinomycetota,Actinobacteria,Streptosporangiales,Streptosporangiaceae,Nonomuraea,NA
ASV57d89e5dc936,Bacteria,Pseudomonadota,Gammaproteobacteria,Burkholderiales,SC-I-84,NA,NA
ASVccd1fa97b655,Bacteria,Pseudomonadota,Gammaproteobacteria,Burkholderiales,Burkholderiaceae,Burkholderia-Caballeronia-Paraburkholderia,NA
ASV3ad593b4f541,Bacteria,Acidobacteriota,Acidobacteriae,Terriglobales,NA,NA,NA
ASV62c60d5319be,Bacteria,Actinomycetota,Thermoleophilia,Gaiellales,NA,NA,NA
ASV87a78d53ee76,Bacteria,Actinomycetota,Actinobacteria,Catenulisporales,Actinospicaceae,Actinocrinis,NA
ASV3cc94baa9063,Bacteria,Acidobacteriota,Acidobacteriae,Terriglobales,Acidobacteriaceae (Subgroup 1),Granulicella,NA
ASV0cc02b444189,Bacteria,Actinomycetota,Actinobacteria,Micrococcales,Microbacteriaceae,NA,NA
ASV336cbab922aa,Bacteria,Bacillota,Bacilli,Paenibacillales,Paenibacillaceae,Ammoniphilus,NA
ASVbb9f44bb699d,Bacteria,Actinomycetota,Actinobacteria,Streptosporangiales,Streptosporangiaceae,Nonomuraea,NA
ASVfe7bb9cc8af1,Bacteria,Pseudomonadota,Alphaproteobacteria,Sphingomonadales,Sphingomonadaceae,NA,NA
ASV53f7a0b73918,Bacteria,Pseudomonadota,Gammaproteobacteria,Burkholderiales,Nitrosomonadaceae,Ellin6067,NA
ASV20b7a004e4e0,Bacteria,Pseudomonadota,Gammaproteobacteria,Burkholderiales,SC-I-84,NA,NA
ASV50e11eeca54a,Bacteria,Pseudomonadota,Gammaproteobacteria,Burkholderiales,SC-I-84,NA,NA
ASVcf2bcc59b1f3,Bacteria,Pseudomonadota,Alphaproteobacteria,Acetobacterales,Acetobacteraceae,NA,NA
ASVab5a91b0ba4f,Bacteria,Actinomycetota,Actinobacteria,Propionibacteriales,Nocardioidaceae,Marmoricola,NA
ASV3cb923a1528e,Bacteria,Actinomycetota,Actinobacteria,Catenulisporales,Actinospicaceae,Actinocrinis,puniceicyclus
ASV646e2267064d,Bacteria,Pseudomonadota,Gammaproteobacteria,Enterobacterales,Enterobacteriaceae,NA,NA
ASV9aa3033f8d77,Bacteria,Pseudomonadota,Alphaproteobacteria,Sphingomonadales,Sphingomonadaceae,Hephaestia,NA
ASV750d1fc3dfe9,Bacteria,Pseudomonadota,Alphaproteobacteria,Acetobacterales,Acetobacteraceae,Acidicaldus,NA
ASV95a33c56a69b,Bacteria,Actinomycetota,Actinobacteria,Streptosporangiales,Streptosporangiaceae,Microbispora,NA
ASVb0e44e9c2429,Bacteria,Actinomycetota,Actinobacteria,NA,NA,NA,NA
ASV58fb4c5c8970,Bacteria,Pseudomonadota,Gammaproteobacteria,Gammaproteobacteria Incertae Sedis,Unknown Family,Acidibacter,NA
ASVe2c9d2c7c236,Bacteria,Pseudomonadota,Gammaproteobacteria,Enterobacterales,Enterobacteriaceae,NA,NA
ASV1a3e1d221ef6,Bacteria,Pseudomonadota,Gammaproteobacteria,Lysobacterales,Lysobacteraceae,Luteimonas,NA
ASVe3008ed98e01,Bacteria,Actinomycetota,Actinobacteria,Streptosporangiales,Thermomonosporaceae,Actinomadura,NA
ASVd8a4007027cf,Bacteria,Pseudomonadota,Gammaproteobacteria,Lysobacterales,Rhodanobacteraceae,Rhodanobacter,fulvus
ASVd155faf7936f,Bacteria,Pseudomonadota,Gammaproteobacteria,Burkholderiales,Oxalobacteraceae,Massilia,NA
ASV586e5d83dbc6,Bacteria,Actinomycetota,Actinobacteria,Frankiales,Acidothermaceae,Acidothermus,NA
ASV386485de098b,Bacteria,Acidobacteriota,Acidobacteriae,Terriglobales,Koribacteraceae,Candidatus Koribacter,NA
ASVf50565472f04,Bacteria,Pseudomonadota,Gammaproteobacteria,Burkholderiales,SC-I-84,NA,NA
ASVf030a204032a,Bacteria,Nitrospirota,Nitrospiria,Nitrospirales,Nitrospiraceae,Nitrospira,NA
ASV17b1715f678c,Bacteria,Actinomycetota,Actinobacteria,Frankiales,Acidothermaceae,Acidothermus,NA
ASV565587b793f7,Bacteria,Pseudomonadota,Gammaproteobacteria,Lysobacterales,Rhodanobacteraceae,NA,NA
ASV7ec52e64d216,Bacteria,Actinomycetota,Thermoleophilia,Gaiellales,NA,NA,NA
ASVbbbb801b3d70,Bacteria,Pseudomonadota,Gammaproteobacteria,Lysobacterales,Rhodanobacteraceae,Chujaibacter,NA
ASV7d0f3fa31f6a,Bacteria,Bacillota,Bacilli,Alicyclobacillales,Alicyclobacillaceae,Alicyclobacillus,NA
ASVed3eec47a860,Bacteria,Acidobacteriota,Acidobacteriae,Terriglobales,Acidobacteriaceae (Subgroup 1),NA,NA
ASV6db083cbcd05,Bacteria,Pseudomonadota,Gammaproteobacteria,Burkholderiales,Chromobacteriaceae,Crenobacter,NA
ASVdcfbb771e28c,Bacteria,Actinomycetota,Actinobacteria,Streptosporangiales,Thermomonosporaceae,Actinomadura,NA
ASV38bf60e77456,Bacteria,Actinomycetota,Thermoleophilia,Solirubrobacterales,NA,NA,NA
ASV2168a742fa73,Bacteria,Pseudomonadota,Gammaproteobacteria,Lysobacterales,Rhodanobacteraceae,Rhodanobacter,NA
ASV45a74b81acd4,Bacteria,Acidobacteriota,Subgroup 5,NA,NA,NA,NA
ASV70b7420fe1c6,Bacteria,Pseudomonadota,Alphaproteobacteria,Micropepsales,Micropepsaceae,NA,NA
ASVfabd31a1f96b,Eukaryota,NA,NA,NA,NA,NA,NA
ASV0d598b90b1e5,Bacteria,Pseudomonadota,Gammaproteobacteria,Lysobacterales,Lysobacteraceae,Stenotrophomonas,NA
ASV410c94f72283,Bacteria,Pseudomonadota,Alphaproteobacteria,Caulobacterales,Caulobacteraceae,Phenylobacterium,NA
ASVacc5c398e3ff,Bacteria,Actinomycetota,Actinobacteria,Micrococcales,Microbacteriaceae,NA,NA
ASVffdd7c26c19b,Bacteria,Planctomycetota,Phycisphaerae,Tepidisphaerales,WD2101 soil group,NA,NA
ASV22fd828d8b2b,Bacteria,Pseudomonadota,Gammaproteobacteria,Burkholderiales,SC-I-84,NA,NA
ASV5ae33600136f,Bacteria,Acidobacteriota,Acidobacteriae,Terriglobales,Acidobacteriaceae (Subgroup 1),Terracidiphilus,NA
ASV426b466b1418,Bacteria,Pseudomonadota,Gammaproteobacteria,Lysobacterales,Rhodanobacteraceae,Chujaibacter,NA
ASV9e01d984ae19,Bacteria,Actinomycetota,Actinobacteria,Frankiales,Acidothermaceae,Acidothermus,NA
ASV397cbc8e9e91,Bacteria,Pseudomonadota,Alphaproteobacteria,Micropepsales,Micropepsaceae,NA,NA
ASVe6485be5ee5b,Bacteria,Patescibacteria,Saccharimonadia,Saccharimonadales,NA,NA,NA
ASV981035eef09b,Bacteria,Planctomycetota,Phycisphaerae,Tepidisphaerales,WD2101 soil group,NA,NA
ASV72feffd9ac06,Bacteria,Pseudomonadota,Gammaproteobacteria,Lysobacterales,Rhodanobacteraceae,Chujaibacter,NA
ASV942a20f3b9fc,Bacteria,Chloroflexota,Ktedonobacteria,Ktedonobacterales,JG30-KF-AS9,NA,NA
ASVc9d2fc8191b8,Bacteria,Actinomycetota,Actinobacteria,Micromonosporales,Micromonosporaceae,Dactylosporangium,NA
ASV8ec755a400cc,Bacteria,Pseudomonadota,Alphaproteobacteria,Hyphomicrobiales,Xanthobacteraceae,Pseudolabrys,NA
ASV47ba3f93139a,Bacteria,Acidobacteriota,Acidobacteriae,Terriglobales,Acidobacteriaceae (Subgroup 1),Occallatibacter,NA
ASV930edfed7d2b,Bacteria,Pseudomonadota,Alphaproteobacteria,Micropepsales,Micropepsaceae,NA,NA
ASVda40243c0d0c,Bacteria,Pseudomonadota,Gammaproteobacteria,Lysobacterales,Rhodanobacteraceae,Chujaibacter,NA
ASV836994c522dc,Bacteria,Acidobacteriota,Acidobacteriae,Terriglobales,Acidobacteriaceae (Subgroup 1),Occallatibacter,NA
ASV5a1f5ef895ac,Bacteria,Pseudomonadota,Gammaproteobacteria,Burkholderiales,Burkholderiaceae,Burkholderia-Caballeronia-Paraburkholderia,NA
ASV84319fc0b073,Bacteria,Pseudomonadota,Gammaproteobacteria,Burkholderiales,SC-I-84,NA,NA
ASVd1f194dcdd39,Bacteria,Planctomycetota,Phycisphaerae,Tepidisphaerales,WD2101 soil group,NA,NA
ASV15d48da05883,Bacteria,Actinomycetota,Actinobacteria,Propionibacteriales,Nocardioidaceae,Kribbella,NA
ASVe9a182f1454c,Bacteria,Pseudomonadota,Gammaproteobacteria,Burkholderiales,Oxalobacteraceae,Massilia,putida
ASV3a71a4752e20,Bacteria,Acidobacteriota,Acidobacteriae,Terriglobales,NA,NA,NA
ASVd66c0165bc76,Bacteria,Pseudomonadota,Gammaproteobacteria,Enterobacterales,Enterobacteriaceae,NA,NA
ASV8dea04cfae76,Bacteria,Pseudomonadota,Alphaproteobacteria,Caulobacterales,Caulobacteraceae,Phenylobacterium,NA
ASVcbb7e2e12e50,Bacteria,Pseudomonadota,Alphaproteobacteria,Azospirillales,Azospirillaceae,NA,NA
ASV00846e72dd8a,Bacteria,Pseudomonadota,Gammaproteobacteria,Lysobacterales,Rhodanobacteraceae,Rhodanobacter,NA
ASV5762332110fb,Bacteria,Pseudomonadota,Gammaproteobacteria,Lysobacterales,Rhodanobacteraceae,Rhodanobacter,NA
ASVfe20ef2a1bee,Bacteria,Actinomycetota,Actinobacteria,Frankiales,Acidothermaceae,Acidothermus,NA
ASVaca448eeb3a8,Bacteria,Actinomycetota,Actinobacteria,Catenulisporales,Actinospicaceae,Actinocrinis,NA
ASV7fb8f1f22e70,Bacteria,Pseudomonadota,Gammaproteobacteria,Burkholderiales,SC-I-84,NA,NA
ASV78223a42ec38,Bacteria,Chloroflexota,Ktedonobacteria,Ktedonobacterales,JG30-KF-AS9,NA,NA
ASVae7b50e51aec,Bacteria,Gemmatimonadota,Gemmatimonadia,Gemmatimonadales,Gemmatimonadaceae,Gemmatimonas,NA
ASV3e3647a23154,Bacteria,Methylomirabilota,Methylomirabilia,Rokubacteriales,NA,NA,NA
ASVbf34d945ecc2,Bacteria,Actinomycetota,Actinobacteria,Frankiales,Acidothermaceae,Acidothermus,NA
ASV4a72b1e69117,Bacteria,Acidobacteriota,Vicinamibacteria,Vicinamibacterales,Vicinamibacteraceae,NA,NA
ASV355bb98261bb,Bacteria,Chloroflexota,Chloroflexia,Thermomicrobiales,JG30-KF-CM45,NA,NA
ASVce348fb90b0f,Bacteria,Actinomycetota,Actinobacteria,Frankiales,Acidothermaceae,Acidothermus,cellulolyticus
ASV94e0f44195f1,Bacteria,Chloroflexota,Ktedonobacteria,Ktedonobacterales,JG30-KF-AS9,NA,NA
ASV8e3557ad5251,Bacteria,Pseudomonadota,Gammaproteobacteria,Lysobacterales,Rhodanobacteraceae,Chujaibacter,NA
ASV7159701d169d,Bacteria,Pseudomonadota,Gammaproteobacteria,Burkholderiales,Burkholderiaceae,Burkholderia-Caballeronia-Paraburkholderia,NA
ASVb9762bc76497,Bacteria,Chloroflexota,Ktedonobacteria,B12-WMSP1,NA,NA,NA
ASV074bcc26ea6d,Bacteria,Myxococcota,Polyangiia,Haliangiales,Haliangiaceae,NA,NA
ASVb559cb5efc94,Bacteria,Pseudomonadota,Gammaproteobacteria,Burkholderiales,Burkholderiaceae,Burkholderia-Caballeronia-Paraburkholderia,NA
ASVf9d1463374d0,Bacteria,Myxococcota,Polyangiia,Haliangiales,Haliangiaceae,NA,NA
ASV04188205dcb6,Bacteria,Pseudomonadota,Gammaproteobacteria,Lysobacterales,Rhodanobacteraceae,NA,NA
ASV0f3a2d441b09,Bacteria,Pseudomonadota,Gammaproteobacteria,Lysobacterales,Rhodanobacteraceae,Chujaibacter,NA
ASVb3048e7cd5b3,Bacteria,Actinomycetota,Actinobacteria,NA,NA,NA,NA
ASV7a09c8f8c34e,Bacteria,Pseudomonadota,Gammaproteobacteria,Lysobacterales,Rhodanobacteraceae,Chujaibacter,NA
ASV2d469d023c63,Bacteria,Actinomycetota,Actinobacteria,Frankiales,Acidothermaceae,Acidothermus,cellulolyticus
ASV9311c3491e86,Bacteria,Actinomycetota,Actinobacteria,Micrococcales,Microbacteriaceae,NA,NA
ASV0075ac68758f,Bacteria,Actinomycetota,Thermoleophilia,Gaiellales,NA,NA,NA
ASV8ef0563457a2,Bacteria,Pseudomonadota,Gammaproteobacteria,Burkholderiales,Alcaligenaceae,Castellaniella,defragrans
ASV2eb82eb1c5a1,Bacteria,Actinomycetota,Thermoleophilia,Solirubrobacterales,Solirubrobacteraceae,Conexibacter,NA
ASV155ab24d89d8,Bacteria,Chloroflexota,Chloroflexia,Thermomicrobiales,JG30-KF-CM45,NA,NA
ASVc5668c911c0d,Bacteria,Bacillota,Bacilli,Alicyclobacillales,Alicyclobacillaceae,Alicyclobacillus,NA
ASV9f487b7425db,Bacteria,Pseudomonadota,Gammaproteobacteria,Lysobacterales,Rhodanobacteraceae,Rhodanobacter,NA
ASV55625ed6e7dc,Bacteria,Actinomycetota,Actinobacteria,Streptosporangiales,Streptosporangiaceae,Microbispora,NA
ASV62d6278f82a8,Bacteria,Actinomycetota,Actinobacteria,Frankiales,Acidothermaceae,Acidothermus,NA
ASV57a1f795eb10,Bacteria,Pseudomonadota,Gammaproteobacteria,Burkholderiales,Alcaligenaceae,Pusillibacter,NA
ASVe644c3ff963b,Bacteria,Pseudomonadota,Gammaproteobacteria,Lysobacterales,Lysobacteraceae,Luteimonas,NA
ASV7e8a459faa9a,Bacteria,Myxococcota,Polyangiia,Polyangiales,Polyangiaceae,Pajaroellobacter,NA
ASVf55dc35957c1,Bacteria,Pseudomonadota,Gammaproteobacteria,Burkholderiales,Comamonadaceae,NA,NA
ASVd7eafc86530b,Bacteria,Acidobacteriota,Acidobacteriae,Terriglobales,NA,NA,NA
ASV445b1013a0ae,Bacteria,Pseudomonadota,Gammaproteobacteria,Lysobacterales,Rhodanobacteraceae,Dyella,japonica
ASVfbaa2ae61e10,Bacteria,Acidobacteriota,Acidobacteriae,Terriglobales,Acidobacteriaceae (Subgroup 1),Terracidiphilus,NA
ASV7d81b42b13a1,Bacteria,Pseudomonadota,Gammaproteobacteria,Lysobacterales,Rhodanobacteraceae,Chujaibacter,NA
ASV03833f87b274,Bacteria,Actinomycetota,Actinobacteria,Micrococcales,Microbacteriaceae,NA,NA
ASV0bbd53016d29,Bacteria,Actinomycetota,Actinobacteria,Micrococcales,Micrococcaceae,Arthrobacter,NA
ASV983906c243df,Bacteria,Pseudomonadota,Gammaproteobacteria,Lysobacterales,Rhodanobacteraceae,NA,NA
ASVd6d69f643db6,Bacteria,Pseudomonadota,Gammaproteobacteria,Lysobacterales,Rhodanobacteraceae,Rhodanobacter,NA
ASV2e017b5a5e20,Bacteria,Planctomycetota,Phycisphaerae,Tepidisphaerales,WD2101 soil group,NA,NA
ASVd5ebf3e66c1e,Bacteria,Actinomycetota,Actinobacteria,Micrococcales,Microbacteriaceae,NA,NA
ASV1d6a56b3140b,Bacteria,Gemmatimonadota,Gemmatimonadia,Gemmatimonadales,Gemmatimonadaceae,NA,NA
ASVe89dfcc82d3b,Bacteria,Pseudomonadota,Gammaproteobacteria,Lysobacterales,Rhodanobacteraceae,Rhodanobacter,thiooxydans
ASVa83166130f59,Bacteria,Chloroflexota,Chloroflexia,Thermomicrobiales,Thermomicrobiaceae,Nitrolancea,NA
ASVc7ea0327831e,Bacteria,Actinomycetota,Actinobacteria,Micrococcales,Microbacteriaceae,NA,NA
ASV5eb2c3867894,Bacteria,Pseudomonadota,Alphaproteobacteria,Caulobacterales,Caulobacteraceae,Phenylobacterium,NA
ASV10d8f0a8d700,Bacteria,Pseudomonadota,Gammaproteobacteria,Burkholderiales,Burkholderiaceae,Burkholderia-Caballeronia-Paraburkholderia,NA
ASV0f705dc6208d,Bacteria,Gemmatimonadota,Gemmatimonadia,Gemmatimonadales,Gemmatimonadaceae,Gemmatimonas,NA
ASV0810a2629c0b,Bacteria,Acidobacteriota,Acidobacteriae,Terriglobales,Acidobacteriaceae (Subgroup 1),Occallatibacter,NA
ASV5bb88448a0ad,Bacteria,Pseudomonadota,Gammaproteobacteria,Burkholderiales,Burkholderiaceae,Burkholderia-Caballeronia-Paraburkholderia,NA
ASV55e3515fd96c,Bacteria,Planctomycetota,Phycisphaerae,Tepidisphaerales,WD2101 soil group,NA,NA
ASVaed3754d59d0,Bacteria,Pseudomonadota,Gammaproteobacteria,Burkholderiales,SC-I-84,NA,NA
ASV9064de043ad9,Bacteria,Pseudomonadota,Gammaproteobacteria,Burkholderiales,SC-I-84,NA,NA
ASVbaf009103d78,Bacteria,Chloroflexota,Chloroflexia,Chloroflexales,Roseiflexaceae,NA,NA
ASV8fd9c76b2c79,Bacteria,Acidobacteriota,Acidobacteriae,Terriglobales,NA,NA,NA
ASVa7a3c4d91d6e,Bacteria,Pseudomonadota,Gammaproteobacteria,Burkholderiales,Burkholderiaceae,Burkholderia-Caballeronia-Paraburkholderia,NA
ASV97773347908e,Bacteria,Chloroflexota,Ktedonobacteria,Ktedonobacterales,JG30-KF-AS9,NA,NA
ASV974804570f0f,Bacteria,Pseudomonadota,Gammaproteobacteria,Pseudomonadales,Pseudomonadaceae,Pseudomonas,NA
ASV7fc2cf6c8da3,Bacteria,Actinomycetota,Thermoleophilia,Gaiellales,NA,NA,NA
ASVc954f0df6d25,Bacteria,Pseudomonadota,Alphaproteobacteria,Azospirillales,Azospirillaceae,NA,NA
ASV54c5261b9081,Bacteria,Chloroflexota,Chloroflexia,Thermomicrobiales,Thermomicrobiaceae,Nitrolancea,NA
ASVd840012f1b8e,Bacteria,Actinomycetota,Actinobacteria,Frankiales,Frankiaceae,Jatrophihabitans,NA
ASV9bbeade26f5d,Bacteria,Acidobacteriota,Acidobacteriae,Terriglobales,Acidobacteriaceae (Subgroup 1),Granulicella,NA
ASVee4c6399c54f,Bacteria,Chloroflexota,Ktedonobacteria,Ktedonobacterales,JG30-KF-AS9,NA,NA
ASV78ca7babc452,Bacteria,Bacillota,Bacilli,Alicyclobacillales,Alicyclobacillaceae,Alicyclobacillus,NA
ASVf2fea02dda1c,Bacteria,Pseudomonadota,Alphaproteobacteria,Sphingomonadales,Sphingomonadaceae,Sphingomonas,NA
ASVa149011afa48,Bacteria,Pseudomonadota,Alphaproteobacteria,Elsterales,NA,NA,NA
ASV6a10070c8568,Bacteria,Pseudomonadota,Gammaproteobacteria,Lysobacterales,Rhodanobacteraceae,Chujaibacter,NA
ASV7f3ebbc0ae6d,Bacteria,Pseudomonadota,Gammaproteobacteria,Burkholderiales,Oxalobacteraceae,Duganella,NA
ASV5323d629b2d1,Bacteria,Actinomycetota,Actinobacteria,Micrococcales,Microbacteriaceae,NA,NA
ASVf74fe76aecc5,Bacteria,Actinomycetota,Thermoleophilia,Gaiellales,NA,NA,NA
ASVb96c025a123f,Bacteria,Acidobacteriota,Vicinamibacteria,Vicinamibacterales,NA,NA,NA
ASVef861c20516f,Bacteria,Planctomycetota,Planctomycetes,Gemmatales,Gemmataceae,Gemmata,NA
ASVa77d9dbbb703,Bacteria,Gemmatimonadota,Gemmatimonadia,Gemmatimonadales,Gemmatimonadaceae,Gemmatimonas,NA
ASV75d590b276ff,Bacteria,Pseudomonadota,Alphaproteobacteria,Acetobacterales,Acetobacteraceae,Acidicaldus,NA
ASVe6b99fa61241,Bacteria,Pseudomonadota,Gammaproteobacteria,Lysobacterales,Lysobacteraceae,NA,NA
ASV486212efe027,Bacteria,Pseudomonadota,Gammaproteobacteria,Lysobacterales,Rhodanobacteraceae,Frateuria,terrea
ASVad73f0f29311,Bacteria,Actinomycetota,Actinobacteria,Propionibacteriales,Nocardioidaceae,Nocardioides,NA
ASVccb25d1f1221,Bacteria,Pseudomonadota,Gammaproteobacteria,Burkholderiales,SC-I-84,NA,NA
ASV5ea9e79faa80,Bacteria,Actinomycetota,Actinobacteria,Catenulisporales,Actinospicaceae,Actinocrinis,NA
ASVd04f77d8b520,Bacteria,Acidobacteriota,Acidobacteriae,Terriglobales,NA,NA,NA
ASV854a08dcd694,Bacteria,Actinomycetota,Actinobacteria,Micrococcales,Micrococcaceae,Sinomonas,atrocyanea
ASV9a1a74b4e6ff,Bacteria,Actinomycetota,Actinobacteria,Kitasatosporales,Streptomycetaceae,Streptomyces,puniciscabiei
ASV4f31023fdc84,Bacteria,Planctomycetota,Planctomycetes,Pirellulales,Pirellulaceae,NA,NA
ASV3a33ad745cb3,Bacteria,Actinomycetota,Thermoleophilia,Solirubrobacterales,67-14,NA,NA
ASVe4856852ed1f,Bacteria,Pseudomonadota,Gammaproteobacteria,Enterobacterales,Enterobacteriaceae,Enterobacter,NA
ASV70499e723130,Bacteria,Actinomycetota,Actinobacteria,Streptosporangiales,Thermomonosporaceae,Actinomadura,NA
ASVb8cb80206979,Bacteria,Pseudomonadota,Gammaproteobacteria,Burkholderiales,Burkholderiaceae,Burkholderia-Caballeronia-Paraburkholderia,NA
ASVeacc586e47fd,Bacteria,Acidobacteriota,Acidobacteriae,Solibacterales,Solibacteraceae,Candidatus Solibacter,NA
ASVc8fd31764dba,Bacteria,Pseudomonadota,Gammaproteobacteria,Burkholderiales,SC-I-84,NA,NA
ASV52126a5400e2,Bacteria,Acidobacteriota,Acidobacteriae,Terriglobales,NA,NA,NA
ASVaa20912c0901,Bacteria,Pseudomonadota,Gammaproteobacteria,Burkholderiales,Burkholderiaceae,Burkholderia-Caballeronia-Paraburkholderia,NA
ASV9b8f4f3c4393,Bacteria,Pseudomonadota,Gammaproteobacteria,Burkholderiales,Nitrosomonadaceae,Ellin6067,NA
ASV5b05de27a6c7,Bacteria,Acidobacteriota,Acidobacteriae,Terriglobales,Acidobacteriaceae (Subgroup 1),Occallatibacter,NA
ASV1ca604f8a2cc,Bacteria,Acidobacteriota,Acidobacteriae,Terriglobales,NA,NA,NA
ASVad1597a7d8f1,Bacteria,Pseudomonadota,Gammaproteobacteria,JG36-TzT-191,NA,NA,NA
ASVbdf7bdfca26e,Bacteria,Pseudomonadota,Gammaproteobacteria,Burkholderiales,Burkholderiaceae,Burkholderia-Caballeronia-Paraburkholderia,NA
ASV4def34afae7f,Bacteria,Actinomycetota,Actinobacteria,Micromonosporales,Micromonosporaceae,NA,NA
ASV5e57620aa491,Bacteria,Pseudomonadota,Alphaproteobacteria,Azospirillales,Azospirillaceae,NA,NA
ASV691597901b1f,Bacteria,Pseudomonadota,Alphaproteobacteria,Acetobacterales,Acetobacteraceae,Acidicaldus,NA
ASV74c9110c7b42,Bacteria,Actinomycetota,Actinobacteria,Frankiales,Frankiaceae,Jatrophihabitans,NA
ASV5e52f8ff8704,Bacteria,Bacteroidota,Bacteroidia,Chitinophagales,Chitinophagaceae,NA,NA
ASVab53bdd8a55e,Bacteria,Patescibacteria,Saccharimonadia,Saccharimonadales,LWQ8,NA,NA
ASV318871edcd23,Bacteria,Pseudomonadota,Alphaproteobacteria,Sphingomonadales,Sphingomonadaceae,Novosphingobium,NA
ASV31b347509d44,Bacteria,Bacillota,Bacilli,Paenibacillales,Paenibacillaceae,Ammoniphilus,NA
ASV682af5c202cb,Bacteria,Pseudomonadota,Gammaproteobacteria,Burkholderiales,SC-I-84,NA,NA
ASV5924a2a2145f,Bacteria,Acidobacteriota,Acidobacteriae,Terriglobales,Acidobacteriaceae (Subgroup 1),Terracidiphilus,NA
ASVf5f118f6d8b9,Bacteria,Pseudomonadota,Gammaproteobacteria,Burkholderiales,Oxalobacteraceae,Massilia,putida
ASV17497f37be02,Bacteria,Actinomycetota,Thermoleophilia,Gaiellales,NA,NA,NA
ASVc7fbebceffa8,Bacteria,Actinomycetota,Thermoleophilia,Gaiellales,NA,NA,NA
ASV818ac3e38915,Bacteria,Actinomycetota,Thermoleophilia,Gaiellales,NA,NA,NA
ASVe7858919e122,Bacteria,Bacteroidota,Bacteroidia,Sphingobacteriales,Sphingobacteriaceae,Mucilaginibacter,NA
ASV7bc83eff9a6f,Bacteria,Chloroflexota,Chloroflexia,Thermomicrobiales,JG30-KF-CM45,NA,NA
ASVf8d43fd8619e,Bacteria,Patescibacteria,Saccharimonadia,Saccharimonadales,NA,NA,NA
ASV3e42752633b0,Bacteria,Myxococcota,Polyangiia,Polyangiales,BIrii41,NA,NA
ASV831433be8809,Bacteria,Pseudomonadota,Alphaproteobacteria,Acetobacterales,Acetobacteraceae,Acidicaldus,NA
ASV1d477c85b29b,Bacteria,Acidobacteriota,Acidobacteriae,Solibacterales,Solibacteraceae,Candidatus Solibacter,NA
ASV5c8af5ce2fd1,Bacteria,Gemmatimonadota,Gemmatimonadia,Gemmatimonadales,Gemmatimonadaceae,Gemmatimonas,NA
ASV98fd87d3684e,Bacteria,Acidobacteriota,Acidobacteriae,Terriglobales,NA,NA,NA
ASV1442b763d6c4,Bacteria,Pseudomonadota,Gammaproteobacteria,Lysobacterales,Rhodanobacteraceae,Chujaibacter,NA
ASVc0763ebd4933,Bacteria,Pseudomonadota,Gammaproteobacteria,Burkholderiales,Comamonadaceae,NA,NA
ASV61e3350fb693,Bacteria,Gemmatimonadota,Gemmatimonadia,Gemmatimonadales,Gemmatimonadaceae,Gemmatimonas,NA
ASVc0997328a30d,Bacteria,Pseudomonadota,Alphaproteobacteria,Micropepsales,Micropepsaceae,NA,NA
ASV5bde43403dc7,Bacteria,Chloroflexota,Chloroflexia,Thermomicrobiales,JG30-KF-CM45,NA,NA
ASV5246f72ea37f,Bacteria,Verrucomicrobiota,Verrucomicrobiia,Chthoniobacterales,Chthoniobacteraceae,Candidatus Udaeobacter,NA
ASV6576b89ffa5e,Bacteria,Myxococcota,bacteriap25,NA,NA,NA,NA
ASV5fc3be3ea16e,Bacteria,Acidobacteriota,Acidobacteriae,Terriglobales,Acidobacteriaceae (Subgroup 1),NA,NA
ASV12fcdbe957cf,Bacteria,Actinomycetota,Actinobacteria,Catenulisporales,Actinospicaceae,Actinocrinis,NA
ASVcd53936b2ab1,Bacteria,Pseudomonadota,Alphaproteobacteria,Acetobacterales,Acetobacteraceae,Acidicaldus,NA
ASVb2f9db508123,Bacteria,Actinomycetota,Actinobacteria,Micrococcales,Microbacteriaceae,NA,NA
ASVe0a7ea18b5aa,Bacteria,Pseudomonadota,Alphaproteobacteria,Hyphomicrobiales,Rhizobiaceae,Falsochrobactrum,ovis
ASV465860e54b14,Bacteria,Pseudomonadota,Gammaproteobacteria,Burkholderiales,Nitrosomonadaceae,Ellin6067,NA
ASV407116c8f0c4,Bacteria,Actinomycetota,Actinobacteria,Frankiales,Acidothermaceae,Acidothermus,NA
ASVf8c989408d18,Bacteria,Actinomycetota,Actinobacteria,Frankiales,Acidothermaceae,Acidothermus,NA
ASVb08ecd440a91,Bacteria,Acidobacteriota,Vicinamibacteria,Vicinamibacterales,NA,NA,NA
ASVc0270a5db6eb,Bacteria,Actinomycetota,Thermoleophilia,Gaiellales,NA,NA,NA
ASVfd8dd7127e82,Bacteria,Pseudomonadota,Gammaproteobacteria,Lysobacterales,Rhodanobacteraceae,Dyella,NA
ASV7a1c1791b22f,Bacteria,Planctomycetota,Phycisphaerae,Tepidisphaerales,WD2101 soil group,NA,NA
ASVab6e2e03b93c,Bacteria,Actinomycetota,Actinobacteria,Propionibacteriales,Nocardioidaceae,Marmoricola,NA
ASVf6bf7b09514c,Bacteria,Actinomycetota,Actinobacteria,Mycobacteriales,Nocardiaceae,Nocardia,nova
ASVb225f83733f5,Bacteria,Chloroflexota,Chloroflexia,Thermomicrobiales,JG30-KF-CM45,NA,NA
ASVb8b6aaedf1db,Bacteria,Actinomycetota,Actinobacteria,Frankiales,Frankiaceae,Jatrophihabitans,NA
ASVcb2fcfe92dd7,Bacteria,Pseudomonadota,Alphaproteobacteria,Elsterales,URHD0088,NA,NA
ASV7697408b062e,Bacteria,Actinomycetota,Thermoleophilia,Solirubrobacterales,Solirubrobacteraceae,Conexibacter,NA
ASV88f27d0cdd0f,Bacteria,Bacillota,Bacilli,Alicyclobacillales,Alicyclobacillaceae,Alicyclobacillus,NA
ASV7fc55fb02df8,Bacteria,Pseudomonadota,Alphaproteobacteria,Micropepsales,Micropepsaceae,NA,NA
ASVc1b90001ddb2,Bacteria,Pseudomonadota,Gammaproteobacteria,Burkholderiales,SC-I-84,NA,NA
ASVec3c54c43ed1,Bacteria,Pseudomonadota,Alphaproteobacteria,Acetobacterales,Acetobacteraceae,Acidicaldus,NA
ASVeec5517dfac7,Bacteria,Pseudomonadota,Gammaproteobacteria,Burkholderiales,SC-I-84,NA,NA
ASV8f4d70486ceb,Bacteria,Methylomirabilota,Methylomirabilia,Rokubacteriales,NA,NA,NA
ASV38797c27f12e,Bacteria,Actinomycetota,MB-A2-108,NA,NA,NA,NA
ASVf4cc96cfa59e,Bacteria,Pseudomonadota,Gammaproteobacteria,Lysobacterales,Rhodanobacteraceae,Rhodanobacter,NA
ASV426b68a237a3,Bacteria,Pseudomonadota,Alphaproteobacteria,Hyphomicrobiales,Xanthobacteraceae,Pseudolabrys,NA
ASVa7e1210189a1,Bacteria,Pseudomonadota,Gammaproteobacteria,Gammaproteobacteria Incertae Sedis,Unknown Family,Acidibacter,NA
ASV834700ca0428,Bacteria,Actinomycetota,Actinobacteria,Micrococcales,Micrococcaceae,NA,NA
ASVc747c7a980f5,Bacteria,Actinomycetota,Thermoleophilia,Gaiellales,NA,NA,NA
ASVc967ae8efa16,Bacteria,Pseudomonadota,Gammaproteobacteria,Lysobacterales,Rhodanobacteraceae,Dyella,NA
ASV0f781ddd9598,Bacteria,Actinomycetota,Actinobacteria,Streptosporangiales,Streptosporangiaceae,Nonomuraea,NA
ASVdd548970eb4d,Bacteria,Acidobacteriota,Acidobacteriae,Solibacterales,Solibacteraceae,Candidatus Solibacter,NA
ASV56313c8264c4,Bacteria,Pseudomonadota,Gammaproteobacteria,JG36-TzT-191,NA,NA,NA
ASV3773714d37b2,Bacteria,Pseudomonadota,Gammaproteobacteria,Burkholderiales,Nitrosomonadaceae,Ellin6067,NA
ASV6acab4c4cbb9,Bacteria,Acidobacteriota,Acidobacteriae,Terriglobales,Acidobacteriaceae (Subgroup 1),Occallatibacter,NA
ASVe97c21f05378,Bacteria,Pseudomonadota,Gammaproteobacteria,Burkholderiales,SC-I-84,NA,NA
ASV76ad50dac628,Bacteria,Pseudomonadota,Alphaproteobacteria,NA,NA,NA,NA
ASVc4665df061cd,Bacteria,Pseudomonadota,Alphaproteobacteria,Azospirillales,Azospirillaceae,NA,NA
ASV832f18c7fd21,Bacteria,Acidobacteriota,Vicinamibacteria,Vicinamibacterales,NA,NA,NA
ASVf84b0bf3722d,Bacteria,Actinomycetota,Actinobacteria,Catenulisporales,Actinospicaceae,Actinospica,NA
ASV723e4a4187bd,Bacteria,Actinomycetota,Thermoleophilia,Gaiellales,NA,NA,NA
ASV83cac9145e0f,Bacteria,Actinomycetota,Actinobacteria,Streptosporangiales,Streptosporangiaceae,Microbispora,NA
ASVbd94916a8de8,Bacteria,Pseudomonadota,Gammaproteobacteria,Lysobacterales,Rhodanobacteraceae,Dyella,NA
ASV98448eda23fd,Bacteria,Chloroflexota,NA,NA,NA,NA,NA
ASVf8907cf8163c,Bacteria,Myxococcota,Polyangiia,Polyangiales,Sandaracinaceae,NA,NA
ASVb08d9ab8d084,Bacteria,Pseudomonadota,Gammaproteobacteria,Lysobacterales,Rhodanobacteraceae,Rudaea,NA
ASVd1500059bb9a,Bacteria,Acidobacteriota,Acidobacteriae,Terriglobales,Acidobacteriaceae (Subgroup 1),Occallatibacter,NA
ASVb2d8bbdf3434,Bacteria,Actinomycetota,Acidimicrobiia,Acidimicrobiales,Acidimicrobiaceae,Acidiferrimicrobium,NA
ASV32a80f851338,Bacteria,Acidobacteriota,Acidobacteriae,Terriglobales,Acidobacteriaceae (Subgroup 1),Granulicella,NA
ASVcc66174f1f83,Bacteria,Actinomycetota,Actinobacteria,Propionibacteriales,Propionibacteriaceae,Microlunatus,NA
ASVc3cafd733e71,Bacteria,Pseudomonadota,Gammaproteobacteria,Burkholderiales,Burkholderiaceae,Burkholderia-Caballeronia-Paraburkholderia,NA
ASVf3e895286256,Bacteria,Pseudomonadota,Alphaproteobacteria,Sphingomonadales,Sphingomonadaceae,NA,NA
ASVb1fd9f9bf6ba,Bacteria,Acidobacteriota,Acidobacteriae,Terriglobales,Acidobacteriaceae (Subgroup 1),Occallatibacter,NA
ASV74bbc5ced353,Bacteria,Gemmatimonadota,Gemmatimonadia,Gemmatimonadales,Gemmatimonadaceae,Gemmatimonas,NA
ASVe49095cf0dc6,Bacteria,Planctomycetota,Planctomycetes,Isosphaerales,Isosphaeraceae,NA,NA
ASV29a6522b962f,Bacteria,Patescibacteria,Saccharimonadia,Saccharimonadales,LWQ8,NA,NA
ASV0aa72e5fdc04,Bacteria,Pseudomonadota,Alphaproteobacteria,Elsterales,NA,NA,NA
ASV6812668a9e8e,Bacteria,Pseudomonadota,Gammaproteobacteria,Burkholderiales,Burkholderiaceae,Burkholderia-Caballeronia-Paraburkholderia,NA
ASV495c78482c6c,Bacteria,Acidobacteriota,Acidobacteriae,Terriglobales,Acidobacteriaceae (Subgroup 1),Occallatibacter,NA
ASV539b5ecd646b,Bacteria,Pseudomonadota,Gammaproteobacteria,Burkholderiales,SC-I-84,NA,NA
ASV9c1eaa60a7ec,Bacteria,Pseudomonadota,Gammaproteobacteria,Burkholderiales,SC-I-84,NA,NA
ASVc664de5a9881,Bacteria,Chloroflexota,Anaerolineae,Aggregatilineales,Aggregatilineaceae,NA,NA
ASVd54eb86a52aa,Bacteria,Actinomycetota,Acidimicrobiia,Acidimicrobiales,Acidimicrobiaceae,Acidiferrimicrobium,NA
ASV0bf13a18a2a0,Bacteria,Pseudomonadota,Gammaproteobacteria,Burkholderiales,SC-I-84,NA,NA
ASVbabd50ad0690,Bacteria,Chloroflexota,Ktedonobacteria,Ktedonobacterales,JG30-KF-AS9,NA,NA
ASVfe211c1d63e6,Bacteria,Actinomycetota,Actinobacteria,Micrococcales,Micrococcaceae,NA,NA
ASV1e6977db8f54,Bacteria,Pseudomonadota,Gammaproteobacteria,Pseudomonadales,Pseudomonadaceae,Pseudomonas,NA
ASV6e36c2d8ebd3,Bacteria,Pseudomonadota,Gammaproteobacteria,Lysobacterales,Rhodanobacteraceae,Rhodanobacter,NA
ASV9a5fdd8c1dbf,Bacteria,Acidobacteriota,Acidobacteriae,Terriglobales,NA,NA,NA
ASV48f4e8ae1e8b,Bacteria,Pseudomonadota,Alphaproteobacteria,Elsterales,NA,NA,NA
ASVb52155ba64fb,Bacteria,Pseudomonadota,Gammaproteobacteria,Lysobacterales,Rhodanobacteraceae,Chujaibacter,NA
ASV6e49ffdc6669,Bacteria,Pseudomonadota,Gammaproteobacteria,Lysobacterales,Rhodanobacteraceae,Chujaibacter,NA
ASVc7e5b32aa8f5,Bacteria,Pseudomonadota,Gammaproteobacteria,Lysobacterales,Rhodanobacteraceae,Chujaibacter,NA
ASV3242b236ef99,Bacteria,Pseudomonadota,Alphaproteobacteria,Sphingomonadales,Sphingomonadaceae,NA,NA
ASVb8a7b20b7d07,Bacteria,Pseudomonadota,Gammaproteobacteria,Lysobacterales,Rhodanobacteraceae,Chujaibacter,NA
ASV9aebaff9c5ef,Bacteria,Gemmatimonadota,Longimicrobiia,Longimicrobiales,Longimicrobiaceae,NA,NA
ASV3c5e731cca30,Bacteria,Patescibacteria,Saccharimonadia,Saccharimonadales,Saccharimonadaceae,TM7a,NA
ASV35233a00cc70,Bacteria,Pseudomonadota,Alphaproteobacteria,Dongiales,Dongiaceae,Dongia,NA
ASVa85fcb157e41,Bacteria,Candidatus Eremiobacterota,Eremiobacteria,NA,NA,NA,NA
ASVfb45da2c2066,Bacteria,Pseudomonadota,Gammaproteobacteria,Burkholderiales,SC-I-84,NA,NA
ASVbaf6b7f0071a,Bacteria,Pseudomonadota,Gammaproteobacteria,Burkholderiales,SC-I-84,NA,NA
ASV683eec22c4b2,Bacteria,Acidobacteriota,Acidobacteriae,Terriglobales,NA,NA,NA
ASVdec21b0dc235,Bacteria,Pseudomonadota,Gammaproteobacteria,Burkholderiales,Nitrosomonadaceae,Ellin6067,NA
ASV99aefc18529a,Bacteria,Chloroflexota,KD4-96,NA,NA,NA,NA
ASVab7ee4d25605,Bacteria,Pseudomonadota,Gammaproteobacteria,Lysobacterales,Rhodanobacteraceae,Rhodanobacter,NA
ASV92332fdb5ce5,Bacteria,Actinomycetota,Actinobacteria,NA,NA,NA,NA
ASV451fa1525fef,Bacteria,Pseudomonadota,Gammaproteobacteria,Lysobacterales,Rhodanobacteraceae,Chujaibacter,NA
ASV255cc23a0b1e,Bacteria,Pseudomonadota,Gammaproteobacteria,Lysobacterales,Rhodanobacteraceae,Rhodanobacter,fulvus
ASV9b231bedd731,Bacteria,Patescibacteria,Saccharimonadia,Saccharimonadales,LWQ8,NA,NA
ASV0326daf11547,Bacteria,Pseudomonadota,Gammaproteobacteria,Burkholderiales,SC-I-84,NA,NA
ASV54408755f278,Bacteria,Pseudomonadota,Gammaproteobacteria,Burkholderiales,SC-I-84,NA,NA
ASVfb3201579485,Bacteria,Actinomycetota,Actinobacteria,Frankiales,Acidothermaceae,Acidothermus,NA
ASV77aae4773cfe,Bacteria,Pseudomonadota,Gammaproteobacteria,Burkholderiales,Oxalobacteraceae,NA,NA
ASV52053c58dbc1,Bacteria,Actinomycetota,Thermoleophilia,Gaiellales,NA,NA,NA
ASVce941c12d033,Bacteria,Chloroflexota,Chloroflexia,Thermomicrobiales,JG30-KF-CM45,NA,NA
ASV8ec44baaf7d5,Bacteria,Pseudomonadota,Gammaproteobacteria,Burkholderiales,Oxalobacteraceae,Massilia,NA
ASV3fa8e4691d50,Bacteria,Pseudomonadota,Alphaproteobacteria,Caulobacterales,Caulobacteraceae,Phenylobacterium,NA
ASVf03024b5d93c,Bacteria,Actinomycetota,Actinobacteria,Frankiales,Acidothermaceae,Acidothermus,cellulolyticus
ASVb28eb380e049,Bacteria,Pseudomonadota,Gammaproteobacteria,Burkholderiales,Comamonadaceae,NA,NA
ASV43afc3b71b21,Bacteria,Verrucomicrobiota,Verrucomicrobiia,Pedosphaerales,Pedosphaeraceae,NA,NA
ASVd711262fb3f2,Bacteria,Acidobacteriota,Acidobacteriae,Terriglobales,Koribacteraceae,Candidatus Koribacter,NA
ASVe5c0fca11e60,Bacteria,Actinomycetota,Thermoleophilia,Gaiellales,NA,NA,NA
ASV9a3ded89d975,Bacteria,Gemmatimonadota,Gemmatimonadia,Gemmatimonadales,Gemmatimonadaceae,NA,NA
ASV84b907aa31d8,Bacteria,Planctomycetota,Phycisphaerae,Tepidisphaerales,WD2101 soil group,NA,NA
ASV5f3c2ca8eedf,Bacteria,Actinomycetota,Actinobacteria,Catenulisporales,Actinospicaceae,Actinocrinis,NA
ASVc512d413e631,Bacteria,Verrucomicrobiota,Verrucomicrobiia,Pedosphaerales,Pedosphaeraceae,ADurb.Bin063-1,NA
ASV676a154dd9dd,Bacteria,Actinomycetota,Actinobacteria,Catenulisporales,Actinospicaceae,Actinocrinis,puniceicyclus
ASV57fac255da0f,Bacteria,Verrucomicrobiota,Verrucomicrobiia,Pedosphaerales,Pedosphaeraceae,Ellin516,NA
ASV8d4db4de0b8d,Bacteria,Pseudomonadota,Alphaproteobacteria,Acetobacterales,Acetobacteraceae,NA,NA
ASVcf9ffd5ac056,Bacteria,Actinomycetota,Actinobacteria,Frankiales,Geodermatophilaceae,NA,NA
ASV841ed476f553,Bacteria,Pseudomonadota,Alphaproteobacteria,Acetobacterales,Acetobacteraceae,NA,NA
ASV97e3c6d839d4,Bacteria,Pseudomonadota,Gammaproteobacteria,Lysobacterales,Rhodanobacteraceae,Dyella,japonica
ASV50d829c07b1e,Bacteria,Pseudomonadota,Alphaproteobacteria,Acetobacterales,Acetobacteraceae,NA,NA
ASVcfcb434f2a59,Bacteria,Actinomycetota,Actinobacteria,Micrococcales,Microbacteriaceae,NA,NA
ASVf02abd286d90,Bacteria,Chloroflexota,Ktedonobacteria,Ktedonobacterales,JG30-KF-AS9,NA,NA
ASV7266ac58c64e,Bacteria,Actinomycetota,Actinobacteria,Streptosporangiales,Streptosporangiaceae,Microbispora,NA
ASV31870de00711,Bacteria,Actinomycetota,Actinobacteria,Catenulisporales,Actinospicaceae,Actinocrinis,NA
ASV0f536073be82,Bacteria,Actinomycetota,Actinobacteria,Catenulisporales,Actinospicaceae,Actinocrinis,NA
ASVfc4e1a6a6b15,Bacteria,Acidobacteriota,Acidobacteriae,Terriglobales,Acidobacteriaceae (Subgroup 1),Occallatibacter,NA
ASVf3396f693491,Bacteria,Pseudomonadota,Gammaproteobacteria,Burkholderiales,SC-I-84,NA,NA
ASV299e58cd31b7,Bacteria,Actinomycetota,Actinobacteria,Catenulisporales,Actinospicaceae,Actinocrinis,puniceicyclus
ASV475d2dae7118,Bacteria,Acidobacteriota,Acidobacteriae,Subgroup 2,NA,NA,NA
ASV9bfec846a9e9,Bacteria,Pseudomonadota,Alphaproteobacteria,Sphingomonadales,Sphingomonadaceae,NA,NA
ASVfdf75d96e95f,Bacteria,Chloroflexota,Ktedonobacteria,Ktedonobacterales,Ktedonobacteraceae,NA,NA
ASV688bfd0775a9,Bacteria,Actinomycetota,Actinobacteria,Micrococcales,Micrococcaceae,Sinomonas,atrocyanea
ASV2b6cdada6485,Bacteria,Pseudomonadota,Gammaproteobacteria,Burkholderiales,SC-I-84,NA,NA
ASV79600e007a56,Bacteria,Acidobacteriota,Acidobacteriae,Terriglobales,Acidobacteriaceae (Subgroup 1),NA,NA
ASVe61fe02dd2d2,Bacteria,Chloroflexota,OLB14,NA,NA,NA,NA
ASV258c8183d60b,Bacteria,Pseudomonadota,Alphaproteobacteria,Caulobacterales,Caulobacteraceae,NA,NA
ASV781b776be9b2,Bacteria,Pseudomonadota,Alphaproteobacteria,Acetobacterales,Acetobacteraceae,NA,NA
ASVa90a1af5cf09,Bacteria,Pseudomonadota,Alphaproteobacteria,Elsterales,NA,NA,NA
ASVa737272c9d0c,Bacteria,Pseudomonadota,Alphaproteobacteria,Hyphomicrobiales,Xanthobacteraceae,Pseudolabrys,NA
ASV50c686065bda,Bacteria,Pseudomonadota,Alphaproteobacteria,Dongiales,Dongiaceae,Dongia,NA
ASV5804c3c1e958,Bacteria,Pseudomonadota,Gammaproteobacteria,Burkholderiales,Nitrosomonadaceae,MND1,NA
ASV6126c33888f7,Bacteria,Acidobacteriota,Acidobacteriae,Terriglobales,Acidobacteriaceae (Subgroup 1),Granulicella,NA
ASV06730e503251,Bacteria,Actinomycetota,Thermoleophilia,Gaiellales,NA,NA,NA
ASV4b13f56f6627,Bacteria,Actinomycetota,Actinobacteria,Micrococcales,Microbacteriaceae,Leifsonia,xyli
ASVda33e6db4447,Bacteria,Actinomycetota,Actinobacteria,Pseudonocardiales,Pseudonocardiaceae,Amycolatopsis,mediterranei
ASV34fa50a8a657,Bacteria,Pseudomonadota,Gammaproteobacteria,Lysobacterales,Rhodanobacteraceae,Rhodanobacter,thiooxydans
ASV2f8f5850f344,Bacteria,Pseudomonadota,Gammaproteobacteria,Burkholderiales,Burkholderiaceae,NA,NA
ASV4ee65eb0edd5,Bacteria,Pseudomonadota,Alphaproteobacteria,Sphingomonadales,Sphingomonadaceae,Sphingomonas,polyaromaticivorans
ASV57ccc0443860,Bacteria,Pseudomonadota,Alphaproteobacteria,Hyphomicrobiales,Rhizobiaceae,NA,NA
ASVcae09cc3fce8,Bacteria,Pseudomonadota,Gammaproteobacteria,Lysobacterales,Lysobacteraceae,Stenotrophomonas,acidaminiphila
ASVdfb4de0062d4,Bacteria,Acidobacteriota,Acidobacteriae,Terriglobales,NA,NA,NA
ASV66a005f32cf8,Bacteria,Pseudomonadota,Gammaproteobacteria,Burkholderiales,Burkholderiaceae,Burkholderia-Caballeronia-Paraburkholderia,NA
ASVf981edf15c5a,Bacteria,Pseudomonadota,Gammaproteobacteria,Lysobacterales,Rhodanobacteraceae,Rhodanobacter,NA
ASV9afe24851041,Bacteria,Chloroflexota,KD4-96,NA,NA,NA,NA
ASV18c7f0d00a85,Bacteria,Actinomycetota,Actinobacteria,Micromonosporales,Micromonosporaceae,Hamadaea,NA
ASV702d7f3c5d4d,Bacteria,Pseudomonadota,Alphaproteobacteria,Micropepsales,Micropepsaceae,Rhizomicrobium,NA
ASV9ac9e50e1e16,Bacteria,RCP2-54,NA,NA,NA,NA,NA
ASV9b3fd9311420,Bacteria,Actinomycetota,Actinobacteria,Pseudonocardiales,Pseudonocardiaceae,NA,NA
ASV29626ac6d8ac,Bacteria,Patescibacteria,Saccharimonadia,Saccharimonadales,LWQ8,NA,NA
ASVcb98025746ce,Bacteria,Myxococcota,Polyangiia,Polyangiales,Sandaracinaceae,NA,NA
ASV75a4075c603b,Bacteria,Myxococcota,Polyangiia,Polyangiales,Sandaracinaceae,NA,NA
ASV53c32d86d3d3,Bacteria,Pseudomonadota,Alphaproteobacteria,Sphingomonadales,Sphingomonadaceae,Sphingomonas,NA
ASV4dd6a5cf3dc4,Bacteria,Pseudomonadota,Gammaproteobacteria,Enterobacterales,Enterobacteriaceae,Enterobacter,NA
ASVd91d979f3f2b,Bacteria,Actinomycetota,Actinobacteria,Micrococcales,Microbacteriaceae,NA,NA
ASVc5887d714429,Bacteria,Actinomycetota,Actinobacteria,Catenulisporales,Catenulisporaceae,Catenulispora,NA
ASVf82245d149b7,Bacteria,Actinomycetota,Actinobacteria,Micrococcales,Micrococcaceae,NA,NA
ASV2464e64ba69d,Bacteria,Actinomycetota,Acidimicrobiia,Microtrichales,NA,NA,NA
ASVc18e2002206d,Bacteria,Pseudomonadota,Gammaproteobacteria,Burkholderiales,Alcaligenaceae,Castellaniella,defragrans
ASVfb377e1af3b0,Bacteria,Actinomycetota,Actinobacteria,Frankiales,Geodermatophilaceae,Geodermatophilus,NA
ASVb6752f7a7acd,Bacteria,Chloroflexota,Ktedonobacteria,Ktedonobacterales,JG30-KF-AS9,NA,NA
ASVd891631da5cf,Bacteria,Pseudomonadota,Gammaproteobacteria,Lysobacterales,Rhodanobacteraceae,Chujaibacter,NA
ASV2ea0f40ae026,Bacteria,Pseudomonadota,Gammaproteobacteria,Enterobacterales,Idiomarinaceae,Pseudidiomarina,NA
ASVa14263ada7f8,Bacteria,Pseudomonadota,Gammaproteobacteria,Burkholderiales,Chromobacteriaceae,Crenobacter,NA
ASV90eda33e6354,Bacteria,Actinomycetota,Thermoleophilia,Solirubrobacterales,Solirubrobacteraceae,Conexibacter,NA
ASV9f74353cac37,Bacteria,Actinomycetota,Actinobacteria,Frankiales,Frankiaceae,Jatrophihabitans,NA
ASVcc7c49f7084a,Bacteria,Pseudomonadota,Alphaproteobacteria,Elsterales,NA,NA,NA
ASVc31e01308593,Bacteria,Acidobacteriota,Acidobacteriae,Terriglobales,Acidobacteriaceae (Subgroup 1),Granulicella,NA
ASV78aac788021d,Bacteria,Pseudomonadota,Gammaproteobacteria,Burkholderiales,Burkholderiaceae,Burkholderia-Caballeronia-Paraburkholderia,NA
ASV410341314278,Bacteria,Pseudomonadota,Gammaproteobacteria,Burkholderiales,SC-I-84,NA,NA
ASV1537b29aec46,Bacteria,Actinomycetota,Actinobacteria,Frankiales,Acidothermaceae,Acidothermus,NA
ASVa4a31ca51845,Bacteria,Actinomycetota,Actinobacteria,Micrococcales,Micrococcaceae,NA,NA
ASVeb8f89965319,Bacteria,Actinomycetota,Thermoleophilia,Gaiellales,NA,NA,NA
ASVf5f681eb0955,Bacteria,Pseudomonadota,Gammaproteobacteria,Burkholderiales,Burkholderiaceae,Pandoraea,NA
ASV5edc26a8fa4e,Bacteria,Pseudomonadota,Alphaproteobacteria,Sphingomonadales,Sphingomonadaceae,NA,NA
ASV64a15e05dc38,Bacteria,Pseudomonadota,Alphaproteobacteria,Acetobacterales,Acetobacteraceae,NA,NA
ASVe50760f4c2e9,Bacteria,Actinomycetota,Actinobacteria,Micrococcales,Microbacteriaceae,Microbacterium,NA
ASV75fca4841ba2,Bacteria,Actinomycetota,Thermoleophilia,Gaiellales,NA,NA,NA
ASV980884489b53,Bacteria,Pseudomonadota,Gammaproteobacteria,Lysobacterales,Rhodanobacteraceae,Rhodanobacter,thiooxydans
ASV01e9a3676045,Bacteria,Actinomycetota,Actinobacteria,Micromonosporales,Micromonosporaceae,NA,NA
ASVf36318337066,Bacteria,Actinomycetota,Actinobacteria,Frankiales,Frankiaceae,Jatrophihabitans,NA
ASV95f0a3dde902,Bacteria,Patescibacteria,Saccharimonadia,Saccharimonadales,WWH38,NA,NA
ASVd634d66eab73,Bacteria,Pseudomonadota,Gammaproteobacteria,Burkholderiales,Nitrosomonadaceae,Ellin6067,NA
ASV4cfc2ab5127b,Bacteria,Acidobacteriota,Vicinamibacteria,Vicinamibacterales,Vicinamibacteraceae,NA,NA
ASV68be43be09df,Bacteria,Actinomycetota,Thermoleophilia,Gaiellales,NA,NA,NA
ASV1a62fe6d4de7,Bacteria,Pseudomonadota,Alphaproteobacteria,Hyphomicrobiales,Rhizobiaceae,Mesorhizobium,plurifarium
ASVf5650530ba8a,Bacteria,Acidobacteriota,Acidobacteriae,Terriglobales,Koribacteraceae,Candidatus Koribacter,NA
ASV414e2383e90b,Bacteria,Gemmatimonadota,S0134 terrestrial group,NA,NA,NA,NA
ASVd4d7c829dd44,Bacteria,Planctomycetota,Phycisphaerae,Tepidisphaerales,WD2101 soil group,NA,NA
ASV8b5fa90f2509,Bacteria,Actinomycetota,Actinobacteria,Frankiales,Geodermatophilaceae,Modestobacter,NA
ASVca2723663854,Bacteria,Acidobacteriota,Acidobacteriae,Bryobacterales,Bryobacteraceae,Bryobacter,NA
ASV4fbfd766dbaa,Bacteria,Acidobacteriota,Acidobacteriae,Terriglobales,Acidobacteriaceae (Subgroup 1),NA,NA
ASVdc48ba577380,Bacteria,Acidobacteriota,Acidobacteriae,Terriglobales,NA,NA,NA
ASV78bc7e523e56,Bacteria,Actinomycetota,Actinobacteria,Mycobacteriales,Mycobacteriaceae,Mycobacterium,NA
ASV21d867846cfb,Bacteria,Pseudomonadota,Alphaproteobacteria,Sphingomonadales,Sphingomonadaceae,Hephaestia,NA
ASV8397acf849cd,Bacteria,Gemmatimonadota,S0134 terrestrial group,NA,NA,NA,NA
ASV24070f6df7e5,Bacteria,Bacteroidota,Bacteroidia,Bacteroidales,Dysgonomonadaceae,Fermentimonas,caenicola
ASVf0715b93c36f,Bacteria,Pseudomonadota,Gammaproteobacteria,Burkholderiales,Comamonadaceae,NA,NA
ASVcdc03cd148fc,Bacteria,Pseudomonadota,Alphaproteobacteria,Caulobacterales,Caulobacteraceae,Asticcacaulis,NA
ASV1a1e38fedaa6,Bacteria,Actinomycetota,Actinobacteria,Frankiales,Geodermatophilaceae,NA,NA
ASV93c8c4dd6b25,Bacteria,Actinomycetota,Thermoleophilia,Gaiellales,NA,NA,NA
ASVaddf3e50ea45,Bacteria,Pseudomonadota,Gammaproteobacteria,Burkholderiales,Burkholderiaceae,Burkholderia-Caballeronia-Paraburkholderia,NA
ASV2bc371889e9b,Bacteria,Pseudomonadota,Gammaproteobacteria,Burkholderiales,SC-I-84,NA,NA
ASVc278840b0148,Bacteria,Pseudomonadota,Gammaproteobacteria,Burkholderiales,SC-I-84,NA,NA
ASV974a764f7348,Bacteria,Pseudomonadota,Gammaproteobacteria,Lysobacterales,Rhodanobacteraceae,NA,NA
ASV9c36bcaed8e5,Bacteria,RCP2-54,NA,NA,NA,NA,NA
ASV6f0e007c5d94,Bacteria,Actinomycetota,Actinobacteria,Catenulisporales,Catenulisporaceae,Catenulispora,NA
ASV40b08c2bc296,Bacteria,Chloroflexota,Chloroflexia,Thermomicrobiales,JG30-KF-CM45,NA,NA
ASV904037996584,Bacteria,Pseudomonadota,Gammaproteobacteria,Lysobacterales,Rhodanobacteraceae,Chujaibacter,NA
ASVa34c3bc4456f,Bacteria,Pseudomonadota,Alphaproteobacteria,Sphingomonadales,Sphingomonadaceae,NA,NA
ASVe64f5e25511a,Bacteria,Pseudomonadota,Gammaproteobacteria,Gammaproteobacteria Incertae Sedis,Unknown Family,Acidibacter,NA
ASV38d0cfe36bf1,Bacteria,Myxococcota,Polyangiia,Polyangiales,Sandaracinaceae,NA,NA
ASVa423a8b7ad90,Bacteria,Verrucomicrobiota,Verrucomicrobiia,Pedosphaerales,Pedosphaeraceae,Ellin516,NA
ASV9095ec08c014,Bacteria,Acidobacteriota,Acidobacteriae,Terriglobales,NA,NA,NA
ASV55a020ea33e0,Bacteria,Chloroflexota,Ktedonobacteria,Ktedonobacterales,JG30-KF-AS9,NA,NA
ASVbc614f0d0ebe,Bacteria,Pseudomonadota,Gammaproteobacteria,Burkholderiales,Burkholderiaceae,Burkholderia-Caballeronia-Paraburkholderia,NA
ASV212e85b16413,Bacteria,Pseudomonadota,Alphaproteobacteria,Caulobacterales,Caulobacteraceae,Phenylobacterium,NA
ASV6bb3ca12c794,Bacteria,Pseudomonadota,Gammaproteobacteria,Burkholderiales,Burkholderiaceae,Burkholderia-Caballeronia-Paraburkholderia,NA
ASVde9685bbf7fb,Bacteria,Gemmatimonadota,Gemmatimonadia,Gemmatimonadales,Gemmatimonadaceae,Gemmatimonas,NA
ASVbf39dccfed60,Bacteria,Chloroflexota,KD4-96,NA,NA,NA,NA
ASV08fb91e31d63,Bacteria,Chloroflexota,KD4-96,NA,NA,NA,NA
ASVa28475a9d5f9,Bacteria,Patescibacteria,Saccharimonadia,Saccharimonadales,WWH38,NA,NA
ASVc2f6863ec90d,Bacteria,Pseudomonadota,Gammaproteobacteria,Enterobacterales,Enterobacteriaceae,NA,NA
ASVc1fbbe8f63c0,Bacteria,Actinomycetota,Acidimicrobiia,Acidimicrobiales,Acidimicrobiaceae,Acidiferrimicrobium,NA
ASVf4b2fb45e6d5,Bacteria,Actinomycetota,Thermoleophilia,Solirubrobacterales,67-14,NA,NA
ASV8eff8252c9be,Bacteria,Gemmatimonadota,Gemmatimonadia,Gemmatimonadales,Gemmatimonadaceae,NA,NA
ASV4b1087ab6db3,Bacteria,Planctomycetota,Phycisphaerae,Tepidisphaerales,WD2101 soil group,NA,NA
ASV88e6c7b321dc,Bacteria,Acidobacteriota,Acidobacteriae,Terriglobales,Acidobacteriaceae (Subgroup 1),NA,NA
ASV1ce851df7258,Bacteria,Chloroflexota,Ktedonobacteria,Ktedonobacterales,Ktedonobacteraceae,NA,NA
ASV664467bf2948,Bacteria,Actinomycetota,Actinobacteria,Streptosporangiales,Streptosporangiaceae,Microbispora,NA
ASV6d4183e13f20,Bacteria,Gemmatimonadota,Gemmatimonadia,Gemmatimonadales,Gemmatimonadaceae,NA,NA
ASV2584b3d68853,Bacteria,Pseudomonadota,Gammaproteobacteria,Burkholderiales,Comamonadaceae,NA,NA
ASVcc99d5426746,Bacteria,Pseudomonadota,Gammaproteobacteria,Burkholderiales,Oxalobacteraceae,Massilia,NA
ASVd9353d86a2a2,Bacteria,NA,NA,NA,NA,NA,NA
ASVbf35560c141b,Bacteria,Acidobacteriota,Acidobacteriae,Terriglobales,NA,NA,NA
ASVec6513d1ccac,Bacteria,Acidobacteriota,Acidobacteriae,Terriglobales,NA,NA,NA
ASV2cbd721cab30,Bacteria,Pseudomonadota,Gammaproteobacteria,Burkholderiales,SC-I-84,NA,NA
ASVd3d83afd740d,Bacteria,NA,NA,NA,NA,NA,NA
ASVaaa5ccb3f911,Bacteria,Acidobacteriota,Acidobacteriae,Terriglobales,NA,NA,NA
ASVad698f14df66,Bacteria,Bacteroidota,Bacteroidia,Sphingobacteriales,Sphingobacteriaceae,Mucilaginibacter,NA
ASV1173cea8b54b,Bacteria,Pseudomonadota,Gammaproteobacteria,Burkholderiales,Alcaligenaceae,Bordetella,NA
ASVff062440c4cb,Bacteria,Chloroflexota,Ktedonobacteria,Ktedonobacterales,JG30-KF-AS9,NA,NA
ASVe8851f7848d5,Bacteria,Acidobacteriota,Vicinamibacteria,Vicinamibacterales,Vicinamibacteraceae,NA,NA
ASV55cb5ece198e,Bacteria,Pseudomonadota,Gammaproteobacteria,Burkholderiales,Oxalobacteraceae,Massilia,NA
ASV10a9f97f74cc,Bacteria,Acidobacteriota,Acidobacteriae,Terriglobales,NA,NA,NA
ASVe0778eafc119,Bacteria,Actinomycetota,Thermoleophilia,Gaiellales,NA,NA,NA
ASV110879036070,Bacteria,Acidobacteriota,Vicinamibacteria,Vicinamibacterales,Vicinamibacteraceae,NA,NA
ASV01f3332d9ce6,Bacteria,Pseudomonadota,Gammaproteobacteria,Lysobacterales,Rhodanobacteraceae,Chujaibacter,NA
ASV6b3e4d23b074,Bacteria,Chloroflexota,Chloroflexia,Thermomicrobiales,JG30-KF-CM45,NA,NA
ASV97e95016e11b,Bacteria,Pseudomonadota,Gammaproteobacteria,Burkholderiales,Oxalobacteraceae,NA,NA
ASV051014f2dc42,Bacteria,Actinomycetota,Actinobacteria,Micrococcales,Microbacteriaceae,Microbacterium,arabinogalactanolyticum
ASV40115c4ba331,Bacteria,Bacteroidota,Bacteroidia,Chitinophagales,Chitinophagaceae,NA,NA
ASV0f0385a20e47,Bacteria,Acidobacteriota,Acidobacteriae,Terriglobales,Acidobacteriaceae (Subgroup 1),NA,NA
ASV077d10825957,Bacteria,Pseudomonadota,Gammaproteobacteria,Burkholderiales,SC-I-84,NA,NA
ASV1c52ed219fa6,Bacteria,Gemmatimonadota,Gemmatimonadia,Gemmatimonadales,Gemmatimonadaceae,NA,NA
ASVb41364795d06,Bacteria,Acidobacteriota,Acidobacteriae,Terriglobales,Koribacteraceae,Candidatus Koribacter,NA
ASV2597595b4ebc,Bacteria,Pseudomonadota,Gammaproteobacteria,Burkholderiales,Nitrosomonadaceae,Ellin6067,NA
ASVc72e7345b39a,Bacteria,Actinomycetota,Actinobacteria,Frankiales,Acidothermaceae,Acidothermus,NA
ASV66a650ba6718,Bacteria,Acidobacteriota,Vicinamibacteria,Vicinamibacterales,Vicinamibacteraceae,NA,NA
ASV0fa9a62d798a,Bacteria,NA,NA,NA,NA,NA,NA
ASV654a0d72e581,Bacteria,Pseudomonadota,Alphaproteobacteria,Micropepsales,Micropepsaceae,Rhizomicrobium,NA
ASVddbf47356e0b,Bacteria,Actinomycetota,Actinobacteria,Catenulisporales,Actinospicaceae,Actinocrinis,puniceicyclus
ASV71988cce8e03,Bacteria,Actinomycetota,Acidimicrobiia,Acidimicrobiales,Acidimicrobiaceae,Acidiferrimicrobium,NA
ASV2bac8c1ad32f,Bacteria,Actinomycetota,Actinobacteria,Micrococcales,Microbacteriaceae,Microbacterium,NA
ASVed5c45bdd319,Bacteria,Actinomycetota,Actinobacteria,Micrococcales,Microbacteriaceae,Leifsonia,NA
ASV26fffc44207c,Bacteria,Pseudomonadota,Gammaproteobacteria,Burkholderiales,Comamonadaceae,Comamonas,NA
ASV9162f67e0d7d,Bacteria,Actinomycetota,Thermoleophilia,Gaiellales,NA,NA,NA
ASV883c119a0117,Bacteria,Pseudomonadota,Alphaproteobacteria,Elsterales,NA,NA,NA
ASV0eba949160cc,Bacteria,Chloroflexota,Chloroflexia,Thermomicrobiales,JG30-KF-CM45,NA,NA
ASVe3f294fc504c,Bacteria,Pseudomonadota,Gammaproteobacteria,Pseudomonadales,Pseudomonadaceae,Pseudomonas,NA
ASVa7c9912899d4,Bacteria,Gemmatimonadota,Gemmatimonadia,Gemmatimonadales,Gemmatimonadaceae,Gemmatimonas,NA
ASVbef77dd4adda,Bacteria,Candidatus Eremiobacterota,Eremiobacteria,NA,NA,NA,NA
ASV96c488d663a0,Bacteria,Actinomycetota,Actinobacteria,Mycobacteriales,Mycobacteriaceae,Mycobacterium,celatum
ASVae568e828807,Bacteria,Pseudomonadota,Gammaproteobacteria,Burkholderiales,Rhodocyclaceae,Georgfuchsia,NA
ASV5a6687476271,Bacteria,Pseudomonadota,Gammaproteobacteria,Enterobacterales,Enterobacteriaceae,NA,NA
ASV2df2bf34c471,Bacteria,Actinomycetota,Actinobacteria,Pseudonocardiales,Pseudonocardiaceae,Amycolatopsis,mediterranei
ASVd4047932392e,Bacteria,Pseudomonadota,Gammaproteobacteria,Lysobacterales,Rhodanobacteraceae,Dyella,NA
ASVabf5f02e0112,Bacteria,Acidobacteriota,Vicinamibacteria,Vicinamibacterales,Vicinamibacteraceae,NA,NA
ASV9cc41e9a8426,Bacteria,Acidobacteriota,Acidobacteriae,Terriglobales,Acidobacteriaceae (Subgroup 1),Terracidiphilus,NA
ASV7bb9daf1e200,Bacteria,Patescibacteria,Saccharimonadia,Saccharimonadales,LWQ8,NA,NA
ASVf961861289c2,Bacteria,Gemmatimonadota,Gemmatimonadia,Gemmatimonadales,Gemmatimonadaceae,NA,NA
ASV4c9dc02846f5,Bacteria,Actinomycetota,Acidimicrobiia,Acidimicrobiales,Acidimicrobiaceae,NA,NA
ASV09673e2b0607,Bacteria,Chloroflexota,Chloroflexia,Thermomicrobiales,JG30-KF-CM45,NA,NA
ASV23c61897ae4d,Bacteria,Acidobacteriota,Acidobacteriae,Bryobacterales,Bryobacteraceae,Bryobacter,NA
ASV127a3fd66edc,Bacteria,Pseudomonadota,Gammaproteobacteria,Burkholderiales,Comamonadaceae,NA,NA
ASV93ffdc33b055,Bacteria,Pseudomonadota,Gammaproteobacteria,Burkholderiales,Comamonadaceae,NA,NA
ASV384234a17548,Bacteria,Pseudomonadota,Gammaproteobacteria,Lysobacterales,Rhodanobacteraceae,Chujaibacter,NA
ASVdcfc3fffa703,Bacteria,Pseudomonadota,Gammaproteobacteria,Burkholderiales,SC-I-84,NA,NA
ASV202a7a541740,Bacteria,Acidobacteriota,Acidobacteriae,Terriglobales,Acidobacteriaceae (Subgroup 1),Terracidiphilus,NA
ASV33e663a543bf,Bacteria,Acidobacteriota,Acidobacteriae,Terriglobales,NA,NA,NA
ASVe9d8a1317c32,Bacteria,Acidobacteriota,Acidobacteriae,Bryobacterales,Bryobacteraceae,Bryobacter,NA
ASV3fd3b5fdc2de,Bacteria,Gemmatimonadota,Gemmatimonadia,Gemmatimonadales,Gemmatimonadaceae,NA,NA
ASV7490ee768638,Bacteria,Actinomycetota,Actinobacteria,Micromonosporales,Micromonosporaceae,Luedemannella,NA
ASVf6488c922c04,Bacteria,Planctomycetota,Phycisphaerae,Tepidisphaerales,WD2101 soil group,NA,NA
ASVf3291ee21f52,Bacteria,Actinomycetota,Actinobacteria,Catenulisporales,Actinospicaceae,Actinocrinis,NA
ASV4ab37a6299fc,Bacteria,Chloroflexota,KD4-96,NA,NA,NA,NA
ASVca0124f42dc5,Bacteria,Chloroflexota,Chloroflexia,Thermomicrobiales,JG30-KF-CM45,NA,NA
ASV42365738a8f0,Bacteria,Actinomycetota,Actinobacteria,Catenulisporales,Actinospicaceae,Actinocrinis,puniceicyclus
ASVfc2190c5e303,Bacteria,Actinomycetota,Acidimicrobiia,Acidimicrobiales,Acidimicrobiaceae,NA,NA
ASV5cebbacec60d,Bacteria,Pseudomonadota,Gammaproteobacteria,Gammaproteobacteria Incertae Sedis,Unknown Family,Acidibacter,NA
ASVf64a70046ba7,Bacteria,Pseudomonadota,Gammaproteobacteria,Burkholderiales,SC-I-84,NA,NA
ASV462624a7564e,Bacteria,Pseudomonadota,Alphaproteobacteria,Hyphomicrobiales,Xanthobacteraceae,Rhodoplanes,NA
ASVebb01673bd89,Bacteria,Myxococcota,Polyangiia,Polyangiales,Sandaracinaceae,NA,NA
ASVd38022553a27,Bacteria,Pseudomonadota,Alphaproteobacteria,Caulobacterales,Caulobacteraceae,NA,NA
ASV03e7f260b2c9,Bacteria,Actinomycetota,Actinobacteria,Micrococcales,Micrococcaceae,Sinomonas,atrocyanea
ASV32e46fd9b4a3,Bacteria,Pseudomonadota,Alphaproteobacteria,Hyphomicrobiales,Rhizobiaceae,NA,NA
ASV678642c436cd,Bacteria,Pseudomonadota,Alphaproteobacteria,Acetobacterales,Acetobacteraceae,NA,NA
ASVcce0e1df4685,Bacteria,Planctomycetota,Planctomycetes,Gemmatales,Gemmataceae,NA,NA
ASVbde58f2219bd,Bacteria,Pseudomonadota,Gammaproteobacteria,Gammaproteobacteria Incertae Sedis,Unknown Family,Acidibacter,NA
ASV92c679a1acf1,Bacteria,Chloroflexota,Ktedonobacteria,Ktedonobacterales,Ktedonobacteraceae,NA,NA
ASVfa57ec750d6e,Bacteria,Actinomycetota,Actinobacteria,Kitasatosporales,Streptomycetaceae,Streptomyces,viridosporus
ASV348d495ee70c,Bacteria,Pseudomonadota,Alphaproteobacteria,Hyphomicrobiales,Rhizobiaceae,Corticibacterium,populi
ASVe2af6d947c47,Bacteria,Pseudomonadota,Gammaproteobacteria,Burkholderiales,Burkholderiaceae,Burkholderia-Caballeronia-Paraburkholderia,NA
ASVd7aa4453d552,Bacteria,Pseudomonadota,Gammaproteobacteria,Pseudomonadales,NA,NA,NA
ASV5c9bb8a49823,Bacteria,Pseudomonadota,Gammaproteobacteria,Lysobacterales,Rhodanobacteraceae,Rhodanobacter,thiooxydans
ASV6d549cc9528d,Bacteria,Acidobacteriota,Acidobacteriae,Terriglobales,Acidobacteriaceae (Subgroup 1),Terracidiphilus,NA
ASVa096ce01b8ba,Bacteria,Pseudomonadota,Gammaproteobacteria,Burkholderiales,Nitrosomonadaceae,Ellin6067,NA
ASVf98a05c565e1,Bacteria,Chloroflexota,P2-11E,NA,NA,NA,NA
ASV3d0a01a5796d,Bacteria,Actinomycetota,Thermoleophilia,Gaiellales,NA,NA,NA
ASVf16edfc5d287,Bacteria,Nitrospirota,Nitrospiria,Nitrospirales,Nitrospiraceae,Nitrospira,NA
ASV5f8f8823e5fd,Bacteria,Chloroflexota,Chloroflexia,Chloroflexales,Roseiflexaceae,NA,NA
ASV40afa39d97bd,Bacteria,Planctomycetota,Phycisphaerae,Tepidisphaerales,WD2101 soil group,NA,NA
ASV4e1999d0f64f,Bacteria,Pseudomonadota,Gammaproteobacteria,Lysobacterales,Rhodanobacteraceae,Rhodanobacter,NA
ASV370c98f3564d,Bacteria,Pseudomonadota,Gammaproteobacteria,Lysobacterales,Rhodanobacteraceae,Chujaibacter,NA
ASV118cab4de18c,Bacteria,Pseudomonadota,Alphaproteobacteria,Sphingomonadales,Sphingomonadaceae,Sphingoaurantiacus,NA
ASVab2609b914cd,Bacteria,Pseudomonadota,Alphaproteobacteria,Caulobacterales,Caulobacteraceae,Caulobacter,vibrioides
ASVca0280925a86,Bacteria,Gemmatimonadota,Gemmatimonadia,Gemmatimonadales,Gemmatimonadaceae,Gemmatimonas,NA
ASVcd105001c719,Bacteria,Chloroflexota,Chloroflexia,Thermomicrobiales,JG30-KF-CM45,NA,NA
ASVef603e3b610d,Bacteria,Pseudomonadota,Gammaproteobacteria,Burkholderiales,Oxalobacteraceae,Massilia,varians
ASV4c0343f2465a,Bacteria,Actinomycetota,Actinobacteria,Micrococcales,Dermacoccaceae,Flexivirga,NA
ASV3b4686f8d7fd,Bacteria,Actinomycetota,Actinobacteria,Kitasatosporales,Streptomycetaceae,Streptomyces,viridosporus
ASVcf4b8810d5dc,Bacteria,Pseudomonadota,Gammaproteobacteria,Lysobacterales,Rhodanobacteraceae,Mizugakiibacter,NA
ASV24187c5ce79c,Bacteria,Chloroflexota,Ktedonobacteria,Ktedonobacterales,Ktedonobacteraceae,NA,NA
ASV891cfd3ca082,Bacteria,Acidobacteriota,Acidobacteriae,Terriglobales,NA,NA,NA
ASV074f47cac1d1,Bacteria,Pseudomonadota,Gammaproteobacteria,Burkholderiales,Burkholderiaceae,Burkholderia-Caballeronia-Paraburkholderia,sprentiae
ASV600619d82f2b,Bacteria,Acidobacteriota,Acidobacteriae,Terriglobales,Acidobacteriaceae (Subgroup 1),Granulicella,NA
ASV5a412f106adc,Bacteria,Pseudomonadota,Alphaproteobacteria,Hyphomicrobiales,Xanthobacteraceae,Rhodoplanes,NA
ASVda9082cbc3d5,Bacteria,Actinomycetota,Actinobacteria,Frankiales,Geodermatophilaceae,Geodermatophilus,NA
ASVf7c9c4fd9819,Bacteria,Actinomycetota,Thermoleophilia,Solirubrobacterales,Solirubrobacteraceae,Conexibacter,NA
ASV1fe9cf94f2f6,Bacteria,Actinomycetota,Actinobacteria,Micrococcales,Microbacteriaceae,NA,NA
ASVe4c1131d1706,Bacteria,Patescibacteria,Saccharimonadia,Saccharimonadales,NA,NA,NA
ASV797cd8002ced,Bacteria,Nitrospirota,Nitrospiria,Nitrospirales,Nitrospiraceae,Nitrospira,NA
ASV5898332bd1cf,Bacteria,Bacteroidota,Bacteroidia,Chitinophagales,Chitinophagaceae,NA,NA
ASV35dd668ad6cd,Bacteria,Pseudomonadota,Gammaproteobacteria,Lysobacterales,Rhodanobacteraceae,Chujaibacter,NA
ASVccdfc22867f3,Bacteria,Pseudomonadota,Gammaproteobacteria,Burkholderiales,Comamonadaceae,NA,NA
ASVb76ada384982,Bacteria,Pseudomonadota,Alphaproteobacteria,Hyphomicrobiales,Rhizobiaceae,NA,NA
ASVb1335c5c9891,Bacteria,Planctomycetota,Planctomycetes,Pirellulales,Pirellulaceae,NA,NA
ASVd8aa484c1766,Bacteria,Pseudomonadota,Alphaproteobacteria,Caulobacterales,Caulobacteraceae,Phenylobacterium,NA
ASV63aad5e0a7e8,Bacteria,Planctomycetota,Planctomycetes,Pirellulales,Pirellulaceae,NA,NA
ASVc2297cb79a80,Bacteria,Acidobacteriota,Vicinamibacteria,Vicinamibacterales,Vicinamibacteraceae,NA,NA
ASVd2f5e3ea50ef,Bacteria,Actinomycetota,Actinobacteria,Catenulisporales,Actinospicaceae,Actinocrinis,NA
ASV5a7250a2958b,Bacteria,Actinomycetota,Actinobacteria,Catenulisporales,Actinospicaceae,Actinocrinis,NA
ASV69c43af4b69f,Bacteria,Gemmatimonadota,Gemmatimonadia,Gemmatimonadales,Gemmatimonadaceae,NA,NA
ASVae9198dce067,Bacteria,Pseudomonadota,Gammaproteobacteria,Lysobacterales,Lysobacteraceae,NA,NA
ASV7c6391cf5e2d,Bacteria,Acidobacteriota,Acidobacteriae,Terriglobales,Koribacteraceae,Candidatus Koribacter,versatilis
ASVfd632b130045,Bacteria,Pseudomonadota,Alphaproteobacteria,Sphingomonadales,Sphingomonadaceae,Sphingomonas,NA
ASV6e8d19b912c6,Bacteria,Actinomycetota,Actinobacteria,Micromonosporales,Micromonosporaceae,Hamadaea,NA
ASVc9a1d458a349,Bacteria,Acidobacteriota,Acidobacteriae,Terriglobales,NA,NA,NA
ASV96c1bb4a446f,Bacteria,Actinomycetota,Actinobacteria,Frankiales,Acidothermaceae,Acidothermus,NA
ASVdc1fc7e5f546,Bacteria,Candidatus Eremiobacterota,Eremiobacteria,NA,NA,NA,NA
ASVe6ca6f5deb18,Bacteria,Pseudomonadota,Alphaproteobacteria,Sphingomonadales,Sphingomonadaceae,NA,NA
ASV08844a8ddc77,Bacteria,Patescibacteria,Saccharimonadia,Saccharimonadales,NA,NA,NA
ASV0bf37bda5fd0,Bacteria,Pseudomonadota,Alphaproteobacteria,Elsterales,NA,NA,NA
ASVd46fdeb9545b,Bacteria,NA,NA,NA,NA,NA,NA
ASV7ab51e17cc0a,Bacteria,RCP2-54,NA,NA,NA,NA,NA
ASV1b90e90cecc0,Bacteria,Candidatus Eremiobacterota,Eremiobacteria,NA,NA,NA,NA
ASV726780441195,Bacteria,Pseudomonadota,Gammaproteobacteria,Lysobacterales,Rhodanobacteraceae,Chujaibacter,NA
ASV69ba4603c220,Bacteria,Pseudomonadota,Gammaproteobacteria,Burkholderiales,Comamonadaceae,NA,NA
ASV694200b07a19,Bacteria,Patescibacteria,Saccharimonadia,Saccharimonadales,NA,NA,NA
ASVa6ee79c97abf,Bacteria,Pseudomonadota,Alphaproteobacteria,Hyphomicrobiales,Xanthobacteraceae,Pseudolabrys,NA
ASV9922460b18c6,Bacteria,Candidatus Eremiobacterota,Eremiobacteria,NA,NA,NA,NA
ASVcddca510210e,Bacteria,Acidobacteriota,Acidobacteriae,Subgroup 2,NA,NA,NA
ASV95ed167d952d,Bacteria,RCP2-54,NA,NA,NA,NA,NA
ASV5c8950a27d92,Bacteria,Pseudomonadota,Gammaproteobacteria,Burkholderiales,SC-I-84,NA,NA
ASV7afb9497fb91,Bacteria,Acidobacteriota,Acidobacteriae,Terriglobales,Acidobacteriaceae (Subgroup 1),Occallatibacter,NA
ASV261cdc9c6bf3,Bacteria,Chloroflexota,Ktedonobacteria,Ktedonobacterales,Ktedonobacteraceae,NA,NA
ASVb0862b3bf2aa,Bacteria,Patescibacteria,Saccharimonadia,Saccharimonadales,LWQ8,NA,NA
ASV464269477d86,Bacteria,Pseudomonadota,Gammaproteobacteria,Lysobacterales,Rhodanobacteraceae,Mizugakiibacter,NA
ASVf9bd0bf14e34,Bacteria,Pseudomonadota,Alphaproteobacteria,Sphingomonadales,Sphingomonadaceae,Hephaestia,NA
ASV4f6d728e352e,Bacteria,Pseudomonadota,Gammaproteobacteria,Burkholderiales,Burkholderiaceae,Burkholderia-Caballeronia-Paraburkholderia,NA
ASV8c4001b15d8b,Bacteria,Pseudomonadota,Gammaproteobacteria,Burkholderiales,Burkholderiaceae,Burkholderia-Caballeronia-Paraburkholderia,NA
ASVa134b87674d7,Bacteria,Acidobacteriota,Acidobacteriae,Bryobacterales,Bryobacteraceae,Bryobacter,NA
ASVfd4346dc6644,Bacteria,Chloroflexota,Chloroflexia,Thermomicrobiales,JG30-KF-CM45,NA,NA
ASV603fe9ef5f8e,Bacteria,Pseudomonadota,Alphaproteobacteria,Micropepsales,Micropepsaceae,NA,NA
ASVe64418b5c56d,Bacteria,Acidobacteriota,Acidobacteriae,Bryobacterales,Bryobacteraceae,Bryobacter,NA
ASV06eec6d5316c,Bacteria,Actinomycetota,Thermoleophilia,Solirubrobacterales,Solirubrobacteraceae,Conexibacter,NA
ASVa8dbc716daac,Bacteria,Actinomycetota,Actinobacteria,Micrococcales,Microbacteriaceae,Microbacterium,NA
ASV8d2f66c060cf,Bacteria,Planctomycetota,Planctomycetes,Planctomycetales,Rubinisphaeraceae,Planctomicrobium,NA
ASV8a34733bdf2c,Bacteria,Chloroflexota,Chloroflexia,Thermomicrobiales,JG30-KF-CM45,NA,NA
ASV15ab30300577,Bacteria,Chloroflexota,TK10,NA,NA,NA,NA
ASV3658f31fe43b,Bacteria,Planctomycetota,Phycisphaerae,Tepidisphaerales,WD2101 soil group,NA,NA
ASV976e64e4543a,Bacteria,Acidobacteriota,Acidobacteriae,Terriglobales,NA,NA,NA
ASVf690717170fe,Bacteria,Pseudomonadota,Gammaproteobacteria,Burkholderiales,Comamonadaceae,NA,NA
ASVb7f2855ee975,Bacteria,Acidobacteriota,Acidobacteriae,Terriglobales,NA,NA,NA
ASV2c78df546735,Bacteria,Actinomycetota,Actinobacteria,Propionibacteriales,Nocardioidaceae,Nocardioides,NA
ASV23421b97755f,Bacteria,Latescibacterota,NA,NA,NA,NA,NA
ASVae9a3429b3c8,Bacteria,Pseudomonadota,Gammaproteobacteria,Enterobacterales,Enterobacteriaceae,NA,NA
ASVe0e14f4b4505,Bacteria,Chloroflexota,NA,NA,NA,NA,NA
ASV5137c0f9488c,Bacteria,Planctomycetota,Phycisphaerae,Tepidisphaerales,WD2101 soil group,NA,NA
ASV95da092eddf9,Bacteria,Patescibacteria,Saccharimonadia,Saccharimonadales,LWQ8,NA,NA
ASVaa47e7b8cf23,Bacteria,Bacteroidota,Bacteroidia,Sphingobacteriales,Sphingobacteriaceae,Mucilaginibacter,NA
ASV9ea975db419e,Bacteria,Planctomycetota,Phycisphaerae,Tepidisphaerales,WD2101 soil group,NA,NA
ASVbca30f9642de,Bacteria,Actinomycetota,Thermoleophilia,Gaiellales,NA,NA,NA
ASV1c1ba70afde5,Bacteria,Pseudomonadota,Gammaproteobacteria,Lysobacterales,Rhodanobacteraceae,Chujaibacter,NA
ASVca13166ca07e,Bacteria,Pseudomonadota,Alphaproteobacteria,Elsterales,NA,NA,NA
ASV25699704e1d3,Bacteria,Gemmatimonadota,Longimicrobiia,Longimicrobiales,Longimicrobiaceae,NA,NA
ASV259b202f04de,Bacteria,Pseudomonadota,Alphaproteobacteria,Elsterales,NA,NA,NA
ASV03cb5abc8d5e,Bacteria,Pseudomonadota,Alphaproteobacteria,Caulobacterales,Caulobacteraceae,Phenylobacterium,NA
ASVb2e826130039,Bacteria,Pseudomonadota,Gammaproteobacteria,Burkholderiales,Comamonadaceae,NA,NA
ASV1c7825f6e8a9,Bacteria,Acidobacteriota,Acidobacteriae,Terriglobales,Acidobacteriaceae (Subgroup 1),NA,NA
ASV7d81607a8ae7,Bacteria,Acidobacteriota,Acidobacteriae,Terriglobales,Acidobacteriaceae (Subgroup 1),Occallatibacter,NA
ASV25a4d9f11a9f,Bacteria,Acidobacteriota,Acidobacteriae,Terriglobales,Acidobacteriaceae (Subgroup 1),Occallatibacter,NA
ASVb49f993a4313,Bacteria,Pseudomonadota,Gammaproteobacteria,Burkholderiales,Burkholderiaceae,Burkholderia-Caballeronia-Paraburkholderia,NA
ASV94a00b5c3cdd,Bacteria,Acidobacteriota,Vicinamibacteria,Vicinamibacterales,NA,NA,NA
ASV0d3a8322c17b,Bacteria,Actinomycetota,Actinobacteria,Frankiales,Acidothermaceae,Acidothermus,NA
ASV9e911c2dbcfb,Bacteria,Planctomycetota,Planctomycetes,Isosphaerales,Isosphaeraceae,Aquisphaera,NA
ASV3202bbd159d8,Bacteria,Chloroflexota,Chloroflexia,Thermomicrobiales,JG30-KF-CM45,NA,NA
ASVcfdc0e991d77,Bacteria,Candidatus Eremiobacterota,Eremiobacteria,NA,NA,NA,NA
ASVb1ef23aa1ca8,Bacteria,Acidobacteriota,Acidobacteriae,Terriglobales,Acidobacteriaceae (Subgroup 1),Terracidiphilus,NA
ASV5122784aca1e,Bacteria,Chloroflexota,Ktedonobacteria,Ktedonobacterales,JG30-KF-AS9,NA,NA
ASVf7f74d922681,Bacteria,Pseudomonadota,Gammaproteobacteria,Pseudomonadales,Pseudomonadaceae,Pseudomonas,NA
ASV32a8548e6084,Bacteria,Planctomycetota,Planctomycetes,Gemmatales,Gemmataceae,Gemmata,NA
ASVc644bd03084a,Bacteria,Actinomycetota,Thermoleophilia,Solirubrobacterales,Solirubrobacteraceae,Solirubrobacter,NA
ASVc1fc28d5f945,Bacteria,Pseudomonadota,Alphaproteobacteria,Sphingomonadales,Sphingomonadaceae,NA,NA
ASV1327f77c22e5,Bacteria,Patescibacteria,Saccharimonadia,Saccharimonadales,LWQ8,NA,NA
ASV544b3035883f,Bacteria,Nitrospirota,Nitrospiria,Nitrospirales,Nitrospiraceae,Nitrospira,NA
ASVda6382296793,Bacteria,Pseudomonadota,Alphaproteobacteria,Caulobacterales,Caulobacteraceae,Phenylobacterium,koreense
ASV4563d3131c92,Bacteria,Patescibacteria,Saccharimonadia,Saccharimonadales,NA,NA,NA
ASV9a109058f4fc,Bacteria,Patescibacteria,Saccharimonadia,Saccharimonadales,LWQ8,NA,NA
ASV94befa288cbc,Bacteria,Pseudomonadota,Gammaproteobacteria,Burkholderiales,Burkholderiaceae,Burkholderia-Caballeronia-Paraburkholderia,NA
ASVc2c50affb453,Bacteria,Myxococcota,Myxococcia,Myxococcales,Myxococcaceae,P3OB-42,NA
ASVae29333642e3,Bacteria,Actinomycetota,Actinobacteria,Streptosporangiales,Streptosporangiaceae,NA,NA
ASV8d80230de933,Bacteria,Actinomycetota,Actinobacteria,Propionibacteriales,Nocardioidaceae,Nocardioides,NA
ASV72845fc00eff,Bacteria,Patescibacteria,Saccharimonadia,Saccharimonadales,LWQ8,NA,NA
ASV246c031e1f07,Bacteria,Actinomycetota,Thermoleophilia,Gaiellales,NA,NA,NA
ASVa1047d53b6e1,Bacteria,Chloroflexota,Ktedonobacteria,Ktedonobacterales,JG30-KF-AS9,NA,NA
ASVdefa8ad97fbd,Bacteria,Pseudomonadota,Alphaproteobacteria,Micropepsales,Micropepsaceae,NA,NA
ASV0885321086aa,Bacteria,Planctomycetota,Phycisphaerae,Tepidisphaerales,WD2101 soil group,NA,NA
ASVddad88c74dbc,Bacteria,Pseudomonadota,Alphaproteobacteria,Micropepsales,Micropepsaceae,NA,NA
ASV2847cc9b3396,Bacteria,Acidobacteriota,Acidobacteriae,Terriglobales,Acidobacteriaceae (Subgroup 1),Occallatibacter,NA
ASVd9d1c1d295d3,Bacteria,Pseudomonadota,Gammaproteobacteria,Burkholderiales,Burkholderiaceae,Burkholderia-Caballeronia-Paraburkholderia,NA
ASV47215ac21951,Bacteria,Planctomycetota,Phycisphaerae,Tepidisphaerales,WD2101 soil group,NA,NA
ASV6d1f9997449b,Bacteria,Pseudomonadota,Alphaproteobacteria,Micropepsales,Micropepsaceae,NA,NA
ASVde1b12b95e0c,Bacteria,Pseudomonadota,Gammaproteobacteria,Lysobacterales,Rhodanobacteraceae,Rhodanobacter,NA
ASVb823b4794568,Bacteria,Gemmatimonadota,Gemmatimonadia,Gemmatimonadales,Gemmatimonadaceae,NA,NA
ASV964e24cf99fb,Bacteria,Acidobacteriota,Acidobacteriae,Subgroup 13,NA,NA,NA
ASV7175866b3619,Bacteria,Patescibacteria,Saccharimonadia,Saccharimonadales,LWQ8,NA,NA
ASV5ec06dd5114d,Bacteria,Acidobacteriota,Vicinamibacteria,Vicinamibacterales,Vicinamibacteraceae,NA,NA
ASV3494422a4cde,Bacteria,Pseudomonadota,Gammaproteobacteria,Burkholderiales,Oxalobacteraceae,Massilia,NA
ASV854e2cb0ff6d,Bacteria,Acidobacteriota,Acidobacteriae,Subgroup 2,NA,NA,NA
ASV94aee080d6b0,Bacteria,Chloroflexota,Chloroflexia,Thermomicrobiales,JG30-KF-CM45,NA,NA
ASVa5f69f7fd96e,Bacteria,Chloroflexota,Chloroflexia,Thermomicrobiales,JG30-KF-CM45,NA,NA
ASV5841513af96c,Bacteria,Pseudomonadota,Gammaproteobacteria,Lysobacterales,Rhodanobacteraceae,Chujaibacter,NA
ASV427b112b9b6c,Bacteria,Chloroflexota,Chloroflexia,Thermomicrobiales,JG30-KF-CM45,NA,NA
ASVe3ad786bcbd5,Bacteria,Nitrospirota,Nitrospiria,Nitrospirales,Nitrospiraceae,Nitrospira,NA
ASVf9569ada1210,Bacteria,Bacteroidota,Bacteroidia,Chitinophagales,Chitinophagaceae,NA,NA
ASVc8b6b404cb38,Bacteria,Chloroflexota,Ktedonobacteria,Ktedonobacterales,Ktedonobacteraceae,NA,NA
ASV50c109b43e75,Bacteria,Pseudomonadota,Gammaproteobacteria,Burkholderiales,Burkholderiaceae,Burkholderia-Caballeronia-Paraburkholderia,NA
ASVc9dcbbcad542,Bacteria,Actinomycetota,Actinobacteria,Micrococcales,Microbacteriaceae,NA,NA
ASV12201e9a0793,Bacteria,Chloroflexota,OLB14,NA,NA,NA,NA
ASVcb2cce845e05,Bacteria,Actinomycetota,Actinobacteria,Micrococcales,Microbacteriaceae,NA,NA
ASV571bfc4ffa41,Bacteria,Acidobacteriota,Acidobacteriae,Terriglobales,NA,NA,NA
ASV1add2631dde0,Bacteria,Chloroflexota,Ktedonobacteria,Ktedonobacterales,JG30-KF-AS9,NA,NA
ASV60d0426a58d3,Bacteria,Actinomycetota,Thermoleophilia,Gaiellales,NA,NA,NA
ASV6fd783b28255,Bacteria,Pseudomonadota,Gammaproteobacteria,Lysobacterales,Rhodanobacteraceae,Chujaibacter,NA
ASV1b3dbc1a86dd,Bacteria,Acidobacteriota,Acidobacteriae,Terriglobales,Acidobacteriaceae (Subgroup 1),NA,NA
ASVc2e250bc9ed3,Bacteria,Myxococcota,Myxococcia,Myxococcales,Vulgatibacteraceae,Vulgatibacter,incomptus
ASV6fd44998e061,Bacteria,Pseudomonadota,Alphaproteobacteria,Hyphomicrobiales,Rhizobiaceae,NA,NA
ASVfdef30bb4564,Bacteria,Pseudomonadota,Gammaproteobacteria,Burkholderiales,Comamonadaceae,NA,NA
ASVbc18ad1c1e1e,Bacteria,Pseudomonadota,Gammaproteobacteria,Lysobacterales,Lysobacteraceae,Thermomonas,fusca
ASVfb1fdd71fb6a,Bacteria,Pseudomonadota,Alphaproteobacteria,Micropepsales,Micropepsaceae,NA,NA
ASVf111f984222c,Bacteria,Actinomycetota,Thermoleophilia,Solirubrobacterales,Solirubrobacteraceae,Conexibacter,NA
ASV8aa7a36c3a97,Bacteria,Acidobacteriota,Vicinamibacteria,Vicinamibacterales,NA,NA,NA
ASV590b96d261a0,Bacteria,Acidobacteriota,Acidobacteriae,Terriglobales,Acidobacteriaceae (Subgroup 1),Granulicella,NA
ASV765e3701d013,Bacteria,Acidobacteriota,Acidobacteriae,Subgroup 13,NA,NA,NA
ASV7ca4240a7a95,Bacteria,Acidobacteriota,Acidobacteriae,Terriglobales,Koribacteraceae,Candidatus Koribacter,NA
ASVed161c931f7c,Bacteria,Acidobacteriota,Acidobacteriae,Terriglobales,NA,NA,NA
ASVb02c75b389d8,Bacteria,Acidobacteriota,Holophagae,Subgroup 7,NA,NA,NA
ASVedf6d680e520,Bacteria,Pseudomonadota,Gammaproteobacteria,Burkholderiales,Rhodocyclaceae,NA,NA
ASV7f3a1d69b0cf,Bacteria,Actinomycetota,Actinobacteria,Frankiales,Geodermatophilaceae,NA,NA
ASV65c9fef9a0a3,Bacteria,Pseudomonadota,Alphaproteobacteria,Elsterales,URHD0088,NA,NA
ASVebb32717170e,Bacteria,RCP2-54,NA,NA,NA,NA,NA
ASV2702d79d6735,Bacteria,Acidobacteriota,Acidobacteriae,Subgroup 13,NA,NA,NA
ASV2a2d350b47dc,Bacteria,Pseudomonadota,Gammaproteobacteria,Burkholderiales,Oxalobacteraceae,Massilia,NA
ASVd6251f591e1d,Bacteria,Pseudomonadota,Gammaproteobacteria,Burkholderiales,Burkholderiaceae,Burkholderia-Caballeronia-Paraburkholderia,NA
ASV75d542aa86dd,Bacteria,Actinomycetota,Actinobacteria,Frankiales,Acidothermaceae,Acidothermus,NA
ASVb64605725965,Bacteria,Actinomycetota,Actinobacteria,Frankiales,Acidothermaceae,Acidothermus,NA
ASV790632a33631,Bacteria,Acidobacteriota,Vicinamibacteria,Vicinamibacterales,NA,NA,NA
ASV1fa92e6d9132,Bacteria,Patescibacteria,Saccharimonadia,Saccharimonadales,LWQ8,NA,NA
ASV304d1eaf7b47,Bacteria,Pseudomonadota,Gammaproteobacteria,Burkholderiales,SC-I-84,NA,NA
ASVd0ea0772bc37,Bacteria,Pseudomonadota,Alphaproteobacteria,Elsterales,URHD0088,NA,NA
ASVe5a225320c99,Bacteria,Actinomycetota,Thermoleophilia,Solirubrobacterales,67-14,NA,NA
ASV784e6ac2fa81,Bacteria,Pseudomonadota,Alphaproteobacteria,Sphingomonadales,Sphingomonadaceae,Sphingomonas,NA
ASV6e61b971161e,Bacteria,Pseudomonadota,Alphaproteobacteria,Sphingomonadales,Sphingomonadaceae,Sphingobium,rhizovicinum
ASV635023d211b9,Bacteria,Bacteroidota,Bacteroidia,Cytophagales,Spirosomataceae,Persicitalea,NA
ASVfdfc1395f185,Bacteria,Pseudomonadota,Alphaproteobacteria,Hyphomicrobiales,Rhizobiaceae,NA,NA
ASV379d6ba2cd0b,Bacteria,Pseudomonadota,Gammaproteobacteria,Pseudomonadales,Pseudomonadaceae,Pseudomonas,NA
ASV305230ed45ee,Bacteria,Bacteroidota,Bacteroidia,Chitinophagales,Chitinophagaceae,Edaphobaculum,NA
ASV746e6c0f4abe,Bacteria,Bacteroidota,Bacteroidia,Cytophagales,Cyclobacteriaceae,Lunatibacter,NA
ASV35967ab05ed7,Bacteria,Chloroflexota,Chloroflexia,Thermomicrobiales,Thermomicrobiaceae,Nitrolancea,NA
ASVbf0a54a423d0,Bacteria,Myxococcota,Polyangiia,Polyangiales,Polyangiaceae,Pajaroellobacter,NA
ASV5cae9d59be2c,Bacteria,Pseudomonadota,Gammaproteobacteria,Lysobacterales,Rhodanobacteraceae,Frateuria,terrea
ASV9d25f9fe8856,Bacteria,Planctomycetota,Phycisphaerae,Tepidisphaerales,WD2101 soil group,NA,NA
ASV9c63b8c59db5,Bacteria,Pseudomonadota,Gammaproteobacteria,Burkholderiales,SC-I-84,NA,NA
ASV2ab86eb15be7,Bacteria,Actinomycetota,Actinobacteria,Micrococcales,Micrococcaceae,NA,NA
ASVf2fe44f8ea3c,Bacteria,Planctomycetota,Planctomycetes,Isosphaerales,Isosphaeraceae,Singulisphaera,NA
ASV95f68b592c0c,Bacteria,Actinomycetota,Thermoleophilia,Gaiellales,NA,NA,NA
ASV91d3a593a94d,Bacteria,Pseudomonadota,Gammaproteobacteria,Burkholderiales,Burkholderiaceae,Burkholderia-Caballeronia-Paraburkholderia,NA
ASV6af50a615e27,Bacteria,Acidobacteriota,Vicinamibacteria,Vicinamibacterales,Vicinamibacteraceae,NA,NA
ASV304a329724eb,Bacteria,Pseudomonadota,Alphaproteobacteria,NA,NA,NA,NA
ASV1011cf309226,Bacteria,Actinomycetota,Thermoleophilia,Solirubrobacterales,Solirubrobacteraceae,NA,NA
ASVb2f625161701,Bacteria,Gemmatimonadota,Longimicrobiia,Longimicrobiales,Longimicrobiaceae,NA,NA
ASV824be38a300e,Bacteria,Pseudomonadota,Gammaproteobacteria,Lysobacterales,Rhodanobacteraceae,Chujaibacter,NA
ASVc3e3db99c682,Bacteria,Verrucomicrobiota,Verrucomicrobiia,Pedosphaerales,Pedosphaeraceae,NA,NA
ASV2928cd93d616,Bacteria,Actinomycetota,Thermoleophilia,Gaiellales,NA,NA,NA
ASVbbe1e74e9892,Bacteria,Chloroflexota,Chloroflexia,Thermomicrobiales,JG30-KF-CM45,NA,NA
ASV601ebc1a7f60,Bacteria,Pseudomonadota,Alphaproteobacteria,Elsterales,NA,NA,NA
ASV4bf13dd23059,Bacteria,NA,NA,NA,NA,NA,NA
ASV21bcc36c53dc,Bacteria,Pseudomonadota,Gammaproteobacteria,Gammaproteobacteria Incertae Sedis,Unknown Family,Acidibacter,NA
ASV81da0c627421,Bacteria,Actinomycetota,Actinobacteria,Streptosporangiales,Thermomonosporaceae,Actinoallomurus,NA
ASVb108e6d9ec5a,Bacteria,Actinomycetota,Actinobacteria,Streptosporangiales,Streptosporangiaceae,NA,NA
ASV2e1912c993bb,Bacteria,Actinomycetota,Actinobacteria,Frankiales,Acidothermaceae,Acidothermus,NA
ASV6097a8242ac2,Bacteria,Nitrospirota,Nitrospiria,Nitrospirales,Nitrospiraceae,Nitrospira,NA
ASVaec9206ea3cb,Bacteria,Pseudomonadota,Alphaproteobacteria,Elsterales,NA,NA,NA
ASV27fc38a9cee2,Bacteria,Pseudomonadota,Alphaproteobacteria,Micropepsales,Micropepsaceae,NA,NA
ASV6c694d4ae787,Bacteria,Pseudomonadota,Gammaproteobacteria,Burkholderiales,Burkholderiaceae,Burkholderia-Caballeronia-Paraburkholderia,NA
ASV49999e3009a3,Bacteria,Pseudomonadota,Gammaproteobacteria,Burkholderiales,Burkholderiaceae,Burkholderia-Caballeronia-Paraburkholderia,NA
ASVa87298a7fa4a,Bacteria,Patescibacteria,Saccharimonadia,Saccharimonadales,WWH38,NA,NA
ASV1698270c468e,Bacteria,Acidobacteriota,Acidobacteriae,Terriglobales,Acidobacteriaceae (Subgroup 1),Occallatibacter,NA
ASVb9f9e0687c96,Bacteria,NA,NA,NA,NA,NA,NA
ASV6bab0f21ba5a,Bacteria,Nitrospirota,Nitrospiria,Nitrospirales,Nitrospiraceae,Nitrospira,NA
ASVfc7e4074a638,Bacteria,Acidobacteriota,Acidobacteriae,Terriglobales,Acidobacteriaceae (Subgroup 1),NA,NA
ASV5199d874b9f8,Bacteria,Myxococcota,Polyangiia,Polyangiales,BIrii41,NA,NA
ASV41d42c1ce5ca,Bacteria,Bacillota,Bacilli,Alicyclobacillales,Alicyclobacillaceae,Tumebacillus,avium
ASV0a674d3ad3ea,Bacteria,Pseudomonadota,Gammaproteobacteria,Lysobacterales,Rhodanobacteraceae,Dyella,NA
ASV9063836faecd,Bacteria,Actinomycetota,Thermoleophilia,Gaiellales,NA,NA,NA
ASV98bb97508e27,Bacteria,Acidobacteriota,Acidobacteriae,Terriglobales,Acidobacteriaceae (Subgroup 1),Granulicella,NA
ASV9f843e3649bf,Bacteria,Pseudomonadota,Alphaproteobacteria,Sphingomonadales,Sphingomonadaceae,Sphingoaurantiacus,NA
ASV2f85254889c5,Bacteria,Patescibacteria,Saccharimonadia,Saccharimonadales,LWQ8,NA,NA
ASV76b01c8a5be8,Bacteria,Chloroflexota,Ktedonobacteria,Ktedonobacterales,JG30-KF-AS9,NA,NA
ASV356c9bfeae87,Bacteria,Pseudomonadota,Gammaproteobacteria,Burkholderiales,Alcaligenaceae,Castellaniella,defragrans
ASV3bd8dc1cc9b3,Bacteria,Pseudomonadota,Gammaproteobacteria,Burkholderiales,Alcaligenaceae,Castellaniella,defragrans
ASVfb990a8ff1bc,Bacteria,Patescibacteria,Saccharimonadia,Saccharimonadales,LWQ8,NA,NA
ASV1eac36b0c111,Bacteria,Pseudomonadota,Alphaproteobacteria,Acetobacterales,Acetobacteraceae,NA,NA
ASVe196dd299db8,Bacteria,Pseudomonadota,Gammaproteobacteria,Burkholderiales,Alcaligenaceae,Pusillimonas,NA
ASV55d5b1810a86,Bacteria,Pseudomonadota,Alphaproteobacteria,Sphingomonadales,Sphingomonadaceae,Novosphingobium,NA
ASV8c481e4d3d22,Bacteria,Myxococcota,Polyangiia,Haliangiales,Haliangiaceae,NA,NA
ASV044fcdefd474,Bacteria,Pseudomonadota,Gammaproteobacteria,Burkholderiales,Comamonadaceae,NA,NA
ASVabc2386d084f,Bacteria,Acidobacteriota,Acidobacteriae,Terriglobales,Koribacteraceae,Candidatus Koribacter,NA
ASVcf7c0ad01313,Bacteria,Bacteroidota,Bacteroidia,Sphingobacteriales,Sphingobacteriaceae,Mucilaginibacter,NA
ASVd44bd4063a95,Bacteria,Pseudomonadota,Gammaproteobacteria,Burkholderiales,Burkholderiaceae,Burkholderia-Caballeronia-Paraburkholderia,NA
ASV3209697ea2fc,Bacteria,Acidobacteriota,Acidobacteriae,Solibacterales,Solibacteraceae,Candidatus Solibacter,NA
ASVc870ce1efde4,Bacteria,Actinomycetota,Actinobacteria,Frankiales,Frankiaceae,Jatrophihabitans,NA
ASVa46ad8607897,Bacteria,Chloroflexota,Ktedonobacteria,Ktedonobacterales,JG30-KF-AS9,NA,NA
ASV83a098df90b4,Bacteria,Acidobacteriota,Acidobacteriae,Terriglobales,NA,NA,NA
ASV28f7da3f8c38,Bacteria,Actinomycetota,Thermoleophilia,Solirubrobacterales,67-14,NA,NA
ASV91f55c40d2d1,Bacteria,Candidatus Eremiobacterota,Eremiobacteria,NA,NA,NA,NA
ASV524044ec6eac,Bacteria,Actinomycetota,Thermoleophilia,Gaiellales,Gaiellaceae,Gaiella,NA
ASV6a603dcbef5b,Bacteria,Verrucomicrobiota,Verrucomicrobiia,Opitutales,Opitutaceae,NA,NA
ASVd4c11c922423,Bacteria,Acidobacteriota,Acidobacteriae,Terriglobales,NA,NA,NA
ASV5d5e1a76b8bc,Bacteria,Chloroflexota,Ktedonobacteria,Ktedonobacterales,JG30-KF-AS9,NA,NA
ASV0d16ea38dd87,Bacteria,Pseudomonadota,Gammaproteobacteria,Pseudomonadales,Porticoccaceae,NA,NA
ASV259d820272f8,Bacteria,Pseudomonadota,Gammaproteobacteria,Lysobacterales,Rhodanobacteraceae,Frateuria,terrea
ASV2dd6b1da261d,Bacteria,Pseudomonadota,Gammaproteobacteria,Burkholderiales,SC-I-84,NA,NA
ASV79bd2d94765e,Bacteria,Myxococcota,Myxococcia,Myxococcales,Myxococcaceae,P3OB-42,NA
ASVf24ecbc87a14,Bacteria,Actinomycetota,Thermoleophilia,Solirubrobacterales,Solirubrobacteraceae,Conexibacter,NA
ASVbb566e7d1f05,Bacteria,Pseudomonadota,Alphaproteobacteria,Hyphomicrobiales,Devosiaceae,NA,NA
ASV876b00a079c3,Bacteria,Verrucomicrobiota,Verrucomicrobiia,Chthoniobacterales,Chthoniobacteraceae,Chthoniobacter,NA
ASV2dead3045fd3,Bacteria,Pseudomonadota,Gammaproteobacteria,Pseudomonadales,Porticoccaceae,NA,NA
ASVfd3d7f1db0ea,Bacteria,Pseudomonadota,Gammaproteobacteria,Pseudomonadales,Porticoccaceae,NA,NA
ASV3ff936a1cb4e,Bacteria,Candidatus Eremiobacterota,Eremiobacteria,NA,NA,NA,NA
ASVb5d5c291946b,Bacteria,Actinomycetota,Actinobacteria,Catenulisporales,Actinospicaceae,Actinocrinis,NA
ASV9cbf50097e32,Bacteria,Gemmatimonadota,Gemmatimonadia,Gemmatimonadales,Gemmatimonadaceae,Gemmatimonas,NA
ASVe1c52e96b3b7,Bacteria,Actinomycetota,Actinobacteria,Catenulisporales,Actinospicaceae,Actinocrinis,puniceicyclus
ASVcf1bce3b776d,Bacteria,Patescibacteria,Saccharimonadia,Saccharimonadales,WWH38,NA,NA
ASV8b8bc13d7a58,Bacteria,Pseudomonadota,Gammaproteobacteria,Burkholderiales,Nitrosomonadaceae,Ellin6067,NA
ASV662b7c1596ab,Bacteria,Pseudomonadota,Alphaproteobacteria,Elsterales,NA,NA,NA
ASV3a0e641821b0,Bacteria,Acidobacteriota,Acidobacteriae,Terriglobales,NA,NA,NA
ASVfc387c686c23,Bacteria,Actinomycetota,Thermoleophilia,Gaiellales,NA,NA,NA
ASV8988dd8d4514,Bacteria,Pseudomonadota,Alphaproteobacteria,Elsterales,NA,NA,NA
ASVb17f4fe32e28,Bacteria,Planctomycetota,Phycisphaerae,Tepidisphaerales,WD2101 soil group,NA,NA
ASV059fef47635f,Bacteria,Actinomycetota,Actinobacteria,Catenulisporales,Catenulisporaceae,Catenulispora,yoronensis
ASV32d5578e7405,Bacteria,Chloroflexota,TK10,NA,NA,NA,NA
ASV6beca2e55c27,Bacteria,Actinomycetota,Actinobacteria,Catenulisporales,Catenulisporaceae,Catenulispora,acidiphila
ASVd48936e1eeb5,Bacteria,Chloroflexota,Ktedonobacteria,B12-WMSP1,NA,NA,NA
ASVa34b2946fb37,Bacteria,Pseudomonadota,Gammaproteobacteria,Burkholderiales,Alcaligenaceae,Achromobacter,NA
ASV1d8ca5934245,Bacteria,Bacteroidota,Bacteroidia,Chitinophagales,Chitinophagaceae,Chitinophaga,terrae
ASV544e0528ddf9,Bacteria,Nitrospirota,Nitrospiria,Nitrospirales,Nitrospiraceae,Nitrospira,NA
ASVf436a095a348,Bacteria,Pseudomonadota,Alphaproteobacteria,Acetobacterales,Acetobacteraceae,NA,NA
ASV8ea72307993d,Bacteria,Pseudomonadota,Gammaproteobacteria,Lysobacterales,Rhodanobacteraceae,Luteibacter,yeojuensis
ASV0d0b1aee9d05,Bacteria,Actinomycetota,Actinobacteria,Micrococcales,Microbacteriaceae,Leifsonia,xyli
ASVecfeec7663bd,Bacteria,Pseudomonadota,Gammaproteobacteria,Lysobacterales,Rhodanobacteraceae,Chujaibacter,NA
ASV674709d68bcf,Bacteria,Actinomycetota,Actinobacteria,Micrococcales,Micrococcaceae,Sinomonas,atrocyanea
ASVbc175b858557,Bacteria,Patescibacteria,Saccharimonadia,Saccharimonadales,WWH38,NA,NA
ASV30f305340535,Bacteria,Pseudomonadota,Gammaproteobacteria,Burkholderiales,Comamonadaceae,NA,NA
ASV2ea56609ffc3,Bacteria,Actinomycetota,Actinobacteria,Micromonosporales,Micromonosporaceae,Actinoplanes,NA
ASV494a0932581f,Bacteria,Chloroflexota,Anaerolineae,RBG-13-54-9,NA,NA,NA
ASV63ddf830cc82,Bacteria,Gemmatimonadota,Gemmatimonadia,Gemmatimonadales,Gemmatimonadaceae,Gemmatimonas,NA
ASVffe7ccd20d19,Bacteria,Planctomycetota,Planctomycetes,Isosphaerales,Isosphaeraceae,Aquisphaera,NA
ASV406908132192,Bacteria,Patescibacteria,Saccharimonadia,Saccharimonadales,NA,NA,NA
ASV33c5a62ee70d,Bacteria,Patescibacteria,Microgenomatia,NA,NA,NA,NA
ASV67c3de7a3073,Bacteria,Actinomycetota,Actinobacteria,Frankiales,Geodermatophilaceae,Geodermatophilus,NA
ASV1c55ac9a378c,Bacteria,Pseudomonadota,Alphaproteobacteria,Acetobacterales,Acetobacteraceae,NA,NA
ASV27a41b727c88,Bacteria,Gemmatimonadota,S0134 terrestrial group,NA,NA,NA,NA
ASVf55120447c56,Bacteria,Pseudomonadota,Gammaproteobacteria,Burkholderiales,Comamonadaceae,NA,NA
ASV4064b7a7c044,Bacteria,Pseudomonadota,Gammaproteobacteria,Burkholderiales,Comamonadaceae,Comamonas,NA
ASV3d7e08b96b9c,Bacteria,Chloroflexota,Chloroflexia,Thermomicrobiales,Thermomicrobiaceae,Nitrolancea,NA
ASV4ba707e1a915,Bacteria,Patescibacteria,Saccharimonadia,Saccharimonadales,Saccharimonadaceae,TM7a,NA
ASV7d45d37c6c43,Bacteria,Pseudomonadota,Gammaproteobacteria,Burkholderiales,Nitrosomonadaceae,Ellin6067,NA
ASV20e40fe5be47,Bacteria,Nitrospirota,Nitrospiria,Nitrospirales,Nitrospiraceae,Nitrospira,NA
ASV889363f5c486,Bacteria,Acidobacteriota,Acidobacteriae,Terriglobales,Acidobacteriaceae (Subgroup 1),Occallatibacter,NA
ASVac65bfb6c687,Bacteria,Pseudomonadota,Gammaproteobacteria,Burkholderiales,Nitrosomonadaceae,Ellin6067,NA
ASVdab08c1e5735,Bacteria,Pseudomonadota,Gammaproteobacteria,Burkholderiales,Nitrosomonadaceae,Ellin6067,NA
ASV187b331e512c,Bacteria,Chloroflexota,Chloroflexia,Chloroflexales,Roseiflexaceae,NA,NA
ASVa0e833faad20,Bacteria,Myxococcota,Myxococcia,Myxococcales,Anaeromyxobacteraceae,Anaeromyxobacter,NA
ASV7469a0e4a424,Bacteria,Pseudomonadota,Alphaproteobacteria,Dongiales,Dongiaceae,Dongia,NA
ASV4065206b4d02,Bacteria,Planctomycetota,Phycisphaerae,Tepidisphaerales,WD2101 soil group,NA,NA
ASVb50607f5c8d2,Bacteria,Planctomycetota,Phycisphaerae,Tepidisphaerales,WD2101 soil group,NA,NA
ASV95ba190efd29,Bacteria,Pseudomonadota,Gammaproteobacteria,Lysobacterales,Rhodanobacteraceae,Rhodanobacter,NA
ASV436b1b8ca8fa,Bacteria,Actinomycetota,Thermoleophilia,Solirubrobacterales,Solirubrobacteraceae,NA,NA
ASVf4bf2dae5b62,Bacteria,Myxococcota,Polyangiia,Polyangiales,NA,NA,NA
ASV9b03cc7f3add,Bacteria,Actinomycetota,Thermoleophilia,Gaiellales,NA,NA,NA
ASVb099487e581a,Bacteria,Pseudomonadota,Gammaproteobacteria,Burkholderiales,Nitrosomonadaceae,Ellin6067,NA
ASVd1dcb0e48c83,Bacteria,Myxococcota,Polyangiia,Haliangiales,Haliangiaceae,NA,NA
ASV86cb189aface,Bacteria,Acidobacteriota,Acidobacteriae,Subgroup 2,NA,NA,NA
ASV431c2e9b8a45,Bacteria,Planctomycetota,Phycisphaerae,Tepidisphaerales,WD2101 soil group,NA,NA
ASVde051e1dfdd8,Bacteria,Pseudomonadota,Gammaproteobacteria,Lysobacterales,Rhodanobacteraceae,Dyella,NA
ASVcca2e836dee3,Bacteria,Pseudomonadota,Gammaproteobacteria,Gammaproteobacteria Incertae Sedis,Unknown Family,Acidibacter,NA
ASVfa89eb90954f,Bacteria,Gemmatimonadota,Gemmatimonadia,Gemmatimonadales,Gemmatimonadaceae,Gemmatimonas,NA
ASVa884ad643f03,Bacteria,Pseudomonadota,Gammaproteobacteria,Lysobacterales,Rhodanobacteraceae,Chujaibacter,NA
ASV56af247cbf66,Bacteria,Chloroflexota,Chloroflexia,Thermomicrobiales,Thermomicrobiaceae,Nitrolancea,NA
ASV94398938f11e,Bacteria,Actinomycetota,Actinobacteria,Propionibacteriales,Nocardioidaceae,Nocardioides,NA
ASV39f281b1f314,Bacteria,Pseudomonadota,Gammaproteobacteria,Lysobacterales,Lysobacteraceae,Thermomonas,fusca
ASV1fad13849b85,Bacteria,Pseudomonadota,Gammaproteobacteria,Burkholderiales,Comamonadaceae,NA,NA
ASV9d942d1bd691,Bacteria,Pseudomonadota,Gammaproteobacteria,Lysobacterales,Rhodanobacteraceae,Mizugakiibacter,NA
ASV4e16b6c59130,Bacteria,Planctomycetota,Phycisphaerae,Tepidisphaerales,WD2101 soil group,NA,NA
ASV112a7e5e24b0,Bacteria,Pseudomonadota,Gammaproteobacteria,Burkholderiales,Burkholderiaceae,Burkholderia-Caballeronia-Paraburkholderia,NA
ASV372e51135121,Bacteria,Chloroflexota,Ktedonobacteria,Ktedonobacterales,JG30-KF-AS9,NA,NA
ASVff24767b672c,Bacteria,Pseudomonadota,Gammaproteobacteria,Burkholderiales,SC-I-84,NA,NA
ASVf7c5430bed69,Bacteria,Pseudomonadota,Gammaproteobacteria,Pseudomonadales,Pseudomonadaceae,Pseudomonas,NA
ASVfb1d0358d359,Bacteria,RCP2-54,NA,NA,NA,NA,NA
ASV5523e1e0829f,Bacteria,Pseudomonadota,Gammaproteobacteria,Lysobacterales,Rhodanobacteraceae,Rhodanobacter,NA
ASV11b035259981,Bacteria,Pseudomonadota,Gammaproteobacteria,Lysobacterales,Rhodanobacteraceae,Rhodanobacter,NA
ASV6cd0e9d6153d,Bacteria,Planctomycetota,Planctomycetes,Pirellulales,Pirellulaceae,NA,NA
ASV73442f977d4b,Bacteria,Planctomycetota,Phycisphaerae,Tepidisphaerales,WD2101 soil group,NA,NA
ASVc735e9dac3c6,Bacteria,Verrucomicrobiota,Verrucomicrobiia,Pedosphaerales,Pedosphaeraceae,ADurb.Bin063-1,NA
ASVdfec27d42b3a,Bacteria,RCP2-54,NA,NA,NA,NA,NA
ASV79d24aba7694,Bacteria,Chloroflexota,Ktedonobacteria,Ktedonobacterales,JG30-KF-AS9,NA,NA
ASV366da4e462f1,Bacteria,Pseudomonadota,Alphaproteobacteria,Acetobacterales,Acetobacteraceae,NA,NA
ASV62f94b0e37d1,Bacteria,Pseudomonadota,Gammaproteobacteria,Lysobacterales,Lysobacteraceae,Stenotrophomonas,panacihumi
ASV4056804f8f69,Bacteria,Pseudomonadota,Gammaproteobacteria,Rickettsiellales,Rickettsiellaceae,Aquicella,NA
ASV3f0d725d351c,Bacteria,Gemmatimonadota,Gemmatimonadia,Gemmatimonadales,Gemmatimonadaceae,Gemmatimonas,NA
ASV3d7245df24c7,Bacteria,Chloroflexota,Chloroflexia,Thermomicrobiales,JG30-KF-CM45,NA,NA
ASVf8532e0ad956,Bacteria,Pseudomonadota,Gammaproteobacteria,Lysobacterales,Rhodanobacteraceae,Dyella,NA
ASV1699774469d4,Bacteria,Chloroflexota,Ktedonobacteria,Ktedonobacterales,Ktedonobacteraceae,NA,NA
ASVabcffa0d4bba,Archaea,Thermoproteota,Nitrososphaeria,Nitrososphaerales,Nitrososphaeraceae,Candidatus Nitrosocosmicus,NA
ASV201672042eef,Bacteria,Pseudomonadota,Gammaproteobacteria,Burkholderiales,Oxalobacteraceae,Herbaspirillum,seropedicae
ASV5ef08d684e36,Bacteria,Myxococcota,Polyangiia,Haliangiales,Haliangiaceae,NA,NA
ASV8f49ebb6a394,Bacteria,Pseudomonadota,Gammaproteobacteria,Burkholderiales,Burkholderiaceae,Burkholderia-Caballeronia-Paraburkholderia,NA
ASV14779689d5f9,Bacteria,Bacillota,Bacilli,Alicyclobacillales,Alicyclobacillaceae,Alicyclobacillus,NA
ASVd615bcf7c76a,Bacteria,Pseudomonadota,Gammaproteobacteria,Lysobacterales,Rhodanobacteraceae,Chujaibacter,NA
ASVaaafdf64d191,Bacteria,Chloroflexota,Chloroflexia,Thermomicrobiales,JG30-KF-CM45,NA,NA
ASVef26613a2b7c,Bacteria,Bacteroidota,Bacteroidia,Bacteroidales,Dysgonomonadaceae,Fermentimonas,NA
ASV4b02a301bb1b,Bacteria,Pseudomonadota,Alphaproteobacteria,Hyphomicrobiales,Devosiaceae,Devosia,riboflavina
ASV9ac3e6d6a056,Bacteria,Pseudomonadota,Gammaproteobacteria,Lysobacterales,Rhodanobacteraceae,Rhodanobacter,fulvus
ASV04b730c600f7,Bacteria,Pseudomonadota,Alphaproteobacteria,Hyphomicrobiales,Rhizobiaceae,NA,NA
ASVa41477d8476e,Bacteria,Pseudomonadota,Gammaproteobacteria,Pseudomonadales,Pseudomonadaceae,Pseudomonas,balearica
ASV2e01267f4253,Bacteria,NA,NA,NA,NA,NA,NA
ASVce6b2378b221,Bacteria,Actinomycetota,Acidimicrobiia,Acidimicrobiales,Acidimicrobiaceae,NA,NA
ASV9a0bb653f347,Bacteria,Pseudomonadota,Alphaproteobacteria,Hyphomicrobiales,Rhizobiaceae,Mesorhizobium,plurifarium
ASVb0253a8bbd32,Bacteria,Actinomycetota,Thermoleophilia,Solirubrobacterales,NA,NA,NA
ASV08efbc27a09c,Bacteria,Gemmatimonadota,Gemmatimonadia,Gemmatimonadales,Gemmatimonadaceae,Gemmatimonas,NA
ASV0a7e1848d23e,Bacteria,Pseudomonadota,Gammaproteobacteria,Burkholderiales,SC-I-84,NA,NA
ASVf19e0a6e2bcf,Bacteria,Armatimonadota,Chthonomonadia,Chthonomonadales,NA,NA,NA
ASVee4ed5dda167,Bacteria,Actinomycetota,Actinobacteria,Catenulisporales,Actinospicaceae,Actinocrinis,puniceicyclus
ASVeb94395a42fc,Bacteria,Actinomycetota,Actinobacteria,Catenulisporales,Actinospicaceae,Actinocrinis,puniceicyclus
ASV22a4235a40ea,Bacteria,Actinomycetota,Thermoleophilia,Gaiellales,NA,NA,NA
ASVbb8e58d5bc6a,Bacteria,Acidobacteriota,Acidobacteriae,Solibacterales,Solibacteraceae,Candidatus Solibacter,NA
ASVeaf5f0154d0e,Bacteria,Actinomycetota,Acidimicrobiia,Acidimicrobiales,Acidimicrobiaceae,Acidiferrimicrobium,NA
ASV4519195046d9,Bacteria,Pseudomonadota,Gammaproteobacteria,Gammaproteobacteria Incertae Sedis,Unknown Family,Acidibacter,NA
ASVb2fb82435274,Bacteria,Acidobacteriota,Acidobacteriae,Subgroup 13,NA,NA,NA
ASVe1b811688913,Bacteria,Chloroflexota,NA,NA,NA,NA,NA
ASVc6e1b9b1cc10,Bacteria,Acidobacteriota,Acidobacteriae,Terriglobales,Acidobacteriaceae (Subgroup 1),Granulicella,NA
ASVe94371f22150,Bacteria,Planctomycetota,Phycisphaerae,Tepidisphaerales,WD2101 soil group,NA,NA
ASVc0b56d77fbe1,Bacteria,Pseudomonadota,Gammaproteobacteria,Burkholderiales,Oxalobacteraceae,Massilia,NA
ASV806bfadbcc1c,Bacteria,Chloroflexota,Ktedonobacteria,B12-WMSP1,NA,NA,NA
ASVfe789e413c67,Bacteria,Chloroflexota,Ktedonobacteria,Ktedonobacterales,JG30-KF-AS9,NA,NA
ASVa7c827220c72,Bacteria,Gemmatimonadota,Gemmatimonadia,Gemmatimonadales,Gemmatimonadaceae,Gemmatimonas,NA
ASV3b00e3c2bef2,Bacteria,Nitrospirota,Nitrospiria,Nitrospirales,Nitrospiraceae,Nitrospira,NA
ASV6664e7203a88,Bacteria,Actinomycetota,Actinobacteria,Micrococcales,Intrasporangiaceae,NA,NA
ASV934fe38fa7ad,Bacteria,Verrucomicrobiota,Verrucomicrobiia,Chthoniobacterales,Chthoniobacteraceae,Chthoniobacter,NA
ASVc5205a329931,Bacteria,Pseudomonadota,Gammaproteobacteria,Lysobacterales,Rhodanobacteraceae,Chujaibacter,NA
ASVaa55f89770b4,Bacteria,Actinomycetota,Thermoleophilia,Gaiellales,NA,NA,NA
ASVb9ec6d109555,Bacteria,Chloroflexota,Chloroflexia,Thermomicrobiales,JG30-KF-CM45,NA,NA
ASV15fd27f87024,Bacteria,Pseudomonadota,Gammaproteobacteria,Lysobacterales,Rhodanobacteraceae,Mizugakiibacter,NA
ASV4491f3b58379,Bacteria,Actinomycetota,Thermoleophilia,Solirubrobacterales,Solirubrobacteraceae,Conexibacter,NA
ASVc62498e8f33d,Bacteria,Actinomycetota,Actinobacteria,Streptosporangiales,Thermomonosporaceae,Actinomadura,nitritigenes
ASVdb7b576444d2,Bacteria,Gemmatimonadota,Gemmatimonadia,Gemmatimonadales,Gemmatimonadaceae,NA,NA
ASVf0bd0b06e5ac,Bacteria,Chloroflexota,Ktedonobacteria,Ktedonobacterales,JG30-KF-AS9,NA,NA
ASVbcc2cd75b68d,Bacteria,Gemmatimonadota,Gemmatimonadia,Gemmatimonadales,Gemmatimonadaceae,NA,NA
ASVbad8d63f06f3,Bacteria,Pseudomonadota,Alphaproteobacteria,Hyphomicrobiales,Rhizobiaceae,NA,NA
ASVf1e71c6c93bb,Bacteria,Bacteroidota,Bacteroidia,Chitinophagales,Chitinophagaceae,NA,NA
ASVa698046dc2ce,Bacteria,Patescibacteria,Saccharimonadia,Saccharimonadales,NA,NA,NA
ASV2db2454e5ec2,Bacteria,Gemmatimonadota,Longimicrobiia,Longimicrobiales,Longimicrobiaceae,NA,NA
ASV76a4af897a84,Bacteria,Pseudomonadota,Gammaproteobacteria,Burkholderiales,Alcaligenaceae,Castellaniella,defragrans
ASV8c120f5a4ded,Bacteria,Pseudomonadota,Alphaproteobacteria,Elsterales,URHD0088,NA,NA
ASVbe6b4d8d8082,Bacteria,Gemmatimonadota,Gemmatimonadia,Gemmatimonadales,Gemmatimonadaceae,NA,NA
ASV259a2c589c85,Bacteria,Actinomycetota,Thermoleophilia,Gaiellales,NA,NA,NA
ASVf6d6a939b42e,Bacteria,Pseudomonadota,Alphaproteobacteria,Micropepsales,Micropepsaceae,NA,NA
ASV63ff996566b1,Bacteria,Pseudomonadota,Gammaproteobacteria,Burkholderiales,SC-I-84,NA,NA
ASVaf96ab46b6fb,Bacteria,Chloroflexota,Ktedonobacteria,Ktedonobacterales,JG30-KF-AS9,NA,NA
ASV0092816129d1,Bacteria,Chlamydiota,Chlamydiia,Chlamydiales,Simkaniaceae,NA,NA
ASV723fe6fb7b06,Bacteria,Acidobacteriota,Holophagae,Subgroup 7,NA,NA,NA
ASVa0b64a6bb369,Bacteria,Chloroflexota,Ktedonobacteria,Ktedonobacterales,JG30-KF-AS9,NA,NA
ASV6ec096bb635c,Bacteria,Acidobacteriota,Vicinamibacteria,Subgroup 17,NA,NA,NA
ASV3c4a8b1af78f,Bacteria,Gemmatimonadota,Gemmatimonadia,Gemmatimonadales,Gemmatimonadaceae,Gemmatimonas,NA
ASVfd003b82f3bb,Bacteria,Myxococcota,Polyangiia,Haliangiales,Haliangiaceae,NA,NA
ASVb37095795b8e,Bacteria,Pseudomonadota,Alphaproteobacteria,Elsterales,NA,NA,NA
ASV56637f35c201,Bacteria,Actinomycetota,Actinobacteria,Frankiales,Acidothermaceae,Acidothermus,NA
ASVfe36ce621d2b,Bacteria,Pseudomonadota,Gammaproteobacteria,Pseudomonadales,Pseudomonadaceae,Pseudomonas,NA
ASVb86c1d0fbce2,Bacteria,Pseudomonadota,Gammaproteobacteria,Lysobacterales,Rhodanobacteraceae,Rhodanobacter,lindaniclasticus
ASV3625ebb86491,Bacteria,Planctomycetota,Planctomycetes,Gemmatales,Gemmataceae,NA,NA
ASV78f8ad8a974f,Bacteria,Planctomycetota,Planctomycetes,Isosphaerales,Isosphaeraceae,NA,NA
ASV4c22ec6548c4,Bacteria,Pseudomonadota,Gammaproteobacteria,KF-JG30-C25,NA,NA,NA
ASV395d03c65755,Bacteria,Pseudomonadota,Alphaproteobacteria,Hyphomicrobiales,Xanthobacteraceae,Rhodoplanes,NA
ASVb4d135ebb4db,Bacteria,Chloroflexota,Chloroflexia,Thermomicrobiales,JG30-KF-CM45,NA,NA
ASV730f08308e55,Bacteria,Patescibacteria,Saccharimonadia,Saccharimonadales,LWQ8,NA,NA
ASV7c07760e9de6,Bacteria,Patescibacteria,Saccharimonadia,Saccharimonadales,LWQ8,NA,NA
ASVff363d28bd5e,Bacteria,Pseudomonadota,Gammaproteobacteria,Burkholderiales,Burkholderiaceae,Burkholderia-Caballeronia-Paraburkholderia,NA
ASV4121ebf6765e,Bacteria,Acidobacteriota,Acidobacteriae,Terriglobales,Acidobacteriaceae (Subgroup 1),Occallatibacter,NA
ASV009e9e41310a,Bacteria,Actinomycetota,Acidimicrobiia,Acidimicrobiales,Acidimicrobiaceae,NA,NA
ASVf4839be6e3a2,Bacteria,Chloroflexota,Chloroflexia,Thermomicrobiales,Thermomicrobiaceae,Sphaerobacter,NA
ASVa6dc88b347e1,Bacteria,Patescibacteria,Saccharimonadia,Saccharimonadales,Saccharimonadaceae,TM7a,NA
ASVd7115f1ead69,Bacteria,Actinomycetota,Actinobacteria,Kitasatosporales,Streptomycetaceae,Streptomyces,viridosporus
ASV5fd7eabdcb2e,Bacteria,Pseudomonadota,Gammaproteobacteria,Burkholderiales,Comamonadaceae,NA,NA
ASVda3d11a8d739,Bacteria,Pseudomonadota,Gammaproteobacteria,Burkholderiales,Comamonadaceae,NA,NA
ASVb480f58c85d0,Bacteria,Bacteroidota,Bacteroidia,Cytophagales,Cytophagaceae,Cytophaga,hutchinsonii
ASVf1847fcc820b,Bacteria,Deinococcota,Deinococci,Deinococcales,Trueperaceae,Truepera,NA
ASV91dcc32a1593,Bacteria,Pseudomonadota,Alphaproteobacteria,Sphingomonadales,Sphingomonadaceae,Sphingobium,herbicidovorans
ASV0d2a3aaff353,Bacteria,Pseudomonadota,Alphaproteobacteria,Sphingomonadales,Sphingomonadaceae,NA,NA
ASVf1000c4fe0ea,Bacteria,Actinomycetota,Actinobacteria,Kineosporiales,Kineosporiaceae,Angustibacter,NA
ASV12282dd6f40e,Bacteria,Actinomycetota,Actinobacteria,Micrococcales,Micrococcaceae,Sinomonas,atrocyanea
ASV5070d01ccf9c,Bacteria,Actinomycetota,Thermoleophilia,Gaiellales,NA,NA,NA
ASVeb11b1022d68,Bacteria,Pseudomonadota,Gammaproteobacteria,Lysobacterales,Rhodanobacteraceae,NA,NA
ASV28ec765d42aa,Bacteria,Pseudomonadota,Gammaproteobacteria,Burkholderiales,SC-I-84,NA,NA
ASV3fc599418d54,Bacteria,Pseudomonadota,Gammaproteobacteria,Burkholderiales,SC-I-84,NA,NA
ASV9928ea9ad42e,Bacteria,Acidobacteriota,Vicinamibacteria,Vicinamibacterales,NA,NA,NA
ASVad2e33e4503f,Bacteria,Thermodesulfobacteriota,Desulfuromonadia,Geobacterales,Geobacteraceae,Geomonas,NA
ASV04e7ff13b71e,Bacteria,Actinomycetota,Thermoleophilia,Gaiellales,Gaiellaceae,Gaiella,NA
ASV778b9a69a9a5,Bacteria,Acidobacteriota,Vicinamibacteria,Vicinamibacterales,Vicinamibacteraceae,NA,NA
ASVe2039df6fce7,Bacteria,Bdellovibrionota,Oligoflexia,0319-6G20,NA,NA,NA
ASVc60f7f457d4d,Bacteria,Actinomycetota,Actinobacteria,Micrococcales,Micrococcaceae,Sinomonas,atrocyanea
ASV6558562385aa,Bacteria,Actinomycetota,Acidimicrobiia,Acidimicrobiales,Acidimicrobiaceae,NA,NA
ASV1cd5fd27e8c1,Bacteria,Patescibacteria,Saccharimonadia,Saccharimonadales,WWH38,NA,NA
ASV8124c4f5a7b6,Bacteria,Pseudomonadota,Gammaproteobacteria,Burkholderiales,Burkholderiaceae,Burkholderia-Caballeronia-Paraburkholderia,NA
ASV803c228f1772,Bacteria,Pseudomonadota,Gammaproteobacteria,Burkholderiales,Oxalobacteraceae,Massilia,NA
ASV6698a6d04998,Bacteria,Chloroflexota,Ktedonobacteria,Ktedonobacterales,JG30-KF-AS9,NA,NA
ASV041f17f96c59,Bacteria,Acidobacteriota,Acidobacteriae,Subgroup 13,NA,NA,NA
ASV90ab8fe7f29c,Bacteria,Actinomycetota,Thermoleophilia,Gaiellales,NA,NA,NA
ASVc2a51a74c376,Bacteria,Acidobacteriota,Acidobacteriae,Terriglobales,NA,NA,NA
ASV421554bb33ef,Bacteria,Acidobacteriota,Acidobacteriae,Terriglobales,Acidobacteriaceae (Subgroup 1),NA,NA
ASV21c46e2537c0,Bacteria,Patescibacteria,Saccharimonadia,Saccharimonadales,Saccharimonadaceae,TM7a,NA
ASV7ed2e7943eea,Bacteria,Gemmatimonadota,Gemmatimonadia,Gemmatimonadales,Gemmatimonadaceae,NA,NA
ASVe532270e3968,Bacteria,Pseudomonadota,Alphaproteobacteria,Sphingomonadales,Sphingomonadaceae,NA,NA
ASV6ad0a35f7fd6,Bacteria,Pseudomonadota,Alphaproteobacteria,Hyphomicrobiales,Xanthobacteraceae,Pseudolabrys,NA
ASVbf945541b1bd,Bacteria,Actinomycetota,Actinobacteria,Micrococcales,Micrococcaceae,Sinomonas,atrocyanea
ASVdfa442e37c43,Bacteria,Pseudomonadota,Gammaproteobacteria,Pseudomonadales,Pseudomonadaceae,Pseudomonas,NA
ASVed63e4542b70,Bacteria,Actinomycetota,Actinobacteria,Streptosporangiales,Streptosporangiaceae,Microbispora,NA
ASV6ffc9733c628,Bacteria,Actinomycetota,Thermoleophilia,Solirubrobacterales,NA,NA,NA
ASVd851eab5c25e,Bacteria,Gemmatimonadota,Gemmatimonadia,Gemmatimonadales,Gemmatimonadaceae,NA,NA
ASVdbfe999e44d6,Bacteria,Actinomycetota,Actinobacteria,Micrococcales,Intrasporangiaceae,Knoellia,NA
ASVecd0652aef7d,Bacteria,Actinomycetota,Actinobacteria,Kitasatosporales,Streptomycetaceae,Streptomyces,viridosporus
ASVbfc217201fec,Bacteria,Patescibacteria,Saccharimonadia,Saccharimonadales,NA,NA,NA
ASV4b083e9cf5a7,Bacteria,Actinomycetota,Actinobacteria,Micrococcales,Microbacteriaceae,NA,NA
ASVa5557e2b3b4f,Bacteria,Pseudomonadota,Gammaproteobacteria,Rickettsiellales,Rickettsiellaceae,NA,NA
ASV3e8e8f2fc435,Bacteria,Bacillota,Bacilli,Bacillales,Bacillaceae,NA,NA
ASV5c88dc65e1da,Bacteria,Actinomycetota,Actinobacteria,Kineosporiales,Kineosporiaceae,Thalassiella,NA
ASV6850e1a5d2fa,Bacteria,Patescibacteria,Saccharimonadia,Saccharimonadales,LWQ8,NA,NA
ASV356fbdbe78ad,Bacteria,Chloroflexota,Chloroflexia,Thermomicrobiales,JG30-KF-CM45,NA,NA
ASV1ccc8ab04667,Bacteria,Pseudomonadota,Alphaproteobacteria,Micropepsales,Micropepsaceae,NA,NA
ASV3f2bfce2f50f,Bacteria,Myxococcota,Polyangiia,Haliangiales,Haliangiaceae,NA,NA
ASVe07555783bd6,Bacteria,Gemmatimonadota,Gemmatimonadia,Gemmatimonadales,Gemmatimonadaceae,NA,NA
ASVb01ddcabf81d,Bacteria,Chloroflexota,Ktedonobacteria,Ktedonobacterales,JG30-KF-AS9,NA,NA
ASV2c1fc002d2bd,Bacteria,Acidobacteriota,Acidobacteriae,Terriglobales,Acidobacteriaceae (Subgroup 1),Occallatibacter,NA
ASV10851e2cede8,Bacteria,Gemmatimonadota,Gemmatimonadia,Gemmatimonadales,Gemmatimonadaceae,Gemmatimonas,NA
ASV59437806369c,Bacteria,Actinomycetota,Actinobacteria,Catenulisporales,Actinospicaceae,Actinocrinis,NA
ASVe43924d1aa10,Bacteria,Actinomycetota,Thermoleophilia,Gaiellales,NA,NA,NA
ASVf554c6ac8400,Bacteria,Acidobacteriota,Acidobacteriae,Subgroup 2,NA,NA,NA
ASVef68ce1448bb,Bacteria,Pseudomonadota,Alphaproteobacteria,Caulobacterales,Caulobacteraceae,NA,NA
ASVcd20870899c8,Bacteria,Pseudomonadota,Alphaproteobacteria,Acetobacterales,Acetobacteraceae,Acidicaldus,NA
ASVf2485e4ed619,Bacteria,Pseudomonadota,Gammaproteobacteria,Burkholderiales,Oxalobacteraceae,Herbaspirillum,NA
ASVaa20a4b20e11,Bacteria,Myxococcota,Polyangiia,Haliangiales,Haliangiaceae,NA,NA
ASV7f0a25dce35e,Bacteria,Patescibacteria,Saccharimonadia,Saccharimonadales,LWQ8,NA,NA
ASV43655df34e36,Bacteria,Acidobacteriota,Acidobacteriae,Terriglobales,NA,NA,NA
ASVa48d60f3491a,Bacteria,Acidobacteriota,Acidobacteriae,Terriglobales,Acidobacteriaceae (Subgroup 1),Terracidiphilus,NA
ASV4e4c6958096f,Bacteria,Pseudomonadota,Alphaproteobacteria,Caulobacterales,Caulobacteraceae,Phenylobacterium,NA
ASVaf38824617e0,Bacteria,Pseudomonadota,Alphaproteobacteria,Hyphomicrobiales,Xanthobacteraceae,Rhodoplanes,NA
ASVefbac37606bc,Bacteria,NA,NA,NA,NA,NA,NA
ASVc10ecf0078e0,Bacteria,Actinomycetota,Actinobacteria,Micromonosporales,Micromonosporaceae,Dactylosporangium,NA
ASVfdee77473532,Bacteria,Candidatus Eremiobacterota,Eremiobacteria,NA,NA,NA,NA
ASV7285dbb4ce3d,Bacteria,Pseudomonadota,Alphaproteobacteria,Acetobacterales,Acetobacteraceae,Acidisoma,NA
ASV35098aaedcda,Bacteria,Nitrospirota,Nitrospiria,Nitrospirales,Nitrospiraceae,Nitrospira,NA
ASVbff6b9185ea7,Bacteria,Pseudomonadota,Alphaproteobacteria,Elsterales,URHD0088,NA,NA
ASVc143dd2939db,Bacteria,Pseudomonadota,Alphaproteobacteria,Sphingomonadales,Sphingomonadaceae,Hephaestia,NA
ASV6f2ef8f41452,Bacteria,Pseudomonadota,Alphaproteobacteria,NA,NA,NA,NA
ASV862a2c0ca139,Bacteria,Bacillota,Bacilli,Bacillales,Bacillaceae,NA,NA
ASV1697b85108a6,Bacteria,Actinomycetota,Acidimicrobiia,Acidimicrobiales,Acidimicrobiaceae,Acidiferrimicrobium,NA
ASV4a2aed3bacf0,Bacteria,Myxococcota,Myxococcia,Myxococcales,Myxococcaceae,P3OB-42,NA
ASV31bd3e6d4515,Bacteria,Actinomycetota,Actinobacteria,Kineosporiales,Kineosporiaceae,Thalassiella,NA
ASV0bc2d7f60d7c,Bacteria,Pseudomonadota,Alphaproteobacteria,Hyphomicrobiales,Rhizobiaceae,NA,NA
ASV399bbe5a174a,Bacteria,Pseudomonadota,Gammaproteobacteria,Burkholderiales,Comamonadaceae,NA,NA
ASV6fb5c3072138,Bacteria,Bacillota,Bacilli,Bacillales,Bacillaceae,NA,NA
ASVfeecb43ccb3f,Bacteria,Verrucomicrobiota,Verrucomicrobiia,Opitutales,Opitutaceae,NA,NA
ASV92c081996f5a,Bacteria,Verrucomicrobiota,Verrucomicrobiia,Pedosphaerales,Pedosphaeraceae,Ellin516,NA
ASVc79b9f6f3252,Bacteria,Pseudomonadota,Gammaproteobacteria,Burkholderiales,Oxalobacteraceae,Duganella,NA
ASVc8e5843cbaca,Bacteria,Acidobacteriota,Acidobacteriae,Terriglobales,Acidobacteriaceae (Subgroup 1),NA,NA
ASVd3e70e2dc430,Bacteria,Planctomycetota,Phycisphaerae,Tepidisphaerales,WD2101 soil group,NA,NA
ASV3df4e50db8bf,Bacteria,Acidobacteriota,Acidobacteriae,Terriglobales,NA,NA,NA
ASV41c7bca2e537,Bacteria,Gemmatimonadota,Gemmatimonadia,Gemmatimonadales,Gemmatimonadaceae,Gemmatimonas,NA
ASVe6082bb01efb,Bacteria,Pseudomonadota,Gammaproteobacteria,Burkholderiales,Nitrosomonadaceae,Ellin6067,NA
ASV03960903083d,Bacteria,Chloroflexota,KD4-96,NA,NA,NA,NA
ASVf5eff094e361,Bacteria,Acidobacteriota,Blastocatellia,Pyrinomonadales,Pyrinomonadaceae,NA,NA
ASV0c95fe226da0,Bacteria,Myxococcota,Myxococcia,Myxococcales,Anaeromyxobacteraceae,Anaeromyxobacter,NA
ASV53980c82c171,Bacteria,Actinomycetota,Thermoleophilia,Gaiellales,Gaiellaceae,Gaiella,NA
ASVa23a594e0ba2,Bacteria,Chloroflexota,Ktedonobacteria,C0119,NA,NA,NA
ASVd4093f2dc0a6,Bacteria,Patescibacteria,Saccharimonadia,Saccharimonadales,WWH38,NA,NA
ASV9213ab995b20,Bacteria,Armatimonadota,NA,NA,NA,NA,NA
ASVe77fa34d5bf3,Bacteria,Chloroflexota,Chloroflexia,Thermomicrobiales,Thermomicrobiaceae,Nitrolancea,NA
ASV385ac9a02509,Bacteria,Acidobacteriota,Acidobacteriae,Terriglobales,Acidobacteriaceae (Subgroup 1),Granulicella,NA
ASV0452fcb90b3d,Bacteria,Pseudomonadota,Gammaproteobacteria,Burkholderiales,Comamonadaceae,NA,NA
ASV989783df0eb7,Bacteria,Myxococcota,Polyangiia,Haliangiales,Haliangiaceae,NA,NA
ASV5c5bfade65b5,Bacteria,Pseudomonadota,Alphaproteobacteria,Caulobacterales,Caulobacteraceae,NA,NA
ASV799fd83f3c3c,Bacteria,Planctomycetota,Phycisphaerae,Tepidisphaerales,WD2101 soil group,NA,NA
ASVac8339b95626,Bacteria,Pseudomonadota,Alphaproteobacteria,Sphingomonadales,Sphingomonadaceae,Sphingobium,NA
ASVfdb6d17ebe53,Bacteria,Pseudomonadota,Gammaproteobacteria,Burkholderiales,Comamonadaceae,NA,NA
ASVddd1a14d6a51,Bacteria,Pseudomonadota,Alphaproteobacteria,Hyphomicrobiales,Rhizobiaceae,Rhizobium,phaseoli
ASV12860b46fe59,Bacteria,Pseudomonadota,Alphaproteobacteria,Micropepsales,Micropepsaceae,NA,NA
ASV34ccae807eef,Bacteria,Planctomycetota,Phycisphaerae,Tepidisphaerales,WD2101 soil group,NA,NA
ASV27faf3d65eec,Bacteria,Pseudomonadota,Alphaproteobacteria,Hyphomicrobiales,Xanthobacteraceae,Pseudolabrys,NA
ASV01a4b8e7de2c,Bacteria,Pseudomonadota,Alphaproteobacteria,Hyphomicrobiales,D05-2,NA,NA
ASV4834502d3846,Bacteria,Patescibacteria,Saccharimonadia,Saccharimonadales,LWQ8,NA,NA
ASVdcb8ddf669a4,Bacteria,Pseudomonadota,Alphaproteobacteria,Elsterales,NA,NA,NA
ASV5093fadc2607,Bacteria,Pseudomonadota,Gammaproteobacteria,Burkholderiales,Burkholderiaceae,Burkholderia-Caballeronia-Paraburkholderia,NA
ASVa94a0eee88e9,Bacteria,Pseudomonadota,Alphaproteobacteria,Acetobacterales,Acetobacteraceae,NA,NA
ASV9e8741e056cf,Bacteria,Patescibacteria,Saccharimonadia,Saccharimonadales,LWQ8,NA,NA
ASV77b73beb7121,Bacteria,Gemmatimonadota,Gemmatimonadia,Gemmatimonadales,Gemmatimonadaceae,NA,NA
ASV6e9c891ef07e,Bacteria,Actinomycetota,Thermoleophilia,Gaiellales,NA,NA,NA
ASVb46e755076b5,Bacteria,Actinomycetota,Actinobacteria,Frankiales,Acidothermaceae,Acidothermus,NA
ASV1459c150709d,Bacteria,Actinomycetota,Thermoleophilia,Solirubrobacterales,Solirubrobacteraceae,Conexibacter,NA
ASV10192afdd637,Bacteria,Actinomycetota,Actinobacteria,Frankiales,Acidothermaceae,Acidothermus,NA
ASVf327c0cb12df,Bacteria,Gemmatimonadota,Gemmatimonadia,Gemmatimonadales,Gemmatimonadaceae,NA,NA
ASVfafdcd79d58d,Bacteria,Actinomycetota,Actinobacteria,Streptosporangiales,Streptosporangiaceae,NA,NA
ASV283e9c1417ae,Bacteria,Pseudomonadota,Alphaproteobacteria,Hyphomicrobiales,Beijerinckiaceae,Bosea,NA
ASV9a74ab49e7a9,Bacteria,Pseudomonadota,Alphaproteobacteria,Hyphomicrobiales,Devosiaceae,Pelagibacterium,NA
ASV84ecb6d05e99,Bacteria,Pseudomonadota,Alphaproteobacteria,Caulobacterales,Caulobacteraceae,Caulobacter,vibrioides
ASV0659aba050c4,Bacteria,Pseudomonadota,Gammaproteobacteria,Pseudomonadales,NA,NA,NA
ASV02dc18b57fea,Bacteria,Planctomycetota,Planctomycetes,Isosphaerales,Isosphaeraceae,Tautonia,NA
ASVf4d3595a4fb0,Bacteria,Bacteroidota,Bacteroidia,Chitinophagales,Chitinophagaceae,Flavisolibacter,NA
ASVa409e0f9f6cb,Bacteria,Bacteroidota,Bacteroidia,Sphingobacteriales,Sphingobacteriaceae,Pelobium,manganitolerans
ASVa421e5bd8d72,Bacteria,Patescibacteria,Saccharimonadia,Saccharimonadales,Saccharimonadaceae,TM7a,NA
ASVe68eede121ca,Bacteria,Candidatus Eremiobacterota,Eremiobacteria,NA,NA,NA,NA
ASV1832218bc303,Bacteria,Pseudomonadota,Gammaproteobacteria,Burkholderiales,SC-I-84,NA,NA
ASV211e524ab0b1,Bacteria,Chloroflexota,Ktedonobacteria,Ktedonobacterales,JG30-KF-AS9,NA,NA
ASV565b187faf5f,Bacteria,Pseudomonadota,Gammaproteobacteria,Burkholderiales,Rhodocyclaceae,NA,NA
ASV23ab0ffa7355,Bacteria,Chloroflexota,Anaerolineae,Anaerolineales,Anaerolineaceae,NA,NA
ASV9134f74c04f4,Bacteria,Myxococcota,Myxococcia,Myxococcales,Anaeromyxobacteraceae,Anaeromyxobacter,NA
ASVb1a6d29de9ec,Bacteria,Actinomycetota,Actinobacteria,Catenulisporales,Actinospicaceae,Actinocrinis,NA
ASVeb80f9506a8e,Bacteria,Acidobacteriota,Blastocatellia,Pyrinomonadales,Pyrinomonadaceae,NA,NA
ASV2cee0e5e02aa,Bacteria,Pseudomonadota,Gammaproteobacteria,Lysobacterales,Rhodanobacteraceae,Dyella,NA
ASVd607c67fec75,Bacteria,Actinomycetota,Actinobacteria,Micromonosporales,Micromonosporaceae,Actinoplanes,NA
ASV4c3e9824a5e3,Bacteria,Acidobacteriota,Acidobacteriae,Terriglobales,NA,NA,NA
ASV81c42af0dbd3,Bacteria,Pseudomonadota,Gammaproteobacteria,Burkholderiales,Oxalobacteraceae,Massilia,NA
ASV5e9ce206348b,Bacteria,Pseudomonadota,Gammaproteobacteria,Burkholderiales,Oxalobacteraceae,Massilia,NA
ASV60390df82f4d,Bacteria,NA,NA,NA,NA,NA,NA
ASV9262d96b5876,Bacteria,Actinomycetota,Actinobacteria,Catenulisporales,Actinospicaceae,Actinocrinis,NA
ASV69168173ebbe,Bacteria,Actinomycetota,Thermoleophilia,Solirubrobacterales,Solirubrobacteraceae,Conexibacter,NA
ASV359a3376d060,Bacteria,Patescibacteria,Saccharimonadia,Saccharimonadales,LWQ8,NA,NA
ASV0cd27ec9a0a7,Bacteria,Verrucomicrobiota,Verrucomicrobiia,Pedosphaerales,Pedosphaeraceae,ADurb.Bin063-1,NA
ASVed447cc78d92,Bacteria,Pseudomonadota,Gammaproteobacteria,Gammaproteobacteria Incertae Sedis,Unknown Family,Acidibacter,NA
ASVa38362bf9f24,Bacteria,Pseudomonadota,Gammaproteobacteria,Burkholderiales,Alcaligenaceae,Bordetella,NA
ASV3852b012ed40,Bacteria,Patescibacteria,Saccharimonadia,Saccharimonadales,Saccharimonadaceae,TM7a,NA
ASV0d95e5e3121a,Bacteria,Pseudomonadota,Gammaproteobacteria,Burkholderiales,Comamonadaceae,Variovorax,NA
ASVcf476695dc92,Bacteria,Actinomycetota,Acidimicrobiia,Microtrichales,Ilumatobacteraceae,NA,NA
ASVfc9251d4349f,Bacteria,Patescibacteria,Saccharimonadia,Saccharimonadales,LWQ8,NA,NA
ASV4a1d9e48a196,Bacteria,Myxococcota,Polyangiia,Haliangiales,Haliangiaceae,NA,NA
ASV223aac2305f5,Bacteria,Actinomycetota,Actinobacteria,Micromonosporales,Micromonosporaceae,Actinoplanes,NA
ASV525fe2667709,Bacteria,Actinomycetota,Acidimicrobiia,Acidimicrobiales,Acidimicrobiaceae,Acidiferrimicrobium,NA
ASV7442cbd8153d,Bacteria,Verrucomicrobiota,Verrucomicrobiia,Opitutales,Opitutaceae,Opitutus,NA
ASV8c41fd1703d5,Bacteria,Pseudomonadota,Alphaproteobacteria,Rickettsiales,Mitochondria,NA,NA
ASV7e75cbd9510b,Bacteria,Chloroflexota,Chloroflexia,Thermomicrobiales,JG30-KF-CM45,NA,NA
ASVfa467420e2a7,Bacteria,Chloroflexota,Chloroflexia,Thermomicrobiales,JG30-KF-CM45,NA,NA
ASV05b64bf65ea3,Bacteria,Bacteroidota,Bacteroidia,Chitinophagales,Chitinophagaceae,Puia,NA
ASV48f8b2cf9ea6,Bacteria,Pseudomonadota,Alphaproteobacteria,Elsterales,NA,NA,NA
ASVc9bc16086257,Bacteria,Pseudomonadota,Alphaproteobacteria,NA,NA,NA,NA
ASVb9df61cb8539,Bacteria,Pseudomonadota,Gammaproteobacteria,Lysobacterales,Rhodanobacteraceae,Chujaibacter,NA
ASV28a65534a608,Bacteria,Pseudomonadota,Gammaproteobacteria,Burkholderiales,SC-I-84,NA,NA
ASVc3be0109ab6e,Bacteria,Acidobacteriota,Acidobacteriae,Terriglobales,Acidobacteriaceae (Subgroup 1),NA,NA
ASV3c07c78e0a5f,Bacteria,Patescibacteria,Saccharimonadia,Saccharimonadales,LWQ8,NA,NA
ASV4280bd1b84dc,Bacteria,Gemmatimonadota,Gemmatimonadia,Gemmatimonadales,Gemmatimonadaceae,NA,NA
ASVb62138fbad43,Bacteria,Acidobacteriota,Acidobacteriae,Terriglobales,Acidobacteriaceae (Subgroup 1),Terracidiphilus,NA
ASV45ffdae99d61,Bacteria,Acidobacteriota,Acidobacteriae,Terriglobales,NA,NA,NA
ASVbea04eb5a05f,Bacteria,Planctomycetota,Phycisphaerae,Tepidisphaerales,WD2101 soil group,NA,NA
ASVcb484beb0581,Bacteria,Actinomycetota,Actinobacteria,Catenulisporales,Actinospicaceae,Actinocrinis,NA
ASV01f8e26cf956,Bacteria,Pseudomonadota,Alphaproteobacteria,NA,NA,NA,NA
ASV621a3230d9fa,Bacteria,Chloroflexota,Ktedonobacteria,Ktedonobacterales,JG30-KF-AS9,NA,NA
ASV3246947fb35c,Bacteria,Pseudomonadota,Gammaproteobacteria,Burkholderiales,Oxalobacteraceae,Herbaspirillum,NA
ASVd1e304e9ce88,Bacteria,Chloroflexota,TK10,NA,NA,NA,NA
ASVddeaa3d116fb,Bacteria,Actinomycetota,Actinobacteria,Catenulisporales,Actinospicaceae,NA,NA
ASVbe90b85f50fe,Bacteria,Myxococcota,Polyangiia,Polyangiales,Sandaracinaceae,NA,NA
ASV036c07956f20,Bacteria,Pseudomonadota,Alphaproteobacteria,Sphingomonadales,Sphingomonadaceae,Sphingoaurantiacus,NA
ASVa69323a72fbc,Bacteria,Myxococcota,Myxococcia,Myxococcales,Myxococcaceae,P3OB-42,NA
ASVff88a0be7cda,Bacteria,Pseudomonadota,Gammaproteobacteria,Lysobacterales,Rhodanobacteraceae,Luteibacter,yeojuensis
ASV095a2116e0fc,Bacteria,Pseudomonadota,Gammaproteobacteria,Lysobacterales,Rhodanobacteraceae,Rhodanobacter,thiooxydans
ASV9e722a48b9ab,Bacteria,Actinomycetota,Actinobacteria,Mycobacteriales,Mycobacteriaceae,Mycobacterium,celatum
ASVe3273842a317,Bacteria,Pseudomonadota,Gammaproteobacteria,Lysobacterales,Rhodanobacteraceae,Mizugakiibacter,NA
ASV029e109b8bb3,Bacteria,Pseudomonadota,Gammaproteobacteria,Lysobacterales,Rhodanobacteraceae,Dokdonella,NA
ASVca8627ccaf05,Bacteria,Pseudomonadota,Gammaproteobacteria,Burkholderiales,Rhodocyclaceae,NA,NA
ASVd8ef5b5f7a5b,Bacteria,Actinomycetota,Thermoleophilia,Solirubrobacterales,67-14,NA,NA
ASV43a9dd29e395,Bacteria,Pseudomonadota,Gammaproteobacteria,Burkholderiales,Burkholderiaceae,Burkholderia-Caballeronia-Paraburkholderia,NA
ASV5e6aec67bc08,Bacteria,Acidobacteriota,Acidobacteriae,Terriglobales,Acidobacteriaceae (Subgroup 1),NA,NA
ASVebadc7893313,Bacteria,Actinomycetota,Thermoleophilia,Gaiellales,NA,NA,NA
ASV4d5ab9897f62,Bacteria,Pseudomonadota,Gammaproteobacteria,Lysobacterales,Rhodanobacteraceae,Rhodanobacter,NA
ASVb20f129dc94b,Bacteria,Bacillota,Bacilli,Alicyclobacillales,Alicyclobacillaceae,Alicyclobacillus,NA
ASV1e62bcf46e3d,Bacteria,Actinomycetota,Actinobacteria,Pseudonocardiales,Pseudonocardiaceae,Kutzneria,albida
ASVf2ee0378d2b5,Bacteria,Actinomycetota,Actinobacteria,Frankiales,Acidothermaceae,Acidothermus,NA
ASVd0bcdbb4a28e,Bacteria,Actinomycetota,Thermoleophilia,Gaiellales,NA,NA,NA
ASVd2b9b79f01a8,Bacteria,Actinomycetota,Actinobacteria,Streptosporangiales,Streptosporangiaceae,NA,NA
ASV8fd278fa2c90,Bacteria,Pseudomonadota,Alphaproteobacteria,Sphingomonadales,Sphingomonadaceae,Altericroceibacterium,NA
ASV902bbc71820f,Bacteria,Pseudomonadota,Alphaproteobacteria,Hyphomicrobiales,Devosiaceae,Devosia,NA
ASV7d86b38d8855,Bacteria,Pseudomonadota,Gammaproteobacteria,Burkholderiales,Oxalobacteraceae,NA,NA
ASVbff207048436,Bacteria,Actinomycetota,Actinobacteria,Micrococcales,Cellulomonadaceae,Cellulomonas,flavigena
ASV5d9b8c425d8b,Bacteria,Pseudomonadota,Alphaproteobacteria,Hyphomicrobiales,Devosiaceae,Devosia,riboflavina
ASV446ad47d9a1c,Bacteria,Pseudomonadota,Alphaproteobacteria,Sphingomonadales,Sphingomonadaceae,NA,NA
ASV6eabcee9f48b,Bacteria,Pseudomonadota,Gammaproteobacteria,Steroidobacterales,Steroidobacteraceae,Steroidobacter,NA
ASV185a437b255e,Bacteria,Patescibacteria,Saccharimonadia,Saccharimonadales,NA,NA,NA
ASVfd850bd7dd9d,Bacteria,Patescibacteria,Saccharimonadia,Saccharimonadales,LWQ8,NA,NA
ASV10e4dcc90d16,Bacteria,Actinomycetota,Actinobacteria,Micrococcales,Microbacteriaceae,Microbacterium,NA
ASV260c4eb105ab,Bacteria,Myxococcota,Polyangiia,Haliangiales,Haliangiaceae,NA,NA
ASV514d85414c0c,Bacteria,Actinomycetota,Actinobacteria,Catenulisporales,Actinospicaceae,Actinocrinis,puniceicyclus
ASV4fb93fcb546e,Bacteria,Chloroflexota,Ktedonobacteria,Ktedonobacterales,JG30-KF-AS9,NA,NA
ASV3f985daf88df,Bacteria,Planctomycetota,Phycisphaerae,Tepidisphaerales,WD2101 soil group,NA,NA
ASV9048ae9fbe40,Bacteria,Chloroflexota,P2-11E,NA,NA,NA,NA
ASV9ba602c44acb,Bacteria,Pseudomonadota,Alphaproteobacteria,NA,NA,NA,NA
ASV0d52386078f1,Bacteria,Pseudomonadota,Alphaproteobacteria,Elsterales,NA,NA,NA
ASVfb15ad2d6e86,Bacteria,Planctomycetota,Phycisphaerae,Tepidisphaerales,WD2101 soil group,NA,NA
ASV059090fbb275,Bacteria,Actinomycetota,Actinobacteria,Frankiales,Acidothermaceae,Acidothermus,NA
ASV315f3b131026,Bacteria,Pseudomonadota,Alphaproteobacteria,Caulobacterales,Caulobacteraceae,NA,NA
ASV49bbc9ad0a7a,Bacteria,Pseudomonadota,Alphaproteobacteria,Micropepsales,Micropepsaceae,NA,NA
ASVd5658dd0a9ad,Bacteria,Actinomycetota,Thermoleophilia,Gaiellales,NA,NA,NA
ASVbfacdbae1188,Bacteria,Actinomycetota,Actinobacteria,Frankiales,Acidothermaceae,Acidothermus,NA
ASV08eaae255519,Bacteria,Pseudomonadota,Gammaproteobacteria,Burkholderiales,Oxalobacteraceae,Massilia,NA
ASVcd3a8fe44ce4,Bacteria,Pseudomonadota,Gammaproteobacteria,Burkholderiales,Oxalobacteraceae,Herbaspirillum,NA
ASV779b01df91f2,Bacteria,Bacteroidota,Bacteroidia,Sphingobacteriales,Sphingobacteriaceae,Mucilaginibacter,NA
ASV753849c5b875,Bacteria,Pseudomonadota,Gammaproteobacteria,Lysobacterales,Rhodanobacteraceae,Mizugakiibacter,NA
ASVccf9837b7943,Bacteria,Myxococcota,Myxococcia,Myxococcales,Myxococcaceae,P3OB-42,NA
ASV569baca45694,Bacteria,Patescibacteria,Saccharimonadia,Saccharimonadales,WWH38,NA,NA
ASV33097c11aab3,Bacteria,Myxococcota,Polyangiia,Polyangiales,Sandaracinaceae,NA,NA
ASV484dfa002154,Bacteria,Acidobacteriota,Acidobacteriae,Terriglobales,NA,NA,NA
ASV6dde8274e0e2,Bacteria,Nitrospirota,Nitrospiria,Nitrospirales,Nitrospiraceae,Nitrospira,NA
ASV808cf6e5dad7,Bacteria,Pseudomonadota,Gammaproteobacteria,Lysobacterales,Rhodanobacteraceae,Luteibacter,yeojuensis
ASV07d34e722964,Bacteria,Actinomycetota,Thermoleophilia,Solirubrobacterales,Solirubrobacteraceae,Solirubrobacter,NA
ASVa9a2777b9471,Bacteria,Chloroflexota,Chloroflexia,Thermomicrobiales,JG30-KF-CM45,NA,NA
ASV707feaeac78d,Bacteria,Actinomycetota,Thermoleophilia,Solirubrobacterales,Solirubrobacteraceae,NA,NA
ASV35a90bf10772,Bacteria,Pseudomonadota,Gammaproteobacteria,Lysobacterales,Rhodanobacteraceae,Chujaibacter,NA
ASVf1df2991d347,Bacteria,Actinomycetota,Actinobacteria,Streptosporangiales,Streptosporangiaceae,Microbispora,NA
ASV0fdd273258c1,Bacteria,Pseudomonadota,Alphaproteobacteria,Micropepsales,Micropepsaceae,NA,NA
ASV7ef043b3eca1,Bacteria,Pseudomonadota,Alphaproteobacteria,Sphingomonadales,Sphingomonadaceae,Croceibacterium,NA
ASVc6b12b5974c1,Bacteria,Pseudomonadota,Gammaproteobacteria,Burkholderiales,Comamonadaceae,NA,NA
ASV8cf8f2d5d75b,Bacteria,Myxococcota,Polyangiia,Polyangiales,Polyangiaceae,Sorangium,NA
ASV9e2c8db22f9c,Bacteria,Bacteroidota,Bacteroidia,Cytophagales,Spirosomataceae,Persicitalea,NA
ASVc0c8b0948725,Bacteria,Pseudomonadota,Gammaproteobacteria,Burkholderiales,Comamonadaceae,NA,NA
ASV13c7665656ca,Bacteria,Pseudomonadota,Gammaproteobacteria,Burkholderiales,Rhodocyclaceae,NA,NA
ASV0e7d4fa56638,Bacteria,Acidobacteriota,Vicinamibacteria,Vicinamibacterales,NA,NA,NA
ASVe30a5f7cd53c,Bacteria,Patescibacteria,Saccharimonadia,Saccharimonadales,WWH38,NA,NA
ASV047a659836a8,Bacteria,Pseudomonadota,Gammaproteobacteria,Rickettsiellales,Rickettsiellaceae,Aquicella,NA
ASV900984e5ae92,Bacteria,Actinomycetota,Thermoleophilia,Gaiellales,NA,NA,NA
ASV4f5949ba11b0,Bacteria,Gemmatimonadota,Gemmatimonadia,Gemmatimonadales,Gemmatimonadaceae,NA,NA
ASV965d8658badf,Bacteria,Chloroflexota,Ktedonobacteria,Ktedonobacterales,JG30-KF-AS9,NA,NA
ASV3b5bf876de0d,Bacteria,Planctomycetota,Phycisphaerae,Tepidisphaerales,WD2101 soil group,NA,NA
ASV118d5cf972a6,Bacteria,Myxococcota,Polyangiia,Haliangiales,Haliangiaceae,NA,NA
ASV3cdb8e8c31aa,Bacteria,Pseudomonadota,Gammaproteobacteria,Burkholderiales,Burkholderiaceae,Burkholderia-Caballeronia-Paraburkholderia,sartisoli
ASV80b747918cc7,Bacteria,Pseudomonadota,Gammaproteobacteria,Burkholderiales,SC-I-84,NA,NA
ASV49be8130d65c,Bacteria,Chloroflexota,TK10,NA,NA,NA,NA
ASVe25614882ac4,Bacteria,Pseudomonadota,Gammaproteobacteria,Lysobacterales,Rhodanobacteraceae,Dyella,NA
ASV4f074c7c8a58,Bacteria,Acidobacteriota,Blastocatellia,Pyrinomonadales,Pyrinomonadaceae,NA,NA
ASV17dcbac8f6a3,Bacteria,Pseudomonadota,Alphaproteobacteria,Acetobacterales,Acetobacteraceae,Acidisoma,NA
ASV7a370669082e,Bacteria,Planctomycetota,Phycisphaerae,Tepidisphaerales,WD2101 soil group,NA,NA
ASVea74089c9f5e,Bacteria,Pseudomonadota,Alphaproteobacteria,Hyphomicrobiales,Xanthobacteraceae,Pseudolabrys,NA
ASVd74eb7d29fe7,Bacteria,Chloroflexota,Chloroflexia,Chloroflexales,Roseiflexaceae,NA,NA
ASV9dd39bb3ce11,Bacteria,Actinomycetota,Thermoleophilia,Gaiellales,NA,NA,NA
ASV1c2bec5a5bf7,Bacteria,Bacteroidota,Bacteroidia,Chitinophagales,Chitinophagaceae,Puia,NA
ASVa6fcb1ec8616,Bacteria,Acidobacteriota,Acidobacteriae,Solibacterales,Solibacteraceae,Candidatus Solibacter,NA
ASV35255d25ec7e,Bacteria,Acidobacteriota,Acidobacteriae,Terriglobales,Acidobacteriaceae (Subgroup 1),Terracidiphilus,NA
ASV25d4be674fa0,Bacteria,Actinomycetota,Actinobacteria,Frankiales,Acidothermaceae,Acidothermus,NA
ASVa2ddbde6460b,Bacteria,Actinomycetota,Actinobacteria,Catenulisporales,Actinospicaceae,Actinocrinis,NA
ASV08a2472f457b,Bacteria,Actinomycetota,Actinobacteria,Micrococcales,Microbacteriaceae,NA,NA
ASVca6d37c16e94,Bacteria,Acidobacteriota,Vicinamibacteria,Vicinamibacterales,Vicinamibacteraceae,NA,NA
ASV212b0342a919,Bacteria,Actinomycetota,Thermoleophilia,Gaiellales,NA,NA,NA
ASV7b2f7c40c492,Bacteria,Pseudomonadota,Alphaproteobacteria,Acetobacterales,Acetobacteraceae,NA,NA
ASVe4e2428855fd,Bacteria,Actinomycetota,Actinobacteria,Streptosporangiales,Streptosporangiales Incertae Sedis,Motilibacter,NA
ASV2bd52b944024,Bacteria,Patescibacteria,Saccharimonadia,Saccharimonadales,WWH38,NA,NA
ASV955948732b23,Bacteria,Bacteroidota,Bacteroidia,Cytophagales,Microscillaceae,Chryseotalea,NA
ASVc8f9ee802077,Bacteria,Actinomycetota,Actinobacteria,Micromonosporales,Micromonosporaceae,Micromonospora,NA
ASVad7be1a7dc4c,Bacteria,Pseudomonadota,Gammaproteobacteria,Burkholderiales,Oxalobacteraceae,Massilia,NA
ASV0e650a7d13df,Bacteria,Chloroflexota,Chloroflexia,Thermomicrobiales,Thermomicrobiaceae,Sphaerobacter,NA
ASV9339c964020b,Bacteria,Patescibacteria,Saccharimonadia,Saccharimonadales,NA,NA,NA
ASVd2815084f3e6,Bacteria,Gemmatimonadota,Gemmatimonadia,Gemmatimonadales,Gemmatimonadaceae,NA,NA
ASV814f50e9d0fe,Bacteria,Pseudomonadota,Alphaproteobacteria,Hyphomicrobiales,Rhizobiaceae,Mesorhizobium,plurifarium
ASV95a28b13c442,Bacteria,Patescibacteria,Saccharimonadia,Saccharimonadales,LWQ8,NA,NA
ASVeac302edb585,Bacteria,Actinomycetota,Thermoleophilia,Solirubrobacterales,Solirubrobacteraceae,Conexibacter,NA
ASV3e213ad8873a,Bacteria,Pseudomonadota,Alphaproteobacteria,Caulobacterales,Caulobacteraceae,NA,NA
ASVfc011c980f4b,Bacteria,Acidobacteriota,Vicinamibacteria,Vicinamibacterales,NA,NA,NA
ASV4316c62b89d1,Bacteria,Pseudomonadota,Gammaproteobacteria,Lysobacterales,Rhodanobacteraceae,Chujaibacter,NA
ASVde8866ba01e0,Bacteria,Patescibacteria,Saccharimonadia,Saccharimonadales,LWQ8,NA,NA
ASVd5edc2f77dc2,Bacteria,Actinomycetota,Actinobacteria,Kitasatosporales,Streptomycetaceae,Streptomyces,viridosporus
ASVb13d6a842705,Bacteria,Pseudomonadota,Gammaproteobacteria,Pseudomonadales,Pseudomonadaceae,Pseudomonas,NA
ASV18ddba623fec,Bacteria,Verrucomicrobiota,Verrucomicrobiia,Verrucomicrobiales,Verrucomicrobiaceae,Prosthecobacter,NA
ASVb841164324b6,Bacteria,Pseudomonadota,Gammaproteobacteria,Burkholderiales,Alcaligenaceae,Bordetella,NA
ASV307f07b911a3,Bacteria,Pseudomonadota,Alphaproteobacteria,Elsterales,NA,NA,NA
ASV9614f5ff8d6e,Bacteria,Pseudomonadota,Gammaproteobacteria,Burkholderiales,Comamonadaceae,NA,NA
ASV91a323c2d180,Bacteria,Actinomycetota,Actinobacteria,Streptosporangiales,Thermomonosporaceae,Actinomadura,meyerae
ASV48ce197f20d0,Bacteria,Chloroflexota,Ktedonobacteria,Ktedonobacterales,Ktedonobacteraceae,NA,NA
ASV7baa6be50c9e,Bacteria,Myxococcota,Polyangiia,Haliangiales,Haliangiaceae,NA,NA
ASVa4e388474229,Bacteria,Pseudomonadota,Alphaproteobacteria,Hyphomicrobiales,Xanthobacteraceae,Rhodoplanes,NA
ASV199aaad9b816,Bacteria,Acidobacteriota,Acidobacteriae,Subgroup 2,NA,NA,NA
ASVad23ede42f38,Bacteria,Chloroflexota,Chloroflexia,Chloroflexales,Roseiflexaceae,NA,NA
ASVd1ac787c2378,Bacteria,Gemmatimonadota,Gemmatimonadia,Gemmatimonadales,Gemmatimonadaceae,Gemmatimonas,NA
ASV16f69e526fba,Bacteria,Acidobacteriota,Acidobacteriae,Terriglobales,Acidobacteriaceae (Subgroup 1),Granulicella,NA
ASV849e3da9c84e,Bacteria,Actinomycetota,Thermoleophilia,Solirubrobacterales,Solirubrobacteraceae,Conexibacter,NA
ASV46533faa7985,Bacteria,Acidobacteriota,Acidobacteriae,Terriglobales,Acidobacteriaceae (Subgroup 1),Granulicella,NA
ASV298ad7098195,Bacteria,Acidobacteriota,Vicinamibacteria,Vicinamibacterales,NA,NA,NA
ASV679548180072,Bacteria,Acidobacteriota,Acidobacteriae,Terriglobales,Koribacteraceae,Candidatus Koribacter,NA
ASVde3439324a31,Bacteria,Pseudomonadota,Alphaproteobacteria,Elsterales,NA,NA,NA
ASVb585807bb589,Bacteria,Bacteroidota,Bacteroidia,Chitinophagales,Chitinophagaceae,Puia,NA
ASVc6a6820e574c,Bacteria,Pseudomonadota,Gammaproteobacteria,Burkholderiales,Comamonadaceae,NA,NA
ASV45f7ff1708d9,Bacteria,Chloroflexota,Chloroflexia,Thermomicrobiales,JG30-KF-CM45,NA,NA
ASV8073dc86469f,Bacteria,Gemmatimonadota,Gemmatimonadia,Gemmatimonadales,Gemmatimonadaceae,Gemmatimonas,NA
ASVd76a484cc1e1,Bacteria,Pseudomonadota,Alphaproteobacteria,Micropepsales,Micropepsaceae,NA,NA
ASVd2cdfc76330d,Bacteria,Pseudomonadota,Gammaproteobacteria,Burkholderiales,Oxalobacteraceae,NA,NA
ASV07bed32ea06b,Bacteria,Pseudomonadota,Alphaproteobacteria,Hyphomicrobiales,Beijerinckiaceae,Bosea,NA
ASVf2cc0b038df3,Bacteria,Pseudomonadota,Alphaproteobacteria,Acetobacterales,Acetobacteraceae,Rhodovastum,atsumiense
ASV5361f2d3762b,Bacteria,Pseudomonadota,Gammaproteobacteria,Enterobacterales,Enterobacteriaceae,NA,NA
ASV2db1e2f1dd8f,Bacteria,Pseudomonadota,Gammaproteobacteria,Lysobacterales,Rhodanobacteraceae,Dyella,NA
ASV3d5cba030623,Bacteria,Armatimonadota,Chthonomonadia,Chthonomonadales,NA,NA,NA
ASVb53a54bd193e,Bacteria,Acidobacteriota,Acidobacteriae,Terriglobales,Acidobacteriaceae (Subgroup 1),NA,NA
ASVc7bd5f693bae,Bacteria,Armatimonadota,Chthonomonadia,Chthonomonadales,NA,NA,NA
ASVebdb4f99ed20,Bacteria,Pseudomonadota,Gammaproteobacteria,Lysobacterales,Rhodanobacteraceae,Chujaibacter,NA
ASVb776a3d20fb8,Bacteria,Actinomycetota,Actinobacteria,Micrococcales,Microbacteriaceae,NA,NA
ASV43cc625e951e,Bacteria,Pseudomonadota,Alphaproteobacteria,NA,NA,NA,NA
ASVf3986803fd1c,Bacteria,Actinomycetota,Thermoleophilia,Gaiellales,NA,NA,NA
ASVde1c957c405b,Bacteria,Pseudomonadota,Gammaproteobacteria,Lysobacterales,Rhodanobacteraceae,Chujaibacter,NA
ASV9da3fff241b7,Bacteria,Bacteroidota,Bacteroidia,Chitinophagales,Chitinophagaceae,NA,NA
ASV0d0e02e6eff8,Bacteria,Actinomycetota,Actinobacteria,Micromonosporales,Micromonosporaceae,NA,NA
ASV2e07d81d7f08,Bacteria,Pseudomonadota,Gammaproteobacteria,Pseudomonadales,Pseudomonadaceae,Pseudomonas,pertucinogena
ASV38c0eae69e72,Bacteria,Chloroflexota,Chloroflexia,Thermomicrobiales,Thermomicrobiaceae,Nitrolancea,hollandica
ASVd948c46489c2,Bacteria,Deinococcota,Deinococci,Deinococcales,Trueperaceae,Truepera,NA
ASV468ace8104d8,Bacteria,Pseudomonadota,Gammaproteobacteria,Burkholderiales,Comamonadaceae,NA,NA
ASV8da2261d8014,Bacteria,Pseudomonadota,Alphaproteobacteria,Hyphomicrobiales,Xanthobacteraceae,NA,NA
ASVa3d911dddd9f,Bacteria,Actinomycetota,Thermoleophilia,Gaiellales,NA,NA,NA
ASV6a868b908347,Bacteria,Patescibacteria,Saccharimonadia,Saccharimonadales,WWH38,NA,NA
ASV8c523c578a28,Bacteria,Actinomycetota,Actinobacteria,Catenulisporales,Actinospicaceae,Actinocrinis,NA
ASVc476c049655e,Bacteria,Acidobacteriota,Blastocatellia,Pyrinomonadales,Pyrinomonadaceae,NA,NA
ASV3e086c0c4da2,Bacteria,Actinomycetota,Actinobacteria,Micromonosporales,Micromonosporaceae,Actinoplanes,NA
ASVb295ce4b747f,Bacteria,Gemmatimonadota,Gemmatimonadia,Gemmatimonadales,Gemmatimonadaceae,Gemmatimonas,NA
ASV72ca7b6e8d8d,Bacteria,Planctomycetota,Phycisphaerae,Tepidisphaerales,WD2101 soil group,NA,NA
ASV835b1c7e3985,Bacteria,Acidobacteriota,Acidobacteriae,Terriglobales,Acidobacteriaceae (Subgroup 1),NA,NA
ASVaeb5be08161a,Bacteria,Chloroflexota,AD3,NA,NA,NA,NA
ASVe37408e93378,Bacteria,Pseudomonadota,Gammaproteobacteria,Enterobacterales,Enterobacteriaceae,NA,NA
ASV0d9183482e67,Bacteria,Myxococcota,Polyangiia,Polyangiales,Polyangiaceae,Pajaroellobacter,NA
ASV7f1ef9cb948e,Bacteria,Pseudomonadota,Alphaproteobacteria,Micropepsales,Micropepsaceae,NA,NA
ASV603ca321eac2,Bacteria,Pseudomonadota,Alphaproteobacteria,Reyranellales,Reyranellaceae,Reyranella,NA
ASV3c6286be1531,Bacteria,Pseudomonadota,Alphaproteobacteria,NA,NA,NA,NA
ASVfc6b48eb0ff0,Bacteria,Patescibacteria,Saccharimonadia,Saccharimonadales,NA,NA,NA
ASVd6c796ad6bcd,Bacteria,Acidobacteriota,Acidobacteriae,Terriglobales,Acidobacteriaceae (Subgroup 1),Granulicella,NA
ASV51fbf215b21a,Bacteria,Patescibacteria,Saccharimonadia,Saccharimonadales,Saccharimonadaceae,TM7a,NA
ASVde2f363743cb,Bacteria,Chloroflexota,Chloroflexia,Thermomicrobiales,NA,NA,NA
ASV8aa6fb5aba4b,Bacteria,Acidobacteriota,Acidobacteriae,Terriglobales,Acidobacteriaceae (Subgroup 1),NA,NA
ASV1968e0c475f9,Bacteria,Pseudomonadota,Gammaproteobacteria,Burkholderiales,SC-I-84,NA,NA
ASVfe29b4b5d7ad,Bacteria,Pseudomonadota,Alphaproteobacteria,Rhodospirillales,Magnetospirillaceae,Telmatospirillum,NA
ASV2c50c9d37df2,Bacteria,Actinomycetota,Thermoleophilia,Gaiellales,NA,NA,NA
ASV84ed5812dcb3,Bacteria,Pseudomonadota,Alphaproteobacteria,Micropepsales,Micropepsaceae,NA,NA
ASVf310383a0a56,Bacteria,Acidobacteriota,Acidobacteriae,Terriglobales,Acidobacteriaceae (Subgroup 1),Granulicella,NA
ASV8ba06be30490,Bacteria,Chloroflexota,Ktedonobacteria,Ktedonobacterales,JG30-KF-AS9,NA,NA
ASV6e54b2cf1261,Bacteria,Acidobacteriota,Acidobacteriae,Terriglobales,Acidobacteriaceae (Subgroup 1),NA,NA
ASVa93240c414d8,Bacteria,Pseudomonadota,Gammaproteobacteria,Lysobacterales,Rhodanobacteraceae,Chujaibacter,NA
ASV46d91bee2b2d,Bacteria,Patescibacteria,Microgenomatia,NA,NA,NA,NA
ASVe0e036d404f9,Bacteria,Actinomycetota,Actinobacteria,Streptosporangiales,Streptosporangiaceae,Microbispora,NA
ASV993e3a1499a4,Bacteria,Bdellovibrionota,Oligoflexia,0319-6G20,NA,NA,NA
ASV063b5b408c2b,Bacteria,Pseudomonadota,Alphaproteobacteria,Elsterales,URHD0088,NA,NA
ASVf5d5968f9a3a,Bacteria,Gemmatimonadota,Longimicrobiia,Longimicrobiales,Longimicrobiaceae,NA,NA
ASV1e69db4c5426,Bacteria,Bacteroidota,Bacteroidia,Sphingobacteriales,Sphingobacteriaceae,Arcticibacter,NA
ASV633159d10c8a,Bacteria,Pseudomonadota,Gammaproteobacteria,Burkholderiales,Rhodocyclaceae,NA,NA
ASVece46fec730f,Bacteria,Pseudomonadota,Alphaproteobacteria,Elsterales,NA,NA,NA
ASV9259a68c9006,Bacteria,Pseudomonadota,Alphaproteobacteria,Sphingomonadales,Sphingomonadaceae,NA,NA
ASV6eea03d718be,Bacteria,Actinomycetota,Actinobacteria,Pseudonocardiales,Pseudonocardiaceae,Crossiella,NA
ASVef02d6391f93,Bacteria,Acidobacteriota,Vicinamibacteria,Vicinamibacterales,Vicinamibacteraceae,NA,NA
ASV42669a851a49,Bacteria,Chloroflexota,TK10,NA,NA,NA,NA
ASV9a7592cf9cc5,Bacteria,Pseudomonadota,Gammaproteobacteria,Burkholderiales,Burkholderiaceae,Burkholderia-Caballeronia-Paraburkholderia,sprentiae
ASV8508fb3b3fd3,Bacteria,Acidobacteriota,Acidobacteriae,Subgroup 2,NA,NA,NA
ASVae7d0a975e93,Bacteria,Pseudomonadota,Alphaproteobacteria,Elsterales,NA,NA,NA
ASVacfed8d5a529,Bacteria,Bacteroidota,Bacteroidia,Sphingobacteriales,Sphingobacteriaceae,Mucilaginibacter,NA
ASVb19ab52a407b,Bacteria,Acidobacteriota,Blastocatellia,Pyrinomonadales,Pyrinomonadaceae,NA,NA
ASV16f52b5b2ff9,Bacteria,Latescibacterota,NA,NA,NA,NA,NA
ASV046aef5dfc00,Bacteria,Pseudomonadota,Alphaproteobacteria,Micropepsales,Micropepsaceae,NA,NA
ASVa52ca9e58ac0,Bacteria,Actinomycetota,Thermoleophilia,Gaiellales,NA,NA,NA
ASV85555158ddea,Bacteria,Acidobacteriota,Acidobacteriae,Terriglobales,Acidobacteriaceae (Subgroup 1),Granulicella,NA
ASV566890b9a51f,Bacteria,Pseudomonadota,Gammaproteobacteria,Burkholderiales,Oxalobacteraceae,Rugamonas,NA
ASVd84494618812,Bacteria,Actinomycetota,Thermoleophilia,Solirubrobacterales,67-14,NA,NA
ASV9218907bbf42,Bacteria,Pseudomonadota,Gammaproteobacteria,Gammaproteobacteria Incertae Sedis,Unknown Family,Acidibacter,NA
ASV56034b75f4ed,Bacteria,Actinomycetota,Acidimicrobiia,Acidimicrobiales,Acidimicrobiaceae,Acidiferrimicrobium,NA
ASV99cb48ff30f2,Bacteria,Pseudomonadota,Gammaproteobacteria,Burkholderiales,Comamonadaceae,NA,NA
ASVec5be5a5d938,Bacteria,NA,NA,NA,NA,NA,NA
ASVc7f81dd6c4b5,Bacteria,Pseudomonadota,Gammaproteobacteria,Lysobacterales,Lysobacteraceae,Stenotrophomonas,acidaminiphila
ASV83e233e8e3f0,Bacteria,Pseudomonadota,Gammaproteobacteria,Burkholderiales,Comamonadaceae,Variovorax,NA
ASV5c06215f4863,Bacteria,Pseudomonadota,Alphaproteobacteria,Hyphomicrobiales,Rhizobiaceae,NA,NA
ASV2cc6a66e8217,Bacteria,Gemmatimonadota,Gemmatimonadia,Gemmatimonadales,Gemmatimonadaceae,Gemmatimonas,NA
ASV99d8a1c747f3,Bacteria,Pseudomonadota,Alphaproteobacteria,Elsterales,URHD0088,NA,NA
ASV0431619d8842,Bacteria,Pseudomonadota,Alphaproteobacteria,Elsterales,NA,NA,NA
ASVb4ddd11f51a2,Bacteria,Pseudomonadota,Gammaproteobacteria,Lysobacterales,Rhodanobacteraceae,Rhodanobacter,NA
ASVd1a277fa4319,Bacteria,Chloroflexota,Chloroflexia,Thermomicrobiales,JG30-KF-CM45,NA,NA
ASV99eef4887b97,Bacteria,Pseudomonadota,Alphaproteobacteria,Sphingomonadales,Sphingomonadaceae,Sphingomonas,NA
ASV2823c782463e,Bacteria,Pseudomonadota,Gammaproteobacteria,Lysobacterales,Rhodanobacteraceae,Luteibacter,yeojuensis
ASVf89af6779422,Bacteria,Gemmatimonadota,Gemmatimonadia,Gemmatimonadales,Gemmatimonadaceae,NA,NA
ASV701b7a08de0b,Bacteria,Acidobacteriota,Acidobacteriae,Terriglobales,NA,NA,NA
ASV61c78343ff33,Bacteria,Gemmatimonadota,Gemmatimonadia,Gemmatimonadales,Gemmatimonadaceae,NA,NA
ASVc80298e55982,Bacteria,Gemmatimonadota,Gemmatimonadia,Gemmatimonadales,Gemmatimonadaceae,NA,NA
ASV3249efcc22bc,Bacteria,Pseudomonadota,Gammaproteobacteria,Burkholderiales,Oxalobacteraceae,Herbaspirillum,NA
ASV6a3b0f86d865,Bacteria,Chloroflexota,Ktedonobacteria,C0119,NA,NA,NA
ASVd6be07dfe0df,Bacteria,Bacteroidota,Bacteroidia,Chitinophagales,Chitinophagaceae,Chitinophaga,sancti
ASVe7c2c92fa137,Bacteria,Pseudomonadota,Alphaproteobacteria,Sphingomonadales,Sphingomonadaceae,Novosphingobium,NA
ASV6fe8cab89724,Bacteria,Bacteroidota,Bacteroidia,Sphingobacteriales,Sphingobacteriaceae,Arcticibacter,NA
ASV9ab62c9513d8,Bacteria,Pseudomonadota,Gammaproteobacteria,Lysobacterales,Lysobacteraceae,Thermomonas,fusca
ASVa8d51accc72c,Bacteria,Pseudomonadota,Gammaproteobacteria,Burkholderiales,Comamonadaceae,NA,NA
ASV703ff4b3f4d6,Bacteria,Pseudomonadota,Alphaproteobacteria,Hyphomicrobiales,Devosiaceae,Devosia,NA
ASVbe0eddcac5d4,Bacteria,Pseudomonadota,Alphaproteobacteria,Hyphomicrobiales,Rhizobiaceae,NA,NA
ASV5e9468a94b2e,Bacteria,Actinomycetota,Actinobacteria,Kitasatosporales,Streptomycetaceae,Streptomyces,thermocarboxydus
ASV56ac6b351a4d,Bacteria,Chloroflexota,Chloroflexia,Thermomicrobiales,JG30-KF-CM45,NA,NA
ASV9f3dcec8ba73,Bacteria,Acidobacteriota,Vicinamibacteria,Vicinamibacterales,NA,NA,NA
ASVaa6f0cafe8ea,Bacteria,Pseudomonadota,Gammaproteobacteria,Gammaproteobacteria Incertae Sedis,Unknown Family,Acidibacter,NA
ASV928f9969f6ac,Bacteria,Acidobacteriota,Acidobacteriae,Terriglobales,NA,NA,NA
ASV2f006dbaa3a6,Bacteria,Actinomycetota,Thermoleophilia,Gaiellales,NA,NA,NA
ASV776d070598ed,Bacteria,Armatimonadota,Fimbriimonadia,Fimbriimonadales,Fimbriimonadaceae,NA,NA
ASV1cbf54762d4b,Bacteria,Candidatus Eremiobacterota,Eremiobacteria,NA,NA,NA,NA
ASV2599b0260aa6,Bacteria,Chloroflexota,Ktedonobacteria,Ktedonobacterales,JG30-KF-AS9,NA,NA
ASV935c36ada1d1,Bacteria,Planctomycetota,Phycisphaerae,Tepidisphaerales,WD2101 soil group,NA,NA
ASV14a3bb2a28ad,Bacteria,Actinomycetota,Actinobacteria,Micromonosporales,Micromonosporaceae,NA,NA
ASV8bd56c9f0200,Bacteria,Bacillota,Bacilli,Bacillales,Planococcaceae,Planococcus,NA
ASV59610ce5ce4d,Bacteria,Patescibacteria,Saccharimonadia,Saccharimonadales,LWQ8,NA,NA
ASVd4d2c529ae7d,Bacteria,Myxococcota,Polyangiia,Haliangiales,Haliangiaceae,NA,NA
ASVc6efd20083cb,Bacteria,Actinomycetota,Actinobacteria,Catenulisporales,Actinospicaceae,Actinocrinis,puniceicyclus
ASV2432c1158e73,Bacteria,Actinomycetota,Actinobacteria,Micrococcales,Microbacteriaceae,Microcella,NA
ASV053896f33369,Bacteria,Patescibacteria,Saccharimonadia,Saccharimonadales,NA,NA,NA
ASVa8f6cb95eb83,Bacteria,Acidobacteriota,Acidobacteriae,Terriglobales,NA,NA,NA
ASVf89f4498a758,Bacteria,Pseudomonadota,Alphaproteobacteria,Elsterales,NA,NA,NA
ASV274e777614b2,Bacteria,Pseudomonadota,Gammaproteobacteria,Burkholderiales,SC-I-84,NA,NA
ASVc9566a5908bb,Bacteria,Pseudomonadota,Gammaproteobacteria,Lysobacterales,Rhodanobacteraceae,Dokdonella,NA
ASV935c6a2681e7,Bacteria,Chloroflexota,NA,NA,NA,NA,NA
ASVd139fa56e272,Bacteria,Pseudomonadota,Alphaproteobacteria,Sphingomonadales,Sphingomonadaceae,Sphingopyxis,taejonensis
ASVd429f1218f14,Bacteria,Pseudomonadota,Alphaproteobacteria,Acetobacterales,Acetobacteraceae,NA,NA
ASV9576268121df,Bacteria,Myxococcota,Polyangiia,Polyangiales,Sandaracinaceae,NA,NA
ASVe4ebcb961ed2,Bacteria,Pseudomonadota,Alphaproteobacteria,Sphingomonadales,Sphingomonadaceae,NA,NA
ASV2305c5e3a8da,Bacteria,Actinomycetota,Actinobacteria,Micromonosporales,Micromonosporaceae,Actinoplanes,NA
ASV478c482d833a,Bacteria,Actinomycetota,Actinobacteria,Frankiales,NA,NA,NA
ASVe6d6f00f468b,Bacteria,Actinomycetota,Actinobacteria,Frankiales,Acidothermaceae,Acidothermus,NA
ASVd7a655e44452,Bacteria,Patescibacteria,Saccharimonadia,Saccharimonadales,LWQ8,NA,NA
ASV799ba55dca2e,Bacteria,Patescibacteria,Saccharimonadia,Saccharimonadales,LWQ8,NA,NA
ASVcecdeed9b1e6,Bacteria,Chloroflexota,TK10,NA,NA,NA,NA
ASV2ee3366968cb,Bacteria,Actinomycetota,Thermoleophilia,Gaiellales,NA,NA,NA
ASVbb45c23ec4a4,Bacteria,Pseudomonadota,Gammaproteobacteria,Lysobacterales,Rhodanobacteraceae,Chujaibacter,NA
ASVeadf603831b1,Bacteria,Pseudomonadota,Gammaproteobacteria,Pseudomonadales,Porticoccaceae,NA,NA
ASVf72f214a5a64,Bacteria,Bacteroidota,Bacteroidia,Flavobacteriales,Flavobacteriaceae,Confluentibacter,NA
ASV56232108d08a,Bacteria,Chloroflexota,Chloroflexia,Thermomicrobiales,Thermomicrobiaceae,Sphaerobacter,NA
ASV9dc6a1229b8a,Bacteria,Pseudomonadota,Alphaproteobacteria,Sphingomonadales,Sphingomonadaceae,Sphingopyxis,granuli
ASV1a99fd561e60,Bacteria,Pseudomonadota,Gammaproteobacteria,Burkholderiales,Comamonadaceae,NA,NA
ASVd59bd54adc8c,Bacteria,Bacillota,Bacilli,Alicyclobacillales,Alicyclobacillaceae,Tumebacillus,avium
ASV1b727afb1eaa,Bacteria,Bacillota,Bacilli,Alicyclobacillales,Alicyclobacillaceae,Tumebacillus,avium
ASV6cb66d23574c,Bacteria,Pseudomonadota,Gammaproteobacteria,Gammaproteobacteria Incertae Sedis,Unknown Family,Acidibacter,NA
ASV304936b2b2fa,Bacteria,Acidobacteriota,Acidobacteriae,Terriglobales,NA,NA,NA
ASV04455c33a559,Bacteria,Chloroflexota,Ktedonobacteria,Ktedonobacterales,Ktedonobacteraceae,NA,NA
ASV1ab0f35a28eb,Bacteria,Actinomycetota,Actinobacteria,Kitasatosporales,Streptomycetaceae,Streptacidiphilus,NA
ASVcc29dda3eb45,Bacteria,Pseudomonadota,Gammaproteobacteria,Burkholderiales,Nitrosomonadaceae,Ellin6067,NA
ASV853843c02c70,Bacteria,Pseudomonadota,Gammaproteobacteria,Burkholderiales,Nitrosomonadaceae,Ellin6067,NA
ASV93c7661989bd,Bacteria,RCP2-54,NA,NA,NA,NA,NA
ASV8f66576cee0f,Bacteria,Myxococcota,Myxococcia,Myxococcales,Anaeromyxobacteraceae,Anaeromyxobacter,dehalogenans
ASV0a3ffaf84159,Bacteria,Pseudomonadota,Alphaproteobacteria,Micropepsales,Micropepsaceae,NA,NA
ASVa7098319c8e2,Bacteria,Acidobacteriota,Acidobacteriae,Bryobacterales,Bryobacteraceae,Bryobacter,NA
ASVb15dcb89f3da,Bacteria,Pseudomonadota,Alphaproteobacteria,Caulobacterales,Caulobacteraceae,Phenylobacterium,NA
ASVa03c90d020d0,Bacteria,Pseudomonadota,Alphaproteobacteria,Micropepsales,Micropepsaceae,NA,NA
ASV73e0a8eda46a,Bacteria,Planctomycetota,Phycisphaerae,Tepidisphaerales,WD2101 soil group,NA,NA
ASV9911d32c07f9,Bacteria,Pseudomonadota,Alphaproteobacteria,Elsterales,NA,NA,NA
ASV479b5364b194,Bacteria,Actinomycetota,Thermoleophilia,Gaiellales,NA,NA,NA
ASV5798d3b75cc3,Bacteria,Pseudomonadota,Alphaproteobacteria,Rickettsiales,Mitochondria,NA,NA
ASV11b6766ad7fa,Bacteria,Acidobacteriota,Acidobacteriae,Terriglobales,NA,NA,NA
ASVc28e4c80f407,Bacteria,Patescibacteria,Saccharimonadia,Saccharimonadales,Saccharimonadaceae,TM7a,NA
ASV14fca1a47fd2,Bacteria,Pseudomonadota,Gammaproteobacteria,Burkholderiales,Rhodocyclaceae,Georgfuchsia,NA
ASV8f220a2d7709,Bacteria,Bacillota,Bacilli,Brevibacillales,Brevibacillaceae,Brevibacillus,formosus
ASV0e6cbbadea51,Bacteria,Pseudomonadota,Alphaproteobacteria,Sphingomonadales,Sphingomonadaceae,NA,NA
ASV1bbd17c84402,Bacteria,Pseudomonadota,Gammaproteobacteria,Lysobacterales,Lysobacteraceae,Pseudoxanthomonas,mexicana
ASVdb165267d2ba,Bacteria,Planctomycetota,Planctomycetes,Pirellulales,Pirellulaceae,NA,NA
ASVba9b9740c9a5,Bacteria,RCP2-54,NA,NA,NA,NA,NA
ASV9677108d9c20,Bacteria,Pseudomonadota,Alphaproteobacteria,Elsterales,URHD0088,NA,NA
ASV7ea105e93005,Bacteria,Patescibacteria,Saccharimonadia,Saccharimonadales,LWQ8,NA,NA
ASV1e63e60b3f6c,Bacteria,Bacillota,Bacilli,Bacillales,NA,NA,NA
ASVd7fc1e1332f7,Bacteria,Patescibacteria,Saccharimonadia,Saccharimonadales,NA,NA,NA
ASV19bf6052129e,Bacteria,NA,NA,NA,NA,NA,NA
ASV955910b7c304,Bacteria,Pseudomonadota,Gammaproteobacteria,Lysobacterales,Lysobacteraceae,Stenotrophomonas,NA
ASV04cc889e3874,Bacteria,Pseudomonadota,Gammaproteobacteria,Rickettsiellales,Rickettsiellaceae,Aquicella,NA
ASVbaa94903fd9d,Bacteria,Bacillota,Bacilli,Bacillales,Bacillaceae,NA,NA
ASVdaefef3f458e,Bacteria,Pseudomonadota,Alphaproteobacteria,Sphingomonadales,Sphingomonadaceae,Sphingobium,NA
ASVad54511cd600,Bacteria,Actinomycetota,Thermoleophilia,Solirubrobacterales,Solirubrobacteraceae,Conexibacter,NA
ASVced018da356e,Bacteria,Pseudomonadota,Alphaproteobacteria,Hyphomicrobiales,Rhizobiaceae,NA,NA
ASVe0201227f86d,Bacteria,Bacteroidota,Bacteroidia,Bacteroidales,Dysgonomonadaceae,Fermentimonas,NA
ASV1fc9f85290e7,Bacteria,Pseudomonadota,Gammaproteobacteria,Lysobacterales,Lysobacteraceae,Thermomonas,fusca
ASV69b98b1afe93,Bacteria,Pseudomonadota,Gammaproteobacteria,Burkholderiales,Comamonadaceae,NA,NA
ASVd5c47feea29a,Bacteria,Pseudomonadota,Alphaproteobacteria,Hyphomicrobiales,Rhizobiaceae,Brucella,NA
ASV81f67a24cc7c,Bacteria,Actinomycetota,Actinobacteria,Micrococcales,Microbacteriaceae,Leucobacter,NA
ASVd37e595d4118,Bacteria,Pseudomonadota,Gammaproteobacteria,Lysobacterales,Lysobacteraceae,Thermomonas,fusca
ASVbd9a292645b8,Bacteria,Pseudomonadota,Alphaproteobacteria,Sphingomonadales,Sphingomonadaceae,Altericroceibacterium,NA
ASV7e545739e1a9,Bacteria,Patescibacteria,Saccharimonadia,Saccharimonadales,NA,NA,NA
ASV07175dda5811,Bacteria,Pseudomonadota,Alphaproteobacteria,Hyphomicrobiales,Beijerinckiaceae,Methylovirgula,NA
ASV7b8915aa287c,Bacteria,Acidobacteriota,Acidobacteriae,Terriglobales,Acidobacteriaceae (Subgroup 1),NA,NA
ASV86df98f25544,Bacteria,Pseudomonadota,Alphaproteobacteria,Caulobacterales,Caulobacteraceae,NA,NA
ASVc84cae77628b,Bacteria,Pseudomonadota,Alphaproteobacteria,Caulobacterales,Caulobacteraceae,NA,NA
ASV8c8eeaf66c26,Bacteria,Pseudomonadota,Alphaproteobacteria,Rickettsiales,SM2D12,NA,NA
ASV10ea51be216c,Bacteria,Myxococcota,Polyangiia,mle1-27,NA,NA,NA
ASVa61bffac7173,Bacteria,Pseudomonadota,Gammaproteobacteria,Burkholderiales,Oxalobacteraceae,Herbaspirillum,huttiense
ASV9635e00504f2,Bacteria,Patescibacteria,Saccharimonadia,Saccharimonadales,WWH38,NA,NA
ASVac5b673d428b,Bacteria,Planctomycetota,Phycisphaerae,Tepidisphaerales,WD2101 soil group,NA,NA
ASV9559a17cfe07,Archaea,Thermoproteota,Nitrososphaeria,Nitrososphaerales,Nitrososphaeraceae,Candidatus Nitrososphaera,NA
ASVa89949045899,Bacteria,Actinomycetota,Acidimicrobiia,Acidimicrobiales,Acidimicrobiaceae,NA,NA
ASV6be534662d85,Bacteria,Acidobacteriota,Thermoanaerobaculia,Thermoanaerobaculales,Thermoanaerobaculaceae,Subgroup 10,NA
ASVd107f787d896,Bacteria,Gemmatimonadota,Gemmatimonadia,Gemmatimonadales,Gemmatimonadaceae,NA,NA
ASV2072267ddd5e,Bacteria,Actinomycetota,Actinobacteria,Catenulisporales,Actinospicaceae,Actinocrinis,NA
ASV0a1991a2352a,Bacteria,Planctomycetota,Planctomycetes,Isosphaerales,Isosphaeraceae,NA,NA
ASV401f2330db1a,Bacteria,Pseudomonadota,Alphaproteobacteria,Micropepsales,Micropepsaceae,NA,NA
ASVa429be9a80e5,Bacteria,NA,NA,NA,NA,NA,NA
ASVf04d78f9ef5b,Bacteria,Chloroflexota,Chloroflexia,Thermomicrobiales,JG30-KF-CM45,NA,NA
ASV3be1194ab160,Bacteria,Planctomycetota,Phycisphaerae,Tepidisphaerales,WD2101 soil group,NA,NA
ASVd0ab7876b714,Bacteria,Chloroflexota,Ktedonobacteria,Ktedonobacterales,Ktedonobacteraceae,NA,NA
ASVcce18997b504,Bacteria,Gemmatimonadota,Gemmatimonadia,Gemmatimonadales,Gemmatimonadaceae,Gemmatimonas,NA
ASVf22d91a626cb,Bacteria,Pseudomonadota,Alphaproteobacteria,Micropepsales,Micropepsaceae,Rhizomicrobium,NA
ASVad31f0beff5e,Bacteria,Actinomycetota,Actinobacteria,Frankiales,Geodermatophilaceae,NA,NA
ASV96eadba3e904,Bacteria,Pseudomonadota,Gammaproteobacteria,Burkholderiales,Alcaligenaceae,Candidimonas,humi
ASV0d9c1f07adf8,Bacteria,Actinomycetota,Actinobacteria,Frankiales,Acidothermaceae,Acidothermus,NA
ASV9345d2c78cb1,Bacteria,Patescibacteria,Saccharimonadia,Saccharimonadales,NA,NA,NA
ASV148f834bf9fe,Bacteria,Pseudomonadota,Gammaproteobacteria,Burkholderiales,Burkholderiaceae,Burkholderia-Caballeronia-Paraburkholderia,NA
ASV6dffed7f7ee1,Bacteria,Actinomycetota,Thermoleophilia,Gaiellales,NA,NA,NA
ASV4ab8613e2cf9,Bacteria,Verrucomicrobiota,Verrucomicrobiia,Opitutales,Opitutaceae,NA,NA
ASVe99ab8bac891,Bacteria,Actinomycetota,Actinobacteria,Propionibacteriales,Nocardioidaceae,Nocardioides,NA
ASV8fb648a3ca4b,Bacteria,Pseudomonadota,Alphaproteobacteria,Sphingomonadales,Sphingomonadaceae,Sphingomonas,changbaiensis
ASVf80429989d26,Bacteria,Pseudomonadota,Gammaproteobacteria,Lysobacterales,Rhodanobacteraceae,Luteibacter,yeojuensis
ASV87516608a4d1,Bacteria,Patescibacteria,Saccharimonadia,Saccharimonadales,Saccharimonadaceae,TM7a,NA
ASV23eff41c1070,Bacteria,Verrucomicrobiota,Verrucomicrobiia,Opitutales,Opitutaceae,NA,NA
ASVa6d17e5804ee,Bacteria,Pseudomonadota,Alphaproteobacteria,Rhodobacterales,Paracoccaceae,NA,NA
ASV7ba098c103ab,Bacteria,Pseudomonadota,Alphaproteobacteria,Sphingomonadales,Sphingomonadaceae,Sphingobium,NA
ASV8633553eb027,Bacteria,Cyanobacteriota,Sericytochromatia,NA,NA,NA,NA
ASVb3a1cf49e419,Bacteria,Pseudomonadota,Gammaproteobacteria,Burkholderiales,B1-7BS,NA,NA
ASVbd24a1ecc954,Bacteria,Pseudomonadota,Gammaproteobacteria,Burkholderiales,Alcaligenaceae,Pusillibacter,NA
ASV8b3f70207067,Bacteria,Pseudomonadota,Gammaproteobacteria,Burkholderiales,Comamonadaceae,NA,NA
ASV3f75508dd8ba,Bacteria,Pseudomonadota,Gammaproteobacteria,Lysobacterales,Lysobacteraceae,Thermomonas,fusca
ASVeaf5f87dbbdd,Bacteria,Actinomycetota,Actinobacteria,Micrococcales,Microbacteriaceae,NA,NA
ASVe7619346ac66,Bacteria,Bacteroidota,Bacteroidia,Sphingobacteriales,Sphingobacteriaceae,Pseudopedobacter,saltans
ASV8d8e9a66c994,Bacteria,Pseudomonadota,Gammaproteobacteria,Enterobacterales,Enterobacteriaceae,NA,NA
ASVff8523b78fc0,Bacteria,Patescibacteria,Saccharimonadia,Saccharimonadales,LWQ8,NA,NA
ASV641def26f33f,Bacteria,Verrucomicrobiota,Verrucomicrobiia,Pedosphaerales,Pedosphaeraceae,Ellin516,NA
ASV78fc50189227,Bacteria,Gemmatimonadota,Gemmatimonadia,Gemmatimonadales,Gemmatimonadaceae,NA,NA
ASV062ed10d9e39,Bacteria,Acidobacteriota,Holophagae,Subgroup 7,NA,NA,NA
ASV90637ff8682b,Bacteria,Acidobacteriota,Acidobacteriae,Terriglobales,NA,NA,NA
ASVf60a33361464,Bacteria,Pseudomonadota,Gammaproteobacteria,Lysobacterales,Lysobacteraceae,NA,NA
ASVbef25c0518e0,Bacteria,NA,NA,NA,NA,NA,NA
ASV64e620dedf14,Bacteria,Gemmatimonadota,Gemmatimonadia,Gemmatimonadales,Gemmatimonadaceae,Gemmatimonas,NA
ASV81446f351f84,Bacteria,Actinomycetota,Actinobacteria,Catenulisporales,Actinospicaceae,Actinocrinis,NA
ASV8d061fe7fc99,Bacteria,Pseudomonadota,Gammaproteobacteria,Gammaproteobacteria Incertae Sedis,Unknown Family,Acidibacter,NA
ASVa8eda1c8583a,Bacteria,Planctomycetota,Phycisphaerae,Tepidisphaerales,WD2101 soil group,NA,NA
ASV520535344ed7,Bacteria,Candidatus Eremiobacterota,Eremiobacteria,NA,NA,NA,NA
ASVa0a5cd961a03,Bacteria,Pseudomonadota,Gammaproteobacteria,Lysobacterales,Lysobacteraceae,Stenotrophomonas,acidaminiphila
ASV259c48c131df,Bacteria,Pseudomonadota,Gammaproteobacteria,R7C24,NA,NA,NA
ASV06c91a57d54a,Bacteria,Pseudomonadota,Alphaproteobacteria,Sphingomonadales,Sphingomonadaceae,Sphingomonas,NA
ASV5be7fcfa1a9b,Bacteria,Pseudomonadota,Alphaproteobacteria,Sphingomonadales,Sphingomonadaceae,Hephaestia,NA
ASV7a47f81d2256,Bacteria,Gemmatimonadota,Gemmatimonadia,Gemmatimonadales,Gemmatimonadaceae,NA,NA
ASVbb3103fc8b68,Bacteria,Chloroflexota,Ktedonobacteria,Ktedonobacterales,Ktedonobacteraceae,NA,NA
ASV7bfc433d7739,Bacteria,Pseudomonadota,Gammaproteobacteria,Burkholderiales,Comamonadaceae,Ramlibacter,NA
ASVa3c1d9d913cc,Bacteria,Pseudomonadota,Gammaproteobacteria,Lysobacterales,Rhodanobacteraceae,Mizugakiibacter,NA
ASV922987c4666e,Bacteria,Pseudomonadota,Gammaproteobacteria,Lysobacterales,Rhodanobacteraceae,Chujaibacter,NA
ASV1e23dcd84068,Bacteria,Actinomycetota,Actinobacteria,Micromonosporales,Micromonosporaceae,Actinoplanes,NA
ASV0520245f3675,Bacteria,Pseudomonadota,Alphaproteobacteria,Hyphomicrobiales,Hyphomicrobiaceae,Hyphomicrobium,denitrificans
ASV3f0203d8dc3d,Bacteria,Patescibacteria,Saccharimonadia,Saccharimonadales,Saccharimonadaceae,TM7a,NA
ASV576dfc498e97,Bacteria,Pseudomonadota,Gammaproteobacteria,Lysobacterales,Rhodanobacteraceae,Rhodanobacter,NA
ASV77d4114855f8,Bacteria,Pseudomonadota,Gammaproteobacteria,Gammaproteobacteria Incertae Sedis,Unknown Family,Acidibacter,NA
ASV2a80b104d8f7,Bacteria,Patescibacteria,Saccharimonadia,Saccharimonadales,WWH38,NA,NA
ASV39a57b7e983e,Bacteria,Patescibacteria,Saccharimonadia,Saccharimonadales,LWQ8,NA,NA
ASV0f1c17d068d0,Bacteria,Pseudomonadota,Gammaproteobacteria,Burkholderiales,Alcaligenaceae,Pusillibacter,NA
ASV900b87af6508,Bacteria,Actinomycetota,Actinobacteria,Frankiales,Acidothermaceae,Acidothermus,NA
ASV4e5a95f4add8,Bacteria,Pseudomonadota,Gammaproteobacteria,Burkholderiales,Oxalobacteraceae,Duganella,NA
ASVcab67621f945,Bacteria,Planctomycetota,Planctomycetes,Pirellulales,Pirellulaceae,Pirellula,NA
ASV5fa1d05ff5ce,Bacteria,Actinomycetota,Thermoleophilia,Solirubrobacterales,Solirubrobacteraceae,Conexibacter,NA
ASVb238713ca344,Bacteria,Pseudomonadota,Gammaproteobacteria,Lysobacterales,Rhodanobacteraceae,Dokdonella,ginsengisoli
ASV852715b93e0e,Bacteria,Actinomycetota,Actinobacteria,Kitasatosporales,Streptomycetaceae,Streptomyces,NA
ASV55efe60b54d3,Bacteria,Bacillota,Bacilli,Alicyclobacillales,Alicyclobacillaceae,Tumebacillus,avium
ASV683f6290a5c0,Bacteria,Actinomycetota,Actinobacteria,Streptosporangiales,Thermomonosporaceae,Actinomadura,meyerae
ASV437a21285dbb,Bacteria,Bacillota,Bacilli,Paenibacillales,Paenibacillaceae,Ammoniphilus,NA
ASV6f7c4fbc43c4,Bacteria,Planctomycetota,Planctomycetes,Gemmatales,Gemmataceae,Gemmata,NA
ASV0a3f92ad2086,Bacteria,Pseudomonadota,Alphaproteobacteria,Hyphomicrobiales,D05-2,NA,NA
ASVe0f615a9962f,Bacteria,Patescibacteria,Saccharimonadia,Saccharimonadales,WWH38,NA,NA
ASV3c6b37b8a04b,Bacteria,Actinomycetota,Acidimicrobiia,Acidimicrobiales,Acidimicrobiaceae,Acidiferrimicrobium,NA
ASVf790fc551eee,Bacteria,Planctomycetota,Planctomycetes,Isosphaerales,Isosphaeraceae,NA,NA
ASVf00577af366a,Bacteria,Nitrospirota,Nitrospiria,Nitrospirales,Nitrospiraceae,Nitrospira,NA
ASV8b477a7f06cd,Bacteria,Pseudomonadota,Alphaproteobacteria,Hyphomicrobiales,Xanthobacteraceae,Pseudolabrys,NA
ASV4c92b74faf5f,Bacteria,Pseudomonadota,Gammaproteobacteria,Burkholderiales,Burkholderiaceae,Burkholderia-Caballeronia-Paraburkholderia,sartisoli
ASV4586befadeaa,Bacteria,Actinomycetota,Actinobacteria,Catenulisporales,Actinospicaceae,NA,NA
ASV6e76cafb58a2,Bacteria,Actinomycetota,Actinobacteria,Catenulisporales,Catenulisporaceae,Catenulispora,acidiphila
ASV71341202fc0d,Bacteria,Pseudomonadota,Alphaproteobacteria,Elsterales,NA,NA,NA
ASV615b7aa30722,Bacteria,Pseudomonadota,Gammaproteobacteria,Gammaproteobacteria Incertae Sedis,Unknown Family,Acidibacter,NA
ASV5c607c0ba8a6,Bacteria,Acidobacteriota,Blastocatellia,11-24,NA,NA,NA
ASVdb828d193e82,Bacteria,Gemmatimonadota,Gemmatimonadia,Gemmatimonadales,Gemmatimonadaceae,NA,NA
ASV8d1dbbc3e6e9,Bacteria,Acidobacteriota,Acidobacteriae,Terriglobales,Acidobacteriaceae (Subgroup 1),NA,NA
ASVd41d1cd54904,Bacteria,Chloroflexota,Chloroflexia,NA,NA,NA,NA
ASV4e21eed1d78d,Bacteria,Acidobacteriota,Vicinamibacteria,Vicinamibacterales,NA,NA,NA
ASVae0466de41ee,Bacteria,Acidobacteriota,Acidobacteriae,Terriglobales,Acidobacteriaceae (Subgroup 1),Terracidiphilus,NA
ASV600b933dfe56,Bacteria,Candidatus Kapabacteria,Kapabacteria,Kapabacteriales,NA,NA,NA
ASV402b26b690fe,Bacteria,Actinomycetota,Actinobacteria,Micrococcales,Microbacteriaceae,Leifsonia,xyli
ASV611e6fd7fc1b,Bacteria,Pseudomonadota,Gammaproteobacteria,Lysobacterales,Rhodanobacteraceae,Dyella,jiangningensis
ASV6d2c136286ba,Bacteria,Pseudomonadota,Gammaproteobacteria,Burkholderiales,Comamonadaceae,Variovorax,NA
ASV9412ae8eb49d,Bacteria,Pseudomonadota,Alphaproteobacteria,Sphingomonadales,Sphingomonadaceae,Sphingomonas,NA
ASV0e743d988923,Bacteria,Pseudomonadota,Gammaproteobacteria,Gammaproteobacteria Incertae Sedis,Unknown Family,Acidibacter,NA
ASV42067f083505,Bacteria,Patescibacteria,Saccharimonadia,Saccharimonadales,Saccharimonadaceae,TM7a,NA
ASV8cfe3b1d131b,Bacteria,Nitrospirota,Nitrospiria,Nitrospirales,Nitrospiraceae,Nitrospira,NA
ASVc4eb37dc64fc,Bacteria,Gemmatimonadota,Gemmatimonadia,Gemmatimonadales,Gemmatimonadaceae,Gemmatimonas,NA
ASVb7169a6aab21,Bacteria,Pseudomonadota,Alphaproteobacteria,Acetobacterales,Acetobacteraceae,NA,NA
ASV2d1698b16964,Bacteria,Pseudomonadota,Gammaproteobacteria,Lysobacterales,Rhodanobacteraceae,Dyella,NA
ASVcd19085210fe,Bacteria,Pseudomonadota,Gammaproteobacteria,Burkholderiales,Oxalobacteraceae,Massilia,NA
ASV08c0dfde2665,Bacteria,Nitrospirota,Nitrospiria,Nitrospirales,Nitrospiraceae,Nitrospira,NA
ASVd792180a0798,Bacteria,Gemmatimonadota,Gemmatimonadia,Gemmatimonadales,Gemmatimonadaceae,NA,NA
ASV1495baf9dab1,Bacteria,Cyanobacteriota,Cyanobacteriia,Chloroplast,NA,NA,NA
ASV5609f083e87d,Bacteria,Pseudomonadota,Gammaproteobacteria,Lysobacterales,Rhodanobacteraceae,Chujaibacter,NA
ASVc285ba0ea9f6,Bacteria,Actinomycetota,Thermoleophilia,Solirubrobacterales,Solirubrobacteraceae,Solirubrobacter,NA
ASV46439947f61d,Bacteria,Planctomycetota,Phycisphaerae,Tepidisphaerales,WD2101 soil group,NA,NA
ASV57f95c90710a,Bacteria,Actinomycetota,Actinobacteria,Micrococcales,Intrasporangiaceae,NA,NA
ASVb848398c84a8,Bacteria,Pseudomonadota,Alphaproteobacteria,Hyphomicrobiales,Xanthobacteraceae,NA,NA
ASVd30510936f6c,Bacteria,Gemmatimonadota,S0134 terrestrial group,NA,NA,NA,NA
ASV79ea622422a1,Bacteria,Pseudomonadota,Gammaproteobacteria,Burkholderiales,Burkholderiaceae,Burkholderia-Caballeronia-Paraburkholderia,NA
ASV4ae46333af16,Bacteria,Bacteroidota,Bacteroidia,Flavobacteriales,Crocinitomicaceae,Fluviicola,riflensis
ASVac72ccabf865,Bacteria,Bacteroidota,Bacteroidia,Cytophagales,Spirosomataceae,Persicitalea,NA
ASVd89230bc87ff,Bacteria,Verrucomicrobiota,Verrucomicrobiia,Verrucomicrobiales,Rubritaleaceae,Luteolibacter,NA
ASV99ef0675b411,Bacteria,Chloroflexota,Chloroflexia,Thermomicrobiales,Thermomicrobiaceae,Nitrolancea,hollandica
ASV35bf8b199c24,Bacteria,Acidobacteriota,Acidobacteriae,Terriglobales,Acidobacteriaceae (Subgroup 1),NA,NA
ASVe314fcec07a1,Bacteria,Bacteroidota,Bacteroidia,Sphingobacteriales,Sphingobacteriaceae,Arcticibacter,NA
ASV17a2db017023,Bacteria,Gemmatimonadota,S0134 terrestrial group,NA,NA,NA,NA
ASVf2c0c0ad604d,Bacteria,Pseudomonadota,Alphaproteobacteria,Rhodobacterales,Paracoccaceae,Gemmobacter,NA
ASV8bcaa54ca5b4,Bacteria,Patescibacteria,Saccharimonadia,Saccharimonadales,Saccharimonadaceae,TM7a,NA
ASVc29e9cb25228,Bacteria,Pseudomonadota,Gammaproteobacteria,Burkholderiales,Comamonadaceae,NA,NA
ASV42c1e2a39863,Bacteria,Patescibacteria,Saccharimonadia,Saccharimonadales,NA,NA,NA
ASVbf644f789017,Bacteria,Pseudomonadota,Alphaproteobacteria,Caulobacterales,Caulobacteraceae,Brevundimonas,terrae
ASV513cf6df751f,Bacteria,Actinomycetota,Actinobacteria,Catenulisporales,Catenulisporaceae,Catenulispora,acidiphila
ASV3c8e3939f528,Bacteria,Pseudomonadota,Alphaproteobacteria,Hyphomicrobiales,Xanthobacteraceae,Rhodoplanes,NA
ASV67c0b61569f4,Bacteria,Planctomycetota,Planctomycetes,Isosphaerales,Isosphaeraceae,Singulisphaera,NA
ASV26cf9746ddfd,Bacteria,Bacteroidota,Bacteroidia,Chitinophagales,Chitinophagaceae,NA,NA
ASVe0850259ed3f,Bacteria,Planctomycetota,Phycisphaerae,Tepidisphaerales,WD2101 soil group,NA,NA
ASVee3f01cbac2c,Bacteria,Planctomycetota,Phycisphaerae,Tepidisphaerales,WD2101 soil group,NA,NA
ASV36bcec6e6b0c,Bacteria,Planctomycetota,Phycisphaerae,Tepidisphaerales,WD2101 soil group,NA,NA
ASV15b6336d769d,Bacteria,Acidobacteriota,Acidobacteriae,Bryobacterales,Bryobacteraceae,Bryobacter,NA
ASVc2875710e3e8,Bacteria,Actinomycetota,Actinobacteria,Micromonosporales,Micromonosporaceae,NA,NA
ASV08eb24ec5c88,Bacteria,Actinomycetota,Thermoleophilia,Solirubrobacterales,Solirubrobacteraceae,Conexibacter,NA
ASV62c2439bb344,Bacteria,Chloroflexota,Ktedonobacteria,B12-WMSP1,NA,NA,NA
ASV47d960d0da16,Bacteria,Acidobacteriota,Acidobacteriae,Terriglobales,Acidobacteriaceae (Subgroup 1),Granulicella,NA
ASV6c48b93fc2ec,Bacteria,Pseudomonadota,Alphaproteobacteria,Micropepsales,Micropepsaceae,NA,NA
ASVd60500e19520,Bacteria,Pseudomonadota,Gammaproteobacteria,Burkholderiales,Burkholderiaceae,Burkholderia-Caballeronia-Paraburkholderia,NA
ASV76711d38b9dc,Bacteria,Myxococcota,Polyangiia,Polyangiales,Polyangiaceae,Pajaroellobacter,NA
ASV1f76ceaff432,Bacteria,Pseudomonadota,Alphaproteobacteria,Rhodospirillales,Magnetospirillaceae,Telmatospirillum,NA
ASV7c5ec86dca18,Bacteria,Pseudomonadota,Gammaproteobacteria,Burkholderiales,Burkholderiaceae,Burkholderia-Caballeronia-Paraburkholderia,NA
ASV1f4e197c553f,Bacteria,Pseudomonadota,Gammaproteobacteria,Lysobacterales,Rhodanobacteraceae,Dyella,NA
ASV4cacdfa28b6b,Bacteria,Acidobacteriota,Acidobacteriae,Bryobacterales,Bryobacteraceae,Bryobacter,NA
ASV6264bdaf7adb,Bacteria,Acidobacteriota,Acidobacteriae,Bryobacterales,Bryobacteraceae,Bryobacter,NA
ASV72681e2126ea,Bacteria,Verrucomicrobiota,Verrucomicrobiia,Opitutales,Opitutaceae,NA,NA
ASVc89c7e482873,Bacteria,Pseudomonadota,Gammaproteobacteria,Burkholderiales,Comamonadaceae,NA,NA
ASV4c7c8ce22385,Bacteria,Gemmatimonadota,Gemmatimonadia,Gemmatimonadales,Gemmatimonadaceae,NA,NA
ASV0a170b55aa2b,Bacteria,Gemmatimonadota,Gemmatimonadia,Gemmatimonadales,Gemmatimonadaceae,NA,NA
ASV4f17f32a8842,Bacteria,Planctomycetota,Phycisphaerae,Tepidisphaerales,WD2101 soil group,NA,NA
ASV4e779d09757b,Bacteria,Acidobacteriota,Acidobacteriae,Terriglobales,Acidobacteriaceae (Subgroup 1),Terriglobus,NA
ASV89f4a7c347bf,Bacteria,Pseudomonadota,Gammaproteobacteria,Burkholderiales,Oxalobacteraceae,NA,NA
ASV748c3314eea7,Bacteria,Pseudomonadota,Gammaproteobacteria,Lysobacterales,Rhodanobacteraceae,Dyella,NA
ASV941187094287,Bacteria,Pseudomonadota,Gammaproteobacteria,Lysobacterales,Rhodanobacteraceae,Chujaibacter,NA
ASV34e6f06ff053,Bacteria,Pseudomonadota,Alphaproteobacteria,Elsterales,NA,NA,NA
ASV63d076027839,Bacteria,Actinomycetota,Thermoleophilia,Gaiellales,NA,NA,NA
ASVa451c2847239,Bacteria,Actinomycetota,Actinobacteria,Streptosporangiales,Thermomonosporaceae,Actinomadura,nitritigenes
ASV6de3ded718cb,Bacteria,Chloroflexota,NA,NA,NA,NA,NA
ASV6d489e82b415,Bacteria,Gemmatimonadota,Gemmatimonadia,Gemmatimonadales,Gemmatimonadaceae,NA,NA
ASV843c5acbbe21,Bacteria,Pseudomonadota,Alphaproteobacteria,Hyphomicrobiales,Beijerinckiaceae,Roseiarcus,NA
ASV601d4e4d45cb,Bacteria,Actinomycetota,Actinobacteria,Frankiales,NA,NA,NA
ASVb2d30c271133,Bacteria,Pseudomonadota,Alphaproteobacteria,Hyphomicrobiales,Hyphomicrobiaceae,Hyphomicrobium,denitrificans
ASV45c5df1bfc9a,Bacteria,Actinomycetota,Actinobacteria,Kineosporiales,Kineosporiaceae,Angustibacter,NA
ASVf13e1e72efd2,Bacteria,Pseudomonadota,Gammaproteobacteria,Pseudomonadales,Pseudomonadaceae,Pseudomonas,pertucinogena
ASV7078d8c0cea6,Bacteria,Pseudomonadota,Alphaproteobacteria,Sphingomonadales,Sphingomonadaceae,Sphingobium,NA
ASVa27c295513e9,Bacteria,Pseudomonadota,Alphaproteobacteria,Sphingomonadales,Sphingomonadaceae,NA,NA
ASVd5f922920e83,Bacteria,Pseudomonadota,Gammaproteobacteria,Lysobacterales,Lysobacteraceae,NA,NA
ASVb98bb5a9bf71,Bacteria,Pseudomonadota,Alphaproteobacteria,Hyphomicrobiales,Rhizobiaceae,NA,NA
ASVeeaccc263cae,Bacteria,Pseudomonadota,Gammaproteobacteria,Burkholderiales,Oxalobacteraceae,Duganella,NA
ASVba162c2470e2,Bacteria,Bacteroidota,Bacteroidia,Sphingobacteriales,Sphingobacteriaceae,Arcticibacter,NA
ASV4630023eaa26,Bacteria,Pseudomonadota,Gammaproteobacteria,Lysobacterales,Lysobacteraceae,Pseudoxanthomonas,suwonensis
ASV4e967bf9b57f,Bacteria,Pseudomonadota,Gammaproteobacteria,Burkholderiales,Comamonadaceae,NA,NA
ASV185874a22242,Bacteria,NA,NA,NA,NA,NA,NA
ASVb3b88410956c,Bacteria,Bacillota,Bacilli,Paenibacillales,Paenibacillaceae,NA,NA
ASVbc4aa2a77bda,Bacteria,Bacteroidota,Bacteroidia,Chitinophagales,Chitinophagaceae,Arachidicoccus,NA
ASV46c5e7d4e017,Bacteria,Pseudomonadota,Alphaproteobacteria,Elsterales,NA,NA,NA
ASV265302b2de98,Bacteria,Planctomycetota,Planctomycetes,Gemmatales,Gemmataceae,NA,NA
ASV4407d504afc3,Bacteria,Acidobacteriota,Acidobacteriae,Terriglobales,Acidobacteriaceae (Subgroup 1),Occallatibacter,NA
ASVd96f7f08c580,Bacteria,Planctomycetota,Phycisphaerae,Tepidisphaerales,WD2101 soil group,NA,NA
ASV90eddbd0dbf6,Bacteria,Acidobacteriota,Acidobacteriae,Terriglobales,Acidobacteriaceae (Subgroup 1),NA,NA
ASVa243e002201e,Bacteria,Actinomycetota,Thermoleophilia,Gaiellales,NA,NA,NA
ASVcba7639e0fb1,Bacteria,Verrucomicrobiota,Verrucomicrobiia,Pedosphaerales,Pedosphaeraceae,ADurb.Bin063-1,NA
ASVaef8eda1a4e0,Bacteria,Planctomycetota,Planctomycetes,Isosphaerales,Isosphaeraceae,NA,NA
ASV176185c24415,Bacteria,Acidobacteriota,Vicinamibacteria,Vicinamibacterales,NA,NA,NA
ASV349be41bd5f4,Archaea,Thermoproteota,Nitrososphaeria,Nitrososphaerales,Nitrososphaeraceae,NA,NA
ASV3cb3b8d3513f,Bacteria,Chloroflexota,Chloroflexia,Thermomicrobiales,JG30-KF-CM45,NA,NA
ASVfc47247086b8,Bacteria,Armatimonadota,Chthonomonadia,Chthonomonadales,NA,NA,NA
ASVe8df5615b0c4,Bacteria,Pseudomonadota,Alphaproteobacteria,Hyphomicrobiales,Xanthobacteraceae,NA,NA
ASV37f66523f9c8,Bacteria,Planctomycetota,Phycisphaerae,Tepidisphaerales,WD2101 soil group,NA,NA
ASVbb25592d6117,Bacteria,Pseudomonadota,Alphaproteobacteria,Micropepsales,Micropepsaceae,NA,NA
ASV7245dbff38ac,Bacteria,Pseudomonadota,Alphaproteobacteria,Micropepsales,Micropepsaceae,NA,NA
ASVa1b0b739f551,Bacteria,Pseudomonadota,Alphaproteobacteria,NA,NA,NA,NA
ASV8c62cfda498a,Bacteria,Actinomycetota,Actinobacteria,Frankiales,Geodermatophilaceae,NA,NA
ASV71987064f81a,Bacteria,Patescibacteria,Saccharimonadia,Saccharimonadales,WWH38,NA,NA
ASV294687228ccd,Bacteria,Pseudomonadota,Gammaproteobacteria,Gammaproteobacteria Incertae Sedis,Unknown Family,Acidibacter,NA
ASV55afcfcbd02b,Bacteria,Patescibacteria,Saccharimonadia,Saccharimonadales,WWH38,NA,NA
ASV320b4747f80a,Bacteria,Nitrospirota,Nitrospiria,Nitrospirales,Nitrospiraceae,Nitrospira,NA
ASVc6ee5f163ab6,Bacteria,Actinomycetota,Actinobacteria,Frankiales,Acidothermaceae,Acidothermus,NA
ASVb4e0efa1a6a1,Bacteria,Pseudomonadota,Alphaproteobacteria,Acetobacterales,Acetobacteraceae,NA,NA
ASV346b5133b235,Bacteria,Actinomycetota,Acidimicrobiia,Acidimicrobiales,Acidimicrobiaceae,Acidiferrimicrobium,NA
ASV3246a44d8f68,Bacteria,Pseudomonadota,Alphaproteobacteria,Acetobacterales,Acetobacteraceae,NA,NA
ASVf5dfe6e9acc0,Bacteria,Actinomycetota,Thermoleophilia,Gaiellales,NA,NA,NA
ASVfd55db3411f3,Bacteria,Chloroflexota,Chloroflexia,Thermomicrobiales,JG30-KF-CM45,NA,NA
ASV1531f0943cc9,Bacteria,Pseudomonadota,Gammaproteobacteria,Lysobacterales,Rhodanobacteraceae,NA,NA
ASV0fa2fa596b85,Bacteria,Chloroflexota,Chloroflexia,Thermomicrobiales,JG30-KF-CM45,NA,NA
ASVd6ba80568541,Bacteria,Actinomycetota,Actinobacteria,Micrococcales,Dermacoccaceae,Flexivirga,NA
ASVff6e38a93b74,Bacteria,Patescibacteria,Saccharimonadia,Saccharimonadales,NA,NA,NA
ASV075352c3a22f,Bacteria,Pseudomonadota,Alphaproteobacteria,Acetobacterales,Acetobacteraceae,NA,NA
ASV4539b59ab6fd,Bacteria,Chloroflexota,Chloroflexia,Thermomicrobiales,JG30-KF-CM45,NA,NA
ASV2f9932871cff,Bacteria,Pseudomonadota,Gammaproteobacteria,Gammaproteobacteria Incertae Sedis,Unknown Family,Acidibacter,NA
ASV9f91a9727ffa,Bacteria,Pseudomonadota,Alphaproteobacteria,Sphingomonadales,Sphingomonadaceae,Hephaestia,NA
ASV402165b817a5,Bacteria,Actinomycetota,Actinobacteria,Frankiales,Frankiaceae,Jatrophihabitans,NA
ASVa634a9e921ff,Bacteria,Pseudomonadota,Gammaproteobacteria,Pseudomonadales,Porticoccaceae,C1-B045,NA
ASVee0a5be2a834,Bacteria,Pseudomonadota,Gammaproteobacteria,Burkholderiales,Comamonadaceae,NA,NA
ASV93cd2d09b0c5,Bacteria,Pseudomonadota,Alphaproteobacteria,Hyphomicrobiales,Rhizobiaceae,NA,NA
ASVc20630bdc760,Bacteria,Pseudomonadota,Gammaproteobacteria,Burkholderiales,Comamonadaceae,NA,NA
ASV14abeb73d0f6,Bacteria,Pseudomonadota,Gammaproteobacteria,Pseudomonadales,Pseudomonadaceae,Pseudomonas,NA
ASV137ae40d8675,Bacteria,Pseudomonadota,Gammaproteobacteria,Lysobacterales,Lysobacteraceae,Thermomonas,fusca
ASV26e29bb6d8a6,Bacteria,Pseudomonadota,Gammaproteobacteria,Lysobacterales,Lysobacteraceae,Stenotrophomonas,acidaminiphila
ASVc336908eb17e,Bacteria,Patescibacteria,Saccharimonadia,Saccharimonadales,NA,NA,NA
ASV7e0a831bc837,Bacteria,Actinomycetota,Actinobacteria,Mycobacteriales,Mycobacteriaceae,Mycobacterium,celatum
ASV79044423850a,Bacteria,Bacteroidota,Bacteroidia,Chitinophagales,Chitinophagaceae,Puia,NA
ASV3bc3f5232054,Bacteria,Chloroflexota,Chloroflexia,Thermomicrobiales,JG30-KF-CM45,NA,NA
ASV5633ef103787,Bacteria,Acidobacteriota,Acidobacteriae,Solibacterales,Solibacteraceae,Candidatus Solibacter,NA
ASV19ed0ff2a483,Bacteria,Actinomycetota,Thermoleophilia,Solirubrobacterales,67-14,NA,NA
ASVf7cc783302d1,Bacteria,Actinomycetota,Actinobacteria,Mycobacteriales,Mycobacteriaceae,Mycobacterium,celatum
ASV4919a4ec1858,Bacteria,Pseudomonadota,Alphaproteobacteria,Acetobacterales,Acetobacteraceae,NA,NA
ASV05779903aeda,Bacteria,Acidobacteriota,Acidobacteriae,Terriglobales,NA,NA,NA
ASVed8afa787bbb,Bacteria,NA,NA,NA,NA,NA,NA
ASVc3ef04718be2,Bacteria,Pseudomonadota,Alphaproteobacteria,Elsterales,NA,NA,NA
ASV7dd8f0bcabe2,Bacteria,Latescibacterota,NA,NA,NA,NA,NA
ASV2924ce6c9314,Bacteria,Chloroflexota,Ktedonobacteria,Ktedonobacterales,JG30-KF-AS9,NA,NA
ASV6b089f631412,Bacteria,Chloroflexota,KD4-96,NA,NA,NA,NA
ASV347f8d815513,Bacteria,Gemmatimonadota,Gemmatimonadia,Gemmatimonadales,Gemmatimonadaceae,NA,NA
ASV801918975b6c,Bacteria,Planctomycetota,Planctomycetes,Gemmatales,Gemmataceae,NA,NA
ASV5e28f7658990,Bacteria,Chloroflexota,Ktedonobacteria,Ktedonobacterales,JG30-KF-AS9,NA,NA
ASV34fbc499c1d7,Bacteria,Actinomycetota,Thermoleophilia,Gaiellales,NA,NA,NA
ASV0c764e2ca0f1,Bacteria,Candidatus Kapabacteria,Kapabacteria,Kapabacteriales,NA,NA,NA
ASV847f9d039f1a,Bacteria,Planctomycetota,Planctomycetes,Pirellulales,Pirellulaceae,NA,NA
ASV2d0afe58fc3d,Bacteria,Actinomycetota,Acidimicrobiia,Acidimicrobiales,Acidimicrobiaceae,NA,NA
ASV9cbb8ed46a61,Bacteria,Planctomycetota,Planctomycetes,Pirellulales,Pirellulaceae,NA,NA
ASVaa95a4254131,Bacteria,Pseudomonadota,Gammaproteobacteria,Lysobacterales,Rhodanobacteraceae,Mizugakiibacter,NA
ASV799206025de4,Bacteria,Actinomycetota,Actinobacteria,Propionibacteriales,Nocardioidaceae,Kribbella,karoonensis
ASV608fc338ab1a,Bacteria,Acidobacteriota,Acidobacteriae,Bryobacterales,Bryobacteraceae,Bryobacter,NA
ASVb19673a6bacd,Bacteria,Pseudomonadota,Gammaproteobacteria,Burkholderiales,Burkholderiaceae,Burkholderia-Caballeronia-Paraburkholderia,NA
ASV41e8ad14be7b,Bacteria,Chloroflexota,Ktedonobacteria,Ktedonobacterales,Ktedonobacteraceae,NA,NA
ASVea233fa97b86,Bacteria,Pseudomonadota,Alphaproteobacteria,Acetobacterales,Acetobacteraceae,Acidicaldus,NA
ASV47b118a3e7b3,Bacteria,Patescibacteria,Saccharimonadia,Saccharimonadales,LWQ8,NA,NA
ASV7f1318742ea5,Bacteria,Pseudomonadota,Alphaproteobacteria,Hyphomicrobiales,Rhizobiaceae,Corticibacterium,populi
ASV4d144345495e,Bacteria,Acidobacteriota,Acidobacteriae,Terriglobales,Acidobacteriaceae (Subgroup 1),NA,NA
ASV9153bbefd6d7,Bacteria,Pseudomonadota,Alphaproteobacteria,Micropepsales,Micropepsaceae,Micropepsis,NA
ASV1d5f4e3b2cd3,Bacteria,Bacillota,Bacilli,Paenibacillales,Paenibacillaceae,NA,NA
ASV389ddaef90be,Bacteria,Pseudomonadota,Gammaproteobacteria,Lysobacterales,Rhodanobacteraceae,Chujaibacter,NA
ASVc7647870a399,Bacteria,Acidobacteriota,Acidobacteriae,Subgroup 2,NA,NA,NA
ASV2efcd263cc0f,Bacteria,Pseudomonadota,Gammaproteobacteria,Lysobacterales,Lysobacteraceae,NA,NA
ASVc586a7197afa,Bacteria,Bacteroidota,Bacteroidia,Sphingobacteriales,env.OPS 17,NA,NA
ASV2230612cf5b8,Bacteria,Bacteroidota,Bacteroidia,Bacteroidales,Dysgonomonadaceae,Fermentimonas,NA
ASVe44c7a7f994b,Bacteria,Acidobacteriota,Acidobacteriae,Terriglobales,Acidobacteriaceae (Subgroup 1),NA,NA
ASVa9d9f0f9af8d,Bacteria,Pseudomonadota,Gammaproteobacteria,Burkholderiales,Rhodocyclaceae,Azospira,oryzae
ASV2b742168ab12,Bacteria,Chloroflexota,Chloroflexia,Thermomicrobiales,JG30-KF-CM45,NA,NA
ASVf65a69e8f034,Bacteria,Pseudomonadota,Alphaproteobacteria,Hyphomicrobiales,D05-2,NA,NA
ASVf90070feba72,Bacteria,Pseudomonadota,Gammaproteobacteria,JG36-TzT-191,NA,NA,NA
ASV812f36eaa2c8,Bacteria,Patescibacteria,Saccharimonadia,Saccharimonadales,NA,NA,NA
ASVbbcbed0a2eae,Bacteria,Actinomycetota,Thermoleophilia,Gaiellales,NA,NA,NA
ASV448b06e83e25,Bacteria,Gemmatimonadota,Gemmatimonadia,Gemmatimonadales,Gemmatimonadaceae,Gemmatimonas,NA
ASV818bb677a5ba,Bacteria,Actinomycetota,Thermoleophilia,Gaiellales,NA,NA,NA
ASVb39880dafb09,Bacteria,Pseudomonadota,Alphaproteobacteria,Elsterales,URHD0088,NA,NA
ASVf9e07200e68d,Bacteria,Chloroflexota,Ktedonobacteria,Ktedonobacterales,JG30-KF-AS9,NA,NA
ASV7e3d28a77e6b,Bacteria,Acidobacteriota,Acidobacteriae,Bryobacterales,Bryobacteraceae,Bryobacter,NA
ASV6c2be792eb4b,Bacteria,Patescibacteria,Saccharimonadia,Saccharimonadales,WWH38,NA,NA
ASV9759378819bb,Bacteria,Chloroflexota,TK10,NA,NA,NA,NA
ASV531b6cdf2ee4,Bacteria,NA,NA,NA,NA,NA,NA
ASV05c0e93b8ef8,Bacteria,Armatimonadota,Chthonomonadia,Chthonomonadales,NA,NA,NA
ASVf3d8b280f925,Bacteria,Pseudomonadota,Gammaproteobacteria,Burkholderiales,Rhodocyclaceae,NA,NA
ASV501f7ab8ad11,Bacteria,Pseudomonadota,Alphaproteobacteria,Elsterales,NA,NA,NA
ASV746f62eb0e8d,Bacteria,Acidobacteriota,Acidobacteriae,Terriglobales,Koribacteraceae,Candidatus Koribacter,NA
ASVd0c0707e3ba6,Bacteria,Pseudomonadota,Gammaproteobacteria,Burkholderiales,SC-I-84,NA,NA
ASV952434435ea7,Bacteria,Pseudomonadota,Alphaproteobacteria,Rhodospirillales,Rhodospirillaceae,NA,NA
ASVc0e4b09d8fc6,Bacteria,Chloroflexota,Chloroflexia,Thermomicrobiales,JG30-KF-CM45,NA,NA
ASV7e4d9b4a7b5e,Bacteria,Chloroflexota,KD4-96,NA,NA,NA,NA
ASV80e5fbbc1a25,Bacteria,Actinomycetota,Actinobacteria,Frankiales,Geodermatophilaceae,NA,NA
ASV85c7acf99e53,Bacteria,Acidobacteriota,Acidobacteriae,Terriglobales,Acidobacteriaceae (Subgroup 1),NA,NA
ASVec56f0aecd01,Bacteria,Patescibacteria,Saccharimonadia,Saccharimonadales,LWQ8,NA,NA
ASVf5c4f944573e,Bacteria,Pseudomonadota,Alphaproteobacteria,Hyphomicrobiales,Rhizobiaceae,Rhizobium,NA
ASV133de782427d,Bacteria,Acidobacteriota,Acidobacteriae,Solibacterales,Solibacteraceae,Candidatus Solibacter,NA
ASV0045c6e4bd2c,Bacteria,Chloroflexota,Ktedonobacteria,Ktedonobacterales,Ktedonobacteraceae,NA,NA
ASV38f0c4f3228f,Bacteria,Actinomycetota,Acidimicrobiia,Acidimicrobiales,Acidimicrobiaceae,Acidiferrimicrobium,NA
ASVbfb045e622b7,Bacteria,Gemmatimonadota,Gemmatimonadia,Gemmatimonadales,Gemmatimonadaceae,NA,NA
ASV0bdc549bbfaf,Bacteria,Gemmatimonadota,Gemmatimonadia,Gemmatimonadales,Gemmatimonadaceae,NA,NA
ASV7ac2736d4b4d,Bacteria,RCP2-54,NA,NA,NA,NA,NA
ASV3afb832bb47e,Bacteria,Chloroflexota,Ktedonobacteria,Ktedonobacterales,JG30-KF-AS9,NA,NA
ASVe1529969d236,Bacteria,Pseudomonadota,Alphaproteobacteria,Rhodospirillales,Magnetospirillaceae,NA,NA
ASVffbb06783e7e,Bacteria,Pseudomonadota,Alphaproteobacteria,Acetobacterales,Acetobacteraceae,Rhodopila,NA
ASV87ede9f9e11e,Bacteria,Pseudomonadota,Alphaproteobacteria,Rickettsiales,SM2D12,NA,NA
ASV2b8e88cd3b01,Bacteria,Chloroflexota,Ktedonobacteria,Ktedonobacterales,JG30-KF-AS9,NA,NA
ASV24f8673fec23,Bacteria,Acidobacteriota,Acidobacteriae,Terriglobales,Acidobacteriaceae (Subgroup 1),Terracidiphilus,NA
ASV8ee01345af02,Bacteria,Patescibacteria,Saccharimonadia,Saccharimonadales,LWQ8,NA,NA
ASV349983fbfc78,Bacteria,Verrucomicrobiota,Verrucomicrobiia,Opitutales,Opitutaceae,Opitutus,NA
ASV17722af5e297,Bacteria,Pseudomonadota,Alphaproteobacteria,Hyphomicrobiales,Rhizobiaceae,Brucella,NA
ASV5f112fc11376,Bacteria,Candidatus Kapabacteria,Kapabacteria,Kapabacteriales,NA,NA,NA
ASVc9cd591ee01e,Bacteria,Pseudomonadota,Gammaproteobacteria,Rickettsiellales,Rickettsiellaceae,Aquicella,NA
ASVc3c31335714d,Bacteria,Planctomycetota,Phycisphaerae,Tepidisphaerales,WD2101 soil group,NA,NA
ASV952ef506642c,Bacteria,Pseudomonadota,Alphaproteobacteria,Sphingomonadales,Sphingomonadaceae,NA,NA
ASV01dec70d800d,Bacteria,Patescibacteria,Saccharimonadia,Saccharimonadales,NA,NA,NA
ASV4d5fc9245cd9,Bacteria,Bacillota,Bacilli,Bacillales,NA,NA,NA
ASV585ac3c0df0b,Bacteria,Pseudomonadota,Alphaproteobacteria,Caulobacterales,Caulobacteraceae,NA,NA
ASVabf4f1b714f0,Bacteria,Pseudomonadota,Alphaproteobacteria,Micropepsales,Micropepsaceae,NA,NA
ASV327e03203812,Bacteria,Chloroflexota,Ktedonobacteria,Ktedonobacterales,Ktedonobacteraceae,NA,NA
ASV612d64ab3d7c,Bacteria,Patescibacteria,Saccharimonadia,Saccharimonadales,NA,NA,NA
ASVaabbf1b91488,Bacteria,Myxococcota,Polyangiia,Haliangiales,Haliangiaceae,NA,NA
ASVed1f8fc7e19d,Bacteria,Pseudomonadota,Gammaproteobacteria,Burkholderiales,Comamonadaceae,NA,NA
ASVc055922820fa,Bacteria,Bacillota,Bacilli,Brevibacillales,Brevibacillaceae,Brevibacillus,NA
ASV905162b470e4,Bacteria,Pseudomonadota,Gammaproteobacteria,Burkholderiales,Alcaligenaceae,Pusillimonas,NA
ASV4eda9abcba6c,Bacteria,Bacteroidota,Bacteroidia,Flavobacteriales,Flavobacteriaceae,Confluentibacter,NA
ASV866e55921eb9,Bacteria,Pseudomonadota,Alphaproteobacteria,Hyphomicrobiales,Rhizobiaceae,NA,NA
ASV9f6d42eed4fb,Bacteria,Pseudomonadota,Gammaproteobacteria,Lysobacterales,Lysobacteraceae,Thermomonas,fusca
ASV424d5415d0df,Bacteria,Pseudomonadota,Gammaproteobacteria,Burkholderiales,Comamonadaceae,NA,NA
ASV08699035798f,Bacteria,Pseudomonadota,Gammaproteobacteria,Burkholderiales,Comamonadaceae,NA,NA
ASV990423c92fef,Bacteria,Pseudomonadota,Alphaproteobacteria,Hyphomicrobiales,D05-2,NA,NA
ASV038a061fbb60,Bacteria,Pseudomonadota,Alphaproteobacteria,Hyphomicrobiales,Rhizobiaceae,NA,NA
ASV26587e360d48,Bacteria,Pseudomonadota,Gammaproteobacteria,Lysobacterales,Lysobacteraceae,NA,NA
ASV55313c0ac4b8,Bacteria,Pseudomonadota,Alphaproteobacteria,Hyphomicrobiales,Rhizobiaceae,NA,NA
ASV80fccae73910,Bacteria,Deinococcota,Deinococci,Deinococcales,Trueperaceae,Truepera,NA
ASV8daa7cb5fcca,Bacteria,Planctomycetota,Planctomycetes,Isosphaerales,Isosphaeraceae,Paludisphaera,borealis
ASVe082df7885d8,Bacteria,Pseudomonadota,Gammaproteobacteria,Burkholderiales,Comamonadaceae,NA,NA
ASVec20b88827ad,Bacteria,Patescibacteria,Saccharimonadia,Saccharimonadales,NA,NA,NA
ASVeeed017beb06,Bacteria,Gemmatimonadota,Gemmatimonadia,Gemmatimonadales,Gemmatimonadaceae,NA,NA
ASV787d1102764b,Bacteria,Pseudomonadota,Gammaproteobacteria,JG36-TzT-191,NA,NA,NA
ASV46c7c5d28c6b,Bacteria,RCP2-54,NA,NA,NA,NA,NA
ASV5cedc3903515,Bacteria,Actinomycetota,Thermoleophilia,Gaiellales,NA,NA,NA
ASV248daf009098,Bacteria,Actinomycetota,Thermoleophilia,Solirubrobacterales,Solirubrobacteraceae,Baekduia,NA
ASV30ba944624e4,Bacteria,Verrucomicrobiota,Verrucomicrobiia,Pedosphaerales,Pedosphaeraceae,ADurb.Bin063-1,NA
ASVe3e32c325193,Bacteria,Gemmatimonadota,Gemmatimonadia,Gemmatimonadales,Gemmatimonadaceae,NA,NA
ASVc29a981e6219,Bacteria,Actinomycetota,Actinobacteria,Micromonosporales,Micromonosporaceae,NA,NA
ASVd9deb51b755b,Bacteria,Pseudomonadota,Alphaproteobacteria,Elsterales,NA,NA,NA
ASV43bad417f3db,Bacteria,Pseudomonadota,Gammaproteobacteria,Lysobacterales,Rhodanobacteraceae,Dyella,NA
ASV73b8690addb8,Bacteria,Chloroflexota,KD4-96,NA,NA,NA,NA
ASV8c16eaeb32d0,Bacteria,Actinomycetota,Actinobacteria,Frankiales,Acidothermaceae,Acidothermus,NA
ASV0755af739aef,Bacteria,Latescibacterota,NA,NA,NA,NA,NA
ASVc064c7982c13,Bacteria,Planctomycetota,Phycisphaerae,Tepidisphaerales,WD2101 soil group,NA,NA
ASV4172daa3cb19,Bacteria,Actinomycetota,Actinobacteria,Frankiales,Acidothermaceae,Acidothermus,NA
ASVd20e6933b25a,Bacteria,Nitrospirota,Nitrospiria,Nitrospirales,Nitrospiraceae,Nitrospira,NA
ASV4fbbf1efa627,Bacteria,Acidobacteriota,Acidobacteriae,Solibacterales,Solibacteraceae,Candidatus Solibacter,NA
ASV04c3128c3255,Bacteria,Chloroflexota,KD4-96,NA,NA,NA,NA
ASVfc7a6000785f,Bacteria,Planctomycetota,Phycisphaerae,Tepidisphaerales,WD2101 soil group,NA,NA
ASV3924cb510783,Bacteria,Chloroflexota,Ktedonobacteria,Ktedonobacterales,JG30-KF-AS9,NA,NA
ASVd9cb17986102,Bacteria,Chloroflexota,Ktedonobacteria,Ktedonobacterales,JG30-KF-AS9,NA,NA
ASV58725bd60b2c,Bacteria,Acidobacteriota,Acidobacteriae,Terriglobales,Acidobacteriaceae (Subgroup 1),Granulicella,NA
ASVf24aa119ece8,Bacteria,Actinomycetota,Actinobacteria,Frankiales,Acidothermaceae,Acidothermus,NA
ASV953db0eae5f1,Bacteria,Gemmatimonadota,Gemmatimonadia,Gemmatimonadales,Gemmatimonadaceae,Gemmatimonas,NA
ASVada995b67d7e,Bacteria,Patescibacteria,Saccharimonadia,Saccharimonadales,WWH38,NA,NA
ASV278c6b1f1cc0,Bacteria,Actinomycetota,Acidimicrobiia,Acidimicrobiales,Acidimicrobiaceae,Acidiferrimicrobium,NA
ASVdd11a14c8639,Bacteria,Acidobacteriota,Acidobacteriae,Subgroup 2,NA,NA,NA
ASV55e0ec8107df,Bacteria,Pseudomonadota,Gammaproteobacteria,Gammaproteobacteria Incertae Sedis,Unknown Family,Acidibacter,NA
ASV267993331a0d,Bacteria,Pseudomonadota,Alphaproteobacteria,NA,NA,NA,NA
ASVb2b2ef8b526f,Bacteria,Acidobacteriota,Acidobacteriae,Bryobacterales,Bryobacteraceae,Bryobacter,NA
ASV8b2a54225feb,Bacteria,Pseudomonadota,Alphaproteobacteria,Micropepsales,Micropepsaceae,Micropepsis,NA
ASV1de615d01786,Bacteria,Planctomycetota,Planctomycetes,Isosphaerales,Isosphaeraceae,Tundrisphaera,NA
ASVd358f5101e89,Bacteria,Pseudomonadota,Gammaproteobacteria,Pseudomonadales,Moraxellaceae,NA,NA
ASV1a9444311959,Bacteria,Nitrospirota,Nitrospiria,Nitrospirales,Nitrospiraceae,Nitrospira,NA
ASV247923f54112,Bacteria,Planctomycetota,Planctomycetes,Isosphaerales,Isosphaeraceae,Tautonia,NA
ASVb7ada8ffb020,Bacteria,Myxococcota,Polyangiia,Haliangiales,Haliangiaceae,NA,NA
ASV30f7de40d7b1,Bacteria,Verrucomicrobiota,Verrucomicrobiia,Pedosphaerales,Pedosphaeraceae,Ellin516,NA
ASV7766fe4ae885,Bacteria,Actinomycetota,Actinobacteria,Micrococcales,Microbacteriaceae,Microbacterium,NA
ASVead72e501518,Bacteria,Acidobacteriota,Vicinamibacteria,Vicinamibacterales,NA,NA,NA
ASV63f668c5cb9c,Bacteria,Gemmatimonadota,Longimicrobiia,Longimicrobiales,Longimicrobiaceae,Longimicrobium,NA
ASVab20611fc0fe,Bacteria,Actinomycetota,Actinobacteria,Micrococcales,Microbacteriaceae,Microbacterium,NA
ASVc1c7e632dc29,Bacteria,Pseudomonadota,Gammaproteobacteria,Lysobacterales,Rhodanobacteraceae,Chujaibacter,NA
ASVa330e0d37692,Bacteria,Pseudomonadota,Gammaproteobacteria,Lysobacterales,Rhodanobacteraceae,Rhodanobacter,NA
ASVb207e3e14dde,Bacteria,Pseudomonadota,Gammaproteobacteria,Enterobacterales,Erwiniaceae,Pantoea,NA
ASV8ca03b4ecae8,Archaea,Thermoproteota,Nitrososphaeria,Nitrososphaerales,Nitrososphaeraceae,Candidatus Nitrosocosmicus,NA
ASV336c34976f63,Bacteria,Pseudomonadota,Gammaproteobacteria,Lysobacterales,Rhodanobacteraceae,Dokdonella,ginsengisoli
ASVa41b46e8b1e0,Bacteria,Planctomycetota,Planctomycetes,Gemmatales,Gemmataceae,NA,NA
ASVc9679fa8c88c,Bacteria,Pseudomonadota,Gammaproteobacteria,Gammaproteobacteria Incertae Sedis,Unknown Family,Acidibacter,NA
ASV479336864d48,Bacteria,Bacteroidota,Bacteroidia,Chitinophagales,Chitinophagaceae,Edaphobaculum,NA
ASV2ef2f49972f3,Bacteria,Actinomycetota,Actinobacteria,Streptosporangiales,Thermomonosporaceae,Actinomadura,NA
ASV09cdd0087722,Bacteria,Chloroflexota,Ktedonobacteria,Ktedonobacterales,JG30-KF-AS9,NA,NA
ASVc7a388a97510,Bacteria,Actinomycetota,Actinobacteria,Kitasatosporales,Streptomycetaceae,Streptomyces,viridosporus
ASVbff122d002bb,Bacteria,Pseudomonadota,Alphaproteobacteria,Hyphomicrobiales,Rhizobiaceae,NA,NA
ASV061b760baa9b,Bacteria,Pseudomonadota,Alphaproteobacteria,NA,NA,NA,NA
ASV1d54199eae5b,Bacteria,Pseudomonadota,Gammaproteobacteria,Pseudomonadales,Porticoccaceae,NA,NA
ASV35c544937698,Bacteria,Pseudomonadota,Alphaproteobacteria,Hyphomicrobiales,Rhizobiaceae,NA,NA
ASVf775908024ec,Bacteria,Pseudomonadota,Alphaproteobacteria,Hyphomicrobiales,Xanthobacteraceae,Pseudolabrys,NA
ASV1f406a3ca661,Bacteria,Pseudomonadota,Alphaproteobacteria,Rhodospirillales,Magnetospirillaceae,Magnetospirillum,NA
ASV6292bdb92ef2,Bacteria,Pseudomonadota,Gammaproteobacteria,Burkholderiales,Comamonadaceae,NA,NA
ASVf53cd304d2e4,Bacteria,Actinomycetota,Thermoleophilia,Solirubrobacterales,Solirubrobacteraceae,Conexibacter,NA
ASV9108c7058da5,Bacteria,Pseudomonadota,Gammaproteobacteria,Burkholderiales,Comamonadaceae,NA,NA
ASV834c9ff482d9,Bacteria,Planctomycetota,Planctomycetes,Isosphaerales,Isosphaeraceae,Tautonia,NA
ASV25bafc89540d,Bacteria,Patescibacteria,Microgenomatia,NA,NA,NA,NA
ASVe298f93a90c9,Bacteria,Pseudomonadota,Alphaproteobacteria,NA,NA,NA,NA
ASV93f49bed1780,Bacteria,NA,NA,NA,NA,NA,NA
ASVf4901e9fe396,Bacteria,Acidobacteriota,Acidobacteriae,Bryobacterales,Bryobacteraceae,Bryobacter,NA
ASVde1a4211c8d6,Bacteria,Verrucomicrobiota,Verrucomicrobiia,Pedosphaerales,Pedosphaeraceae,ADurb.Bin063-1,NA
ASV3e60aa4db9f1,Bacteria,Myxococcota,Polyangiia,Polyangiales,BIrii41,NA,NA
ASV26800ffab397,Bacteria,Acidobacteriota,Acidobacteriae,Subgroup 13,NA,NA,NA
ASVf7df1f1e74b9,Bacteria,Actinomycetota,Thermoleophilia,Gaiellales,NA,NA,NA
ASV2435abc898c3,Bacteria,Patescibacteria,Saccharimonadia,Saccharimonadales,WWH38,NA,NA
ASV0bdab91ab9d9,Bacteria,Pseudomonadota,Gammaproteobacteria,Burkholderiales,Nitrosomonadaceae,MND1,NA
ASV57dc4d3c9350,Bacteria,Acidobacteriota,Acidobacteriae,Subgroup 12,NA,NA,NA
ASV4dccab4d5493,Bacteria,Pseudomonadota,Gammaproteobacteria,Burkholderiales,Oxalobacteraceae,Duganella,NA
ASVae067bbd89ea,Bacteria,Pseudomonadota,Alphaproteobacteria,Elsterales,NA,NA,NA
ASV396651e2b35d,Bacteria,Pseudomonadota,Gammaproteobacteria,Burkholderiales,Comamonadaceae,NA,NA
ASV5dd30e6440b0,Bacteria,Pseudomonadota,Gammaproteobacteria,Burkholderiales,Burkholderiaceae,Burkholderia-Caballeronia-Paraburkholderia,NA
ASVb18ba45a59c9,Bacteria,Pseudomonadota,Alphaproteobacteria,Dongiales,Dongiaceae,Dongia,NA
ASV53637f48e039,Bacteria,Dependentiae,Babeliae,Babeliales,Vermiphilaceae,NA,NA
ASVc592262ca4f9,Bacteria,Pseudomonadota,Alphaproteobacteria,Sphingomonadales,Sphingomonadaceae,Sphingomonas,NA
ASV626940eb77e3,Bacteria,Acidobacteriota,Vicinamibacteria,Vicinamibacterales,Vicinamibacteraceae,NA,NA
ASV81ec49ad8593,Bacteria,Patescibacteria,Saccharimonadia,Saccharimonadales,Saccharimonadaceae,TM7a,NA
ASV8f4482d557d1,Bacteria,Chloroflexota,Chloroflexia,Thermomicrobiales,Thermomicrobiaceae,NA,NA
ASVb888a828a2cc,Bacteria,Pseudomonadota,Gammaproteobacteria,Burkholderiales,SC-I-84,NA,NA
ASV7ad08d22f2b5,Bacteria,Chloroflexota,Ktedonobacteria,Ktedonobacterales,JG30-KF-AS9,NA,NA
ASVdac7f235663c,Bacteria,Actinomycetota,Actinobacteria,Frankiales,Geodermatophilaceae,Modestobacter,NA
ASVfdb764e2e742,Bacteria,Planctomycetota,Phycisphaerae,Tepidisphaerales,Tepidisphaeraceae,Tepidisphaera,NA
ASVa71a6b99f0aa,Bacteria,Actinomycetota,Actinobacteria,Micromonosporales,Micromonosporaceae,Actinoplanes,NA
ASV3f1465a9d32f,Bacteria,Verrucomicrobiota,Verrucomicrobiia,Opitutales,Opitutaceae,NA,NA
ASV4c7edf3282ec,Bacteria,Pseudomonadota,Gammaproteobacteria,Burkholderiales,Alcaligenaceae,Achromobacter,NA
ASV4222d002ad27,Bacteria,Actinomycetota,Actinobacteria,Mycobacteriales,Mycobacteriaceae,Mycobacterium,obuense
ASV4ffc34323adc,Bacteria,Pseudomonadota,Alphaproteobacteria,Sphingomonadales,Sphingomonadaceae,Sphingomonas,oligoaromativorans
ASV7f0b2a4138e0,Bacteria,Pseudomonadota,Alphaproteobacteria,Hyphomicrobiales,Xanthobacteraceae,Rhodopseudomonas,NA
ASVb804ed8ab7ab,Bacteria,Pseudomonadota,Gammaproteobacteria,Lysobacterales,Rhodanobacteraceae,Luteibacter,yeojuensis
ASV795b38b9ead2,Bacteria,Pseudomonadota,Alphaproteobacteria,Micropepsales,Micropepsaceae,NA,NA
ASV2ff653886775,Bacteria,Pseudomonadota,Gammaproteobacteria,Lysobacterales,Rhodanobacteraceae,Chujaibacter,NA
ASVddc28012c7b6,Bacteria,Actinomycetota,Actinobacteria,Kitasatosporales,Streptomycetaceae,Streptomyces,NA
ASV2dc0e318558c,Bacteria,Chloroflexota,TK10,NA,NA,NA,NA
ASV3acd2492c8d0,Bacteria,Pseudomonadota,Alphaproteobacteria,Hyphomicrobiales,Xanthobacteraceae,Rhodopseudomonas,NA
ASV5d00e1def3cd,Bacteria,Gemmatimonadota,Gemmatimonadia,Gemmatimonadales,Gemmatimonadaceae,NA,NA
ASV9f35fb58d6a6,Bacteria,Candidatus Eremiobacterota,Eremiobacteria,NA,NA,NA,NA
ASVf6a2fdc4b5cf,Bacteria,Actinomycetota,Thermoleophilia,Gaiellales,NA,NA,NA
ASVb40e63a69730,Bacteria,Chloroflexota,Chloroflexia,Thermomicrobiales,Thermomicrobiaceae,Nitrolancea,hollandica
ASVf1414647e8dd,Bacteria,Pseudomonadota,Alphaproteobacteria,Hyphomicrobiales,Rhizobiaceae,NA,NA
ASV7387a46f74a7,Bacteria,Bacillota,Bacilli,Alicyclobacillales,Alicyclobacillaceae,Tumebacillus,avium
ASV5ba4aa5aca5d,Bacteria,Pseudomonadota,Alphaproteobacteria,Hyphomicrobiales,Rhizobiaceae,NA,NA
ASV3abd7037d314,Bacteria,Pseudomonadota,Gammaproteobacteria,Lysobacterales,Lysobacteraceae,Thermomonas,fusca
ASV591d66144160,Bacteria,Pseudomonadota,Gammaproteobacteria,Burkholderiales,Comamonadaceae,NA,NA
ASVbd2021a08eb5,Bacteria,Pseudomonadota,Gammaproteobacteria,Burkholderiales,Rhodocyclaceae,NA,NA
ASV6b8ad3fa7b7e,Bacteria,Verrucomicrobiota,Verrucomicrobiia,Pedosphaerales,Pedosphaeraceae,NA,NA
ASVe17124141fb6,Bacteria,Pseudomonadota,Gammaproteobacteria,Burkholderiales,Comamonadaceae,NA,NA
ASV6e574509a477,Bacteria,Myxococcota,Polyangiia,Polyangiales,Sandaracinaceae,NA,NA
ASV0e0494d0dfa4,Bacteria,Pseudomonadota,Gammaproteobacteria,Enterobacterales,Enterobacteriaceae,Kosakonia,sacchari
ASV5158c6fabec7,Bacteria,Actinomycetota,Acidimicrobiia,Acidimicrobiales,Acidimicrobiaceae,Acidiferrimicrobium,NA
ASV924af7188f17,Bacteria,Bacteroidota,Bacteroidia,Cytophagales,Microscillaceae,NA,NA
ASV3412d77e7374,Bacteria,Pseudomonadota,Gammaproteobacteria,Lysobacterales,Lysobacteraceae,Thermomonas,fusca
ASV682101eaaeb5,Bacteria,Pseudomonadota,Gammaproteobacteria,Lysobacterales,Lysobacteraceae,Thermomonas,fusca
ASV658588947fd2,Bacteria,Patescibacteria,Saccharimonadia,Saccharimonadales,LWQ8,NA,NA
ASVff4594617848,Bacteria,Actinomycetota,Actinobacteria,Micrococcales,Cellulomonadaceae,Cellulomonas,NA
ASV81b0f4ccb665,Bacteria,Pseudomonadota,Gammaproteobacteria,Gammaproteobacteria Incertae Sedis,Unknown Family,Acidibacter,NA
ASVb24f705dcd88,Bacteria,Pseudomonadota,Gammaproteobacteria,Gammaproteobacteria Incertae Sedis,Unknown Family,Acidibacter,NA
ASVff9dd798b2bd,Bacteria,Actinomycetota,Actinobacteria,Micrococcales,Microbacteriaceae,Microbacterium,NA
ASV80f0933e14bf,Bacteria,Pseudomonadota,Alphaproteobacteria,Elsterales,NA,NA,NA
ASV70d818af70f0,Bacteria,Acidobacteriota,Acidobacteriae,Terriglobales,Koribacteraceae,Candidatus Koribacter,NA
ASV79cc9ff0c21f,Bacteria,Planctomycetota,Phycisphaerae,Tepidisphaerales,WD2101 soil group,NA,NA
ASV5b958845b2f1,Bacteria,Chloroflexota,Chloroflexia,Thermomicrobiales,NA,NA,NA
ASV4ea883e089dd,Bacteria,Acidobacteriota,Vicinamibacteria,Vicinamibacterales,Vicinamibacteraceae,NA,NA
ASVb7ffab343492,Bacteria,Chloroflexota,Ktedonobacteria,Ktedonobacterales,JG30-KF-AS9,NA,NA
ASV38476d295d42,Bacteria,Actinomycetota,Actinobacteria,Catenulisporales,Actinospicaceae,Actinocrinis,NA
ASV8bb4c6deb6d1,Bacteria,Chloroflexota,Ktedonobacteria,Ktedonobacterales,JG30-KF-AS9,NA,NA
ASV2c177dde53eb,Bacteria,Bacteroidota,Bacteroidia,Chitinophagales,Chitinophagaceae,Terrimonas,NA
ASV747a16273a57,Bacteria,Gemmatimonadota,Gemmatimonadia,Gemmatimonadales,Gemmatimonadaceae,NA,NA
ASVb43f9eee628a,Bacteria,Pseudomonadota,Gammaproteobacteria,Burkholderiales,Nitrosomonadaceae,Ellin6067,NA
ASVe4cff5ea3a0e,Bacteria,Myxococcota,Polyangiia,Polyangiales,Polyangiaceae,Pajaroellobacter,NA
ASV7fe36a072815,Bacteria,Chloroflexota,Ktedonobacteria,Ktedonobacterales,JG30-KF-AS9,NA,NA
ASV541ee5f47edc,Bacteria,Pseudomonadota,Alphaproteobacteria,Rickettsiales,Mitochondria,NA,NA
ASV05f529142e58,Bacteria,Pseudomonadota,Gammaproteobacteria,Lysobacterales,Rhodanobacteraceae,Rhodanobacter,NA
ASV5a5f9eb92a1c,Bacteria,Pseudomonadota,Alphaproteobacteria,Rickettsiales,Mitochondria,NA,NA
ASVd838c4f95842,Bacteria,Acidobacteriota,Acidobacteriae,Terriglobales,Acidobacteriaceae (Subgroup 1),Granulicella,NA
ASVc46975c09a83,Bacteria,Pseudomonadota,Gammaproteobacteria,Burkholderiales,Nitrosomonadaceae,Ellin6067,NA
ASV4b55a4f6938a,Bacteria,Pseudomonadota,Gammaproteobacteria,Burkholderiales,Burkholderiaceae,Burkholderia-Caballeronia-Paraburkholderia,NA
ASVb7e319b73950,Bacteria,Pseudomonadota,Alphaproteobacteria,Elsterales,Elsteraceae,Aliidongia,dinghuensis
ASV631986bb7caf,Bacteria,Acidobacteriota,Acidobacteriae,Bryobacterales,Bryobacteraceae,Bryobacter,NA
ASVc96e384418dc,Bacteria,Actinomycetota,Thermoleophilia,Gaiellales,NA,NA,NA
ASV6bc774b1cc7e,Bacteria,Chloroflexota,Ktedonobacteria,Ktedonobacterales,Ktedonobacteraceae,NA,NA
ASV2b3010ec8fe9,Bacteria,Myxococcota,Polyangiia,Polyangiales,Sandaracinaceae,NA,NA
ASVdac38fe9fd0b,Bacteria,Pseudomonadota,Gammaproteobacteria,Burkholderiales,Alcaligenaceae,Bordetella,bronchialis
ASV8bd4c83c941b,Bacteria,Planctomycetota,Phycisphaerae,Tepidisphaerales,WD2101 soil group,NA,NA
ASV481b82ff8e2e,Bacteria,Pseudomonadota,Gammaproteobacteria,Steroidobacterales,Steroidobacteraceae,Steroidobacter,agariperforans
ASVd831a60b389a,Bacteria,Chloroflexota,Chloroflexia,Thermomicrobiales,JG30-KF-CM45,NA,NA
ASVb311a27846bb,Bacteria,Pseudomonadota,Gammaproteobacteria,JG36-TzT-191,NA,NA,NA
ASVa2903ada9cf4,Bacteria,Verrucomicrobiota,Verrucomicrobiia,Verrucomicrobiales,Rubritaleaceae,Luteolibacter,NA
ASV9fe6535c16b7,Bacteria,Gemmatimonadota,Gemmatimonadia,Gemmatimonadales,Gemmatimonadaceae,Gemmatimonas,NA
ASVc349ac98852f,Bacteria,Gemmatimonadota,Gemmatimonadia,Gemmatimonadales,Gemmatimonadaceae,Gemmatimonas,NA
ASV70642ad26739,Bacteria,Pseudomonadota,Alphaproteobacteria,Acetobacterales,Acetobacteraceae,NA,NA
ASVf55b45e10012,Bacteria,Pseudomonadota,Alphaproteobacteria,Sphingomonadales,Sphingomonadaceae,Sphingomonas,NA
ASV7c9dc71d13af,Bacteria,Pseudomonadota,Alphaproteobacteria,Acetobacterales,Acetobacteraceae,Rhodopila,NA
ASVb5a06e28f1a9,Bacteria,Patescibacteria,Saccharimonadia,Saccharimonadales,LWQ8,NA,NA
ASV0501bc9dce27,Bacteria,Actinomycetota,Actinobacteria,Micromonosporales,Micromonosporaceae,Actinoplanes,NA
ASVd7a3c3ef3cf2,Bacteria,Cyanobacteriota,Cyanobacteriia,Chloroplast,NA,NA,NA
ASVaed2216da75f,Bacteria,Patescibacteria,Saccharimonadia,Saccharimonadales,LWQ8,NA,NA
ASV063025f91a1c,Bacteria,Pseudomonadota,Alphaproteobacteria,Acetobacterales,Acetobacteraceae,NA,NA
ASVed939450fda9,Bacteria,Pseudomonadota,Alphaproteobacteria,Elsterales,URHD0088,NA,NA
ASV3d2b507bbb60,Bacteria,Actinomycetota,Thermoleophilia,Gaiellales,NA,NA,NA
ASV1779921397a9,Bacteria,Actinomycetota,Actinobacteria,Frankiales,Frankiaceae,Jatrophihabitans,NA
ASV9675fbd41fa7,Bacteria,Cyanobacteriota,Sericytochromatia,NA,NA,NA,NA
ASV34c84debad08,Bacteria,Patescibacteria,Saccharimonadia,Saccharimonadales,NA,NA,NA
ASVb4a181b3f39c,Bacteria,Actinomycetota,Actinobacteria,Micrococcales,Microbacteriaceae,NA,NA
ASVfe170310105c,Bacteria,Chloroflexota,Chloroflexia,Thermomicrobiales,JG30-KF-CM45,NA,NA
ASV6998ed2bd217,Bacteria,Actinomycetota,Actinobacteria,Micrococcales,Microbacteriaceae,NA,NA
ASVffa2292d8015,Bacteria,Cyanobacteriota,Cyanobacteriia,Chloroplast,NA,NA,NA
ASV6258aca4b928,Bacteria,Pseudomonadota,Gammaproteobacteria,Lysobacterales,Rhodanobacteraceae,Chujaibacter,NA
ASV1e7ae8c92b24,Bacteria,Myxococcota,Polyangiia,Polyangiales,BIrii41,NA,NA
ASV3bce5f07863e,Bacteria,Pseudomonadota,Gammaproteobacteria,Lysobacterales,Lysobacteraceae,NA,NA
ASV82ff3cf4df83,Bacteria,Pseudomonadota,Alphaproteobacteria,Hyphomicrobiales,Rhizobiaceae,Aminobacter,NA
ASV82f47b2cefd3,Bacteria,Pseudomonadota,Gammaproteobacteria,Pseudomonadales,NA,NA,NA
ASVe6663a87c7fa,Bacteria,Verrucomicrobiota,Verrucomicrobiia,Verrucomicrobiales,Rubritaleaceae,Luteolibacter,NA
ASVb3c716e11455,Bacteria,Pseudomonadota,Gammaproteobacteria,Pseudomonadales,NA,NA,NA
ASVb340a1bf7a8f,Bacteria,Pseudomonadota,Gammaproteobacteria,Burkholderiales,Alcaligenaceae,Pusillibacter,NA
ASV5e966f341c4d,Bacteria,Bacteroidota,Bacteroidia,Cytophagales,Microscillaceae,NA,NA
ASV86ab97f195f7,Bacteria,Pseudomonadota,Alphaproteobacteria,Acetobacterales,Acetobacteraceae,NA,NA
ASVd5e27955d248,Bacteria,Pseudomonadota,Alphaproteobacteria,Hyphomicrobiales,Rhizobiaceae,NA,NA
ASV2f1ab5a2e5c8,Bacteria,Bacteroidota,Bacteroidia,Sphingobacteriales,Sphingobacteriaceae,Daejeonella,NA
ASVd898cd402636,Bacteria,Planctomycetota,Planctomycetes,Gemmatales,Gemmataceae,Gemmata,NA
ASV36c38cabc522,Bacteria,Pseudomonadota,Gammaproteobacteria,Lysobacterales,Lysobacteraceae,Luteimonas,NA
ASV479dd2f9973a,Bacteria,Pseudomonadota,Alphaproteobacteria,Sphingomonadales,Sphingomonadaceae,Croceibacterium,NA
ASVf575658731b4,Bacteria,Planctomycetota,Planctomycetes,Isosphaerales,Isosphaeraceae,Paludisphaera,borealis
ASV25f8769a462e,Bacteria,Acidobacteriota,Acidobacteriae,Bryobacterales,Bryobacteraceae,Bryobacter,NA
ASV156e7a036f69,Bacteria,Actinomycetota,Thermoleophilia,Gaiellales,NA,NA,NA
ASVee8477e930b5,Bacteria,Acidobacteriota,Acidobacteriae,Terriglobales,Acidobacteriaceae (Subgroup 1),Occallatibacter,NA
ASV2d9740cee0fb,Bacteria,Pseudomonadota,Gammaproteobacteria,Gammaproteobacteria Incertae Sedis,Unknown Family,Acidibacter,NA
ASV108356c6e290,Bacteria,Planctomycetota,Phycisphaerae,Tepidisphaerales,WD2101 soil group,NA,NA
ASV73d5fb8c2b83,Bacteria,Gemmatimonadota,Gemmatimonadia,Gemmatimonadales,Gemmatimonadaceae,NA,NA
ASV0ac202971937,Bacteria,Chloroflexota,Ktedonobacteria,Ktedonobacterales,JG30-KF-AS9,NA,NA
ASV337ec68e6a94,Bacteria,Pseudomonadota,Alphaproteobacteria,Acetobacterales,Acetobacteraceae,Acidicaldus,NA
ASVd43edf9ffbaf,Bacteria,Patescibacteria,Saccharimonadia,Saccharimonadales,LWQ8,NA,NA
ASV5cd38e6edb42,Bacteria,Acidobacteriota,Holophagae,Subgroup 7,NA,NA,NA
ASV7ec1ed447793,Bacteria,Actinomycetota,Actinobacteria,Micromonosporales,Micromonosporaceae,Luedemannella,NA
ASV30f6c8d1d31b,Bacteria,Chloroflexota,AD3,NA,NA,NA,NA
ASV8f5d69860024,Bacteria,Pseudomonadota,Gammaproteobacteria,Burkholderiales,A21b,NA,NA
ASV304a6ece3d9b,Bacteria,Myxococcota,Polyangiia,Polyangiales,Polyangiaceae,Pajaroellobacter,NA
ASVee7230e01d51,Bacteria,Chloroflexota,KD4-96,NA,NA,NA,NA
ASV3922a9a0cd4a,Bacteria,Nitrospirota,Nitrospiria,Nitrospirales,Nitrospiraceae,Nitrospira,NA
ASV3dd64bf520bd,Bacteria,Pseudomonadota,Alphaproteobacteria,Micropepsales,Micropepsaceae,NA,NA
ASVf1f72e3474fe,Bacteria,Pseudomonadota,Gammaproteobacteria,Lysobacterales,Rhodanobacteraceae,Dyella,NA
ASV6a67c5dbc66d,Bacteria,NA,NA,NA,NA,NA,NA
ASV7fd50de46c1e,Bacteria,Actinomycetota,Thermoleophilia,Solirubrobacterales,Solirubrobacteraceae,NA,NA
ASV43bc6d3e83ee,Bacteria,Actinomycetota,Thermoleophilia,Gaiellales,NA,NA,NA
ASV8ec813693ed3,Bacteria,Myxococcota,Myxococcia,Myxococcales,Myxococcaceae,NA,NA
ASV04a2d59cad2d,Bacteria,Pseudomonadota,Alphaproteobacteria,Sphingomonadales,Sphingomonadaceae,Sphingomonas,oligoaromativorans
ASV4d055498a0f4,Bacteria,Pseudomonadota,Alphaproteobacteria,Acetobacterales,Acetobacteraceae,Acidisoma,NA
ASV1fb99d4e5583,Bacteria,Gemmatimonadota,Gemmatimonadia,Gemmatimonadales,Gemmatimonadaceae,Gemmatimonas,NA
ASV8cc02f532e97,Bacteria,Planctomycetota,vadinHA49,NA,NA,NA,NA
ASV7780d70a4aee,Bacteria,Actinomycetota,Actinobacteria,Frankiales,Acidothermaceae,Acidothermus,NA
ASVb327463653bd,Bacteria,Pseudomonadota,Alphaproteobacteria,Acetobacterales,Acetobacteraceae,NA,NA
ASV73212ae1c462,Bacteria,Pseudomonadota,Alphaproteobacteria,Hyphomicrobiales,Devosiaceae,Devosia,riboflavina
ASVebc83c92a707,Bacteria,Pseudomonadota,Gammaproteobacteria,Lysobacterales,Rhodanobacteraceae,Dyella,jiangningensis
ASV19c25e7a18a5,Bacteria,Chloroflexota,Chloroflexia,Thermomicrobiales,JG30-KF-CM45,NA,NA
ASV46ecf7c101bd,Bacteria,Actinomycetota,Actinobacteria,Mycobacteriales,Mycobacteriaceae,Mycobacterium,celatum
ASV6b0ced09aafc,Bacteria,Patescibacteria,Saccharimonadia,Saccharimonadales,LWQ8,NA,NA
ASVe467a9b7463a,Bacteria,Pseudomonadota,Gammaproteobacteria,Burkholderiales,Alcaligenaceae,Bordetella,NA
ASV1881031b0e57,Bacteria,Pseudomonadota,Gammaproteobacteria,Lysobacterales,Rhodanobacteraceae,Dyella,NA
ASV86609388c539,Bacteria,Pseudomonadota,Alphaproteobacteria,Micropepsales,Micropepsaceae,NA,NA
ASVd4ec89c400a9,Bacteria,Actinomycetota,Acidimicrobiia,Acidimicrobiales,Acidimicrobiaceae,Acidiferrimicrobium,NA
ASV9992bbc20fab,Bacteria,Planctomycetota,Phycisphaerae,Tepidisphaerales,WD2101 soil group,NA,NA
ASV22e8200ea236,Bacteria,Chloroflexota,NA,NA,NA,NA,NA
ASVe5637d41c13f,Bacteria,Pseudomonadota,Gammaproteobacteria,Enterobacterales,Enterobacteriaceae,Kosakonia,sacchari
ASVad866dad960d,Bacteria,Pseudomonadota,Gammaproteobacteria,Lysobacterales,Rhodanobacteraceae,Chujaibacter,NA
ASVf84cd16dfba1,Bacteria,Planctomycetota,Planctomycetes,Isosphaerales,Isosphaeraceae,Paludisphaera,borealis
ASVec3219a468b3,Bacteria,Chloroflexota,Chloroflexia,Thermomicrobiales,Thermomicrobiaceae,Nitrolancea,NA
ASV8ddc39829f18,Bacteria,Pseudomonadota,Alphaproteobacteria,Elsterales,NA,NA,NA
ASV5551a4e01246,Bacteria,Actinomycetota,Actinobacteria,Frankiales,Acidothermaceae,Acidothermus,NA
ASV7ab041a8083f,Bacteria,Pseudomonadota,Alphaproteobacteria,Elsterales,NA,NA,NA
ASV0a2ed25b7387,Bacteria,Actinomycetota,Acidimicrobiia,Acidimicrobiales,Acidimicrobiaceae,Acidiferrimicrobium,NA
ASVa9ed9181ab32,Bacteria,Patescibacteria,Saccharimonadia,Saccharimonadales,LWQ8,NA,NA
ASVfec025aac2ed,Bacteria,Pseudomonadota,Alphaproteobacteria,Hyphomicrobiales,Xanthobacteraceae,Pseudolabrys,NA
ASVcc8d5e037f57,Bacteria,Pseudomonadota,Gammaproteobacteria,Lysobacterales,Lysobacteraceae,Stenotrophomonas,acidaminiphila
ASV3d742dd74f92,Bacteria,Pseudomonadota,Alphaproteobacteria,Sphingomonadales,Sphingomonadaceae,DSSF69,NA
ASVf0c79f1885c2,Bacteria,Pseudomonadota,Alphaproteobacteria,Caulobacterales,Caulobacteraceae,Asticcacaulis,biprosthecium
ASV5815e925c315,Bacteria,Pseudomonadota,Gammaproteobacteria,Pseudomonadales,Porticoccaceae,C1-B045,NA
ASV64d1c89ba297,Bacteria,Deinococcota,Deinococci,Deinococcales,Trueperaceae,Truepera,NA
ASV0e0f9568777c,Bacteria,Actinomycetota,Actinobacteria,Frankiales,Geodermatophilaceae,Geodermatophilus,NA
ASVf90f378511ba,Bacteria,Pseudomonadota,Gammaproteobacteria,Pseudomonadales,Pseudomonadaceae,NA,NA
ASVc477962024d6,Bacteria,Pseudomonadota,Alphaproteobacteria,Hyphomicrobiales,Beijerinckiaceae,Microvirga,NA
ASV54c215b165b3,Bacteria,Pseudomonadota,Alphaproteobacteria,Hyphomicrobiales,Xanthobacteraceae,Pseudolabrys,NA
ASV0a260468121f,Bacteria,Pseudomonadota,Gammaproteobacteria,Burkholderiales,Comamonadaceae,NA,NA
ASVd067c48f98ca,Bacteria,Pseudomonadota,Gammaproteobacteria,Lysobacterales,Rhodanobacteraceae,Mizugakiibacter,NA
ASV97b25376e39c,Bacteria,Pseudomonadota,Alphaproteobacteria,Sphingomonadales,Sphingomonadaceae,Sphingomonas,NA
ASVb105cf826452,Bacteria,Verrucomicrobiota,Verrucomicrobiia,Pedosphaerales,Pedosphaeraceae,NA,NA
ASV1e1b1ab69e06,Bacteria,Pseudomonadota,Gammaproteobacteria,Lysobacterales,Rhodanobacteraceae,Dokdonella,NA
ASV156fecd86a3c,Bacteria,NA,NA,NA,NA,NA,NA
ASVd4c48ce060ee,Bacteria,Planctomycetota,Phycisphaerae,Tepidisphaerales,WD2101 soil group,NA,NA
ASVaf68f7a08ae3,Bacteria,Acidobacteriota,Vicinamibacteria,Vicinamibacterales,Vicinamibacteraceae,NA,NA
ASVe5e598d12d51,Bacteria,Acidobacteriota,Acidobacteriae,Terriglobales,NA,NA,NA
ASVddd148ae5fb3,Bacteria,Actinomycetota,MB-A2-108,NA,NA,NA,NA
ASVd767190925ba,Bacteria,Chloroflexota,TK10,NA,NA,NA,NA
ASVef68b0a2c515,Bacteria,Armatimonadota,Chthonomonadia,Chthonomonadales,NA,NA,NA
ASV06c37be4e411,Bacteria,Acidobacteriota,Holophagae,Subgroup 7,NA,NA,NA
ASVd9ac3c6de5bd,Bacteria,Acidobacteriota,Acidobacteriae,Terriglobales,NA,NA,NA
ASV2e1de42c43cb,Bacteria,Actinomycetota,Acidimicrobiia,Microtrichales,Ilumatobacteraceae,NA,NA
ASV9fb66d868733,Bacteria,Chloroflexota,Chloroflexia,Chloroflexales,Roseiflexaceae,NA,NA
ASVb32f75eb7b36,Bacteria,Gemmatimonadota,Gemmatimonadia,Gemmatimonadales,Gemmatimonadaceae,NA,NA
ASVc99bae849d62,Bacteria,Chloroflexota,Ktedonobacteria,Ktedonobacterales,JG30-KF-AS9,NA,NA
ASVcd9caceb2d39,Bacteria,Actinomycetota,Acidimicrobiia,Acidimicrobiales,Acidimicrobiaceae,Acidiferrimicrobium,NA
ASVa95162afce66,Bacteria,Actinomycetota,Actinobacteria,Micrococcales,Microbacteriaceae,Leifsonia,xyli
ASV6d99496bd7c4,Bacteria,Gemmatimonadota,Gemmatimonadia,Gemmatimonadales,Gemmatimonadaceae,Gemmatimonas,NA
ASVf298d3338110,Bacteria,Pseudomonadota,Gammaproteobacteria,Pseudomonadales,Moraxellaceae,Acinetobacter,NA
ASV5130ec33d71a,Bacteria,Pseudomonadota,Gammaproteobacteria,Burkholderiales,Oxalobacteraceae,Massilia,NA
ASV3cdf50877e8a,Bacteria,Chloroflexota,TK10,NA,NA,NA,NA
ASV831bb5571a10,Bacteria,Patescibacteria,Saccharimonadia,Saccharimonadales,WWH38,NA,NA
ASVb6083c7bade7,Bacteria,Planctomycetota,Planctomycetes,Isosphaerales,Isosphaeraceae,Tautonia,NA
ASV43d3f6a0c50c,Bacteria,Pseudomonadota,Gammaproteobacteria,Lysobacterales,Rhodanobacteraceae,Dyella,NA
ASV579be3717c97,Bacteria,Pseudomonadota,Alphaproteobacteria,Hyphomicrobiales,Beijerinckiaceae,Microvirga,ossetica
ASV01e686a0babb,Bacteria,Patescibacteria,Microgenomatia,NA,NA,NA,NA
ASV5e096f386764,Bacteria,Bacteroidota,Bacteroidia,Chitinophagales,Chitinophagaceae,Chitinophaga,NA
ASV6c85e57c6dc3,Bacteria,Bacillota,Bacilli,Alicyclobacillales,Alicyclobacillaceae,Tumebacillus,avium
ASV5dcb446e7898,Bacteria,Pseudomonadota,Alphaproteobacteria,Hyphomicrobiales,Hyphomicrobiales Incertae Sedis,Alsobacter,NA
ASVac30522b9b14,Bacteria,Actinomycetota,Actinobacteria,Pseudonocardiales,Pseudonocardiaceae,Amycolatopsis,mediterranei
ASVffe616a0a03c,Bacteria,Pseudomonadota,Gammaproteobacteria,Lysobacterales,Rhodanobacteraceae,Frateuria,terrea
ASVdd29aa9a6e40,Bacteria,Pseudomonadota,Alphaproteobacteria,Sphingomonadales,Sphingomonadaceae,NA,NA
ASV4491e4e94528,Bacteria,Acidobacteriota,Acidobacteriae,Terriglobales,NA,NA,NA
ASVead819d6f8fa,Bacteria,Actinomycetota,Actinobacteria,Propionibacteriales,Nocardioidaceae,Nocardioides,NA
ASV2d72fa599531,Bacteria,Acidobacteriota,Acidobacteriae,Subgroup 2,NA,NA,NA
ASV87799898c0fa,Bacteria,Chloroflexota,Chloroflexia,Thermomicrobiales,Thermomicrobiaceae,Sphaerobacter,NA
ASV36f494520a45,Bacteria,Actinomycetota,Actinobacteria,Frankiales,Geodermatophilaceae,NA,NA
ASVc1847ca35513,Bacteria,Patescibacteria,Saccharimonadia,Saccharimonadales,WWH38,NA,NA
ASV4a500e08e73d,Bacteria,Actinomycetota,Actinobacteria,Propionibacteriales,Nocardioidaceae,Nocardioides,NA
ASV8cf7fb75c027,Bacteria,Acidobacteriota,Acidobacteriae,Terriglobales,Acidobacteriaceae (Subgroup 1),NA,NA
ASV2b36cc29eb12,Bacteria,Pseudomonadota,Gammaproteobacteria,Burkholderiales,Rhodocyclaceae,Pseudazoarcus,NA
ASV2f39a9598211,Bacteria,Chloroflexota,Chloroflexia,Thermomicrobiales,JG30-KF-CM45,NA,NA
ASVba6fe26e6baf,Bacteria,Bacteroidota,Bacteroidia,Sphingobacteriales,Sphingobacteriaceae,Mucilaginibacter,NA
ASV98892784b49e,Bacteria,Patescibacteria,Saccharimonadia,Saccharimonadales,LWQ8,NA,NA
ASVf18b4aabca4b,Bacteria,Patescibacteria,Saccharimonadia,Saccharimonadales,NA,NA,NA
ASVc43a52c4d458,Bacteria,Myxococcota,Polyangiia,Polyangiales,Sandaracinaceae,NA,NA
ASVda948c6c27bb,Bacteria,Actinomycetota,Actinobacteria,Micrococcales,Microbacteriaceae,NA,NA
ASV6310c0188cd2,Bacteria,Actinomycetota,Actinobacteria,Frankiales,Geodermatophilaceae,Modestobacter,NA
ASVbc3fe31d2a04,Bacteria,Bacteroidota,Bacteroidia,Chitinophagales,Chitinophagaceae,Puia,NA
ASV28608bc1f2e1,Bacteria,Actinomycetota,Actinobacteria,Kitasatosporales,Streptomycetaceae,Streptomyces,NA
ASVd37fc95e8ef8,Bacteria,Chloroflexota,Ktedonobacteria,Ktedonobacterales,JG30-KF-AS9,NA,NA
ASVd078cab7841e,Bacteria,Acidobacteriota,Acidobacteriae,Subgroup 13,NA,NA,NA
ASVbe33af6622ae,Bacteria,Pseudomonadota,Alphaproteobacteria,Elsterales,NA,NA,NA
ASV7a3969f40406,Bacteria,Actinomycetota,Actinobacteria,Micrococcales,Microbacteriaceae,Microbacterium,NA
ASVae00398c2c86,Bacteria,Pseudomonadota,Alphaproteobacteria,Hyphomicrobiales,Rhizobiaceae,NA,NA
ASV55c7d629a1f2,Bacteria,Verrucomicrobiota,Verrucomicrobiia,Opitutales,Opitutaceae,Opitutus,NA
ASVe8ab643e32f1,Bacteria,Myxococcota,Polyangiia,Polyangiales,BIrii41,NA,NA
ASVee7e4b3649ec,Bacteria,Bacillota,Bacilli,Bacillales,Bacillaceae,NA,NA
ASVd66e5a87060a,Bacteria,Actinomycetota,Thermoleophilia,Solirubrobacterales,Solirubrobacteraceae,Solirubrobacter,NA
ASVaa995ae76a22,Bacteria,Chloroflexota,Chloroflexia,Thermomicrobiales,JG30-KF-CM45,NA,NA
ASV3c80d30c7c10,Bacteria,Bacteroidota,Bacteroidia,Sphingobacteriales,Sphingobacteriaceae,Parapedobacter,NA
ASV451607257660,Bacteria,Pseudomonadota,Gammaproteobacteria,Pseudomonadales,NA,NA,NA
ASV2c1c145e58e0,Bacteria,Pseudomonadota,Gammaproteobacteria,Burkholderiales,Comamonadaceae,NA,NA
ASV58e7f3794f87,Bacteria,Pseudomonadota,Gammaproteobacteria,Pseudomonadales,Cellvibrionaceae,Cellvibrio,NA
ASV4f697c2b8bcd,Bacteria,Pseudomonadota,Gammaproteobacteria,Lysobacterales,Lysobacteraceae,Thermomonas,fusca
ASVbbe564029c83,Bacteria,Bacteroidota,Bacteroidia,Chitinophagales,Chitinophagaceae,Parasegetibacter,luojiensis
ASVbd6ccaedf90d,Bacteria,Pseudomonadota,Gammaproteobacteria,Burkholderiales,Comamonadaceae,NA,NA
ASV1e7a1d34d7a3,Bacteria,Pseudomonadota,Alphaproteobacteria,Caulobacterales,Caulobacteraceae,NA,NA
ASV5668da9c429f,Bacteria,Pseudomonadota,Gammaproteobacteria,Burkholderiales,Comamonadaceae,NA,NA
ASV717f785def8f,Bacteria,Pseudomonadota,Alphaproteobacteria,Sphingomonadales,Sphingomonadaceae,NA,NA
ASV99f1b4489bc1,Bacteria,Actinomycetota,Actinobacteria,Frankiales,Frankiaceae,Jatrophihabitans,NA
ASV2263394e4529,Bacteria,Patescibacteria,Saccharimonadia,Saccharimonadales,LWQ8,NA,NA
ASVd30f42873adb,Bacteria,Pseudomonadota,Alphaproteobacteria,Elsterales,NA,NA,NA
ASV957a5b137a51,Bacteria,Pseudomonadota,Gammaproteobacteria,Lysobacterales,Rhodanobacteraceae,Mizugakiibacter,NA
ASV5506c8e62a45,Bacteria,Acidobacteriota,Acidobacteriae,Terriglobales,Koribacteraceae,Candidatus Koribacter,NA
ASV2b04ff5c69f4,Bacteria,Actinomycetota,Thermoleophilia,Solirubrobacterales,Solirubrobacteraceae,NA,NA
ASVd41a273705d9,Bacteria,Pseudomonadota,Gammaproteobacteria,Burkholderiales,Oxalobacteraceae,Herbaspirillum,NA
ASVa7d3dea43359,Bacteria,Patescibacteria,Saccharimonadia,Saccharimonadales,WWH38,NA,NA
ASV60dc0ba1ddaf,Bacteria,Patescibacteria,Saccharimonadia,Saccharimonadales,WWH38,NA,NA
ASVb672f4249093,Bacteria,Acidobacteriota,Holophagae,Subgroup 7,NA,NA,NA
ASV85c98bbcae2f,Bacteria,Actinomycetota,Thermoleophilia,Gaiellales,NA,NA,NA
ASVf29a31e73573,Bacteria,Pseudomonadota,Alphaproteobacteria,NA,NA,NA,NA
ASVc34b04cd8f5d,Bacteria,Acidobacteriota,Acidobacteriae,Bryobacterales,Bryobacteraceae,Bryobacter,NA
ASVf4a829c89a07,Archaea,Thermoproteota,Nitrososphaeria,Nitrosotaleales,Nitrosotaleaceae,Candidatus Nitrosotalea,NA
ASV85a3f2df74aa,Bacteria,Myxococcota,Myxococcia,Myxococcales,Anaeromyxobacteraceae,Anaeromyxobacter,NA
ASV31c71b707a7f,Bacteria,Actinomycetota,Thermoleophilia,Gaiellales,NA,NA,NA
ASVad9334d6a009,Bacteria,Pseudomonadota,Alphaproteobacteria,Hyphomicrobiales,Xanthobacteraceae,Bradyrhizobium,NA
ASV07743253615d,Bacteria,Planctomycetota,Phycisphaerae,Tepidisphaerales,WD2101 soil group,NA,NA
ASV645cbc7fa45f,Bacteria,Acidobacteriota,Acidobacteriae,Solibacterales,Solibacteraceae,Candidatus Solibacter,NA
ASV9e205e6d1fb8,Bacteria,Pseudomonadota,Alphaproteobacteria,Caulobacterales,Caulobacteraceae,NA,NA
ASVba1c67c41f67,Bacteria,Pseudomonadota,Alphaproteobacteria,Acetobacterales,Acetobacteraceae,Acidisoma,NA
ASV11937eba7e57,Bacteria,Verrucomicrobiota,Verrucomicrobiia,Opitutales,Opitutaceae,Opitutus,NA
ASV0991be810214,Bacteria,Pseudomonadota,Gammaproteobacteria,Burkholderiales,Burkholderiaceae,Burkholderia-Caballeronia-Paraburkholderia,NA
ASV387f0d2d2cef,Bacteria,Patescibacteria,Saccharimonadia,Saccharimonadales,LWQ8,NA,NA
ASVe6a34138035c,Bacteria,Actinomycetota,Actinobacteria,Frankiales,Acidothermaceae,Acidothermus,NA
ASV8649f0b4b15d,Bacteria,Bacteroidota,Bacteroidia,Chitinophagales,Chitinophagaceae,NA,NA
ASVbccc1318ad67,Bacteria,Chloroflexota,AD3,NA,NA,NA,NA
ASV59f86649e2a5,Bacteria,NA,NA,NA,NA,NA,NA
ASVb76b77f52ed1,Bacteria,Planctomycetota,Planctomycetes,Isosphaerales,Isosphaeraceae,Tautonia,NA
ASV862390d84656,Bacteria,Patescibacteria,Saccharimonadia,Saccharimonadales,NA,NA,NA
ASV35ae25249bd0,Bacteria,Actinomycetota,Actinobacteria,Propionibacteriales,Nocardioidaceae,Nocardioides,NA
ASVc8cab30098c3,Bacteria,Pseudomonadota,Alphaproteobacteria,Elsterales,URHD0088,NA,NA
ASV70c909a36646,Bacteria,Actinomycetota,Actinobacteria,Kineosporiales,Kineosporiaceae,NA,NA
ASVf569bd9cf8b6,Bacteria,Pseudomonadota,Gammaproteobacteria,Burkholderiales,Oxalobacteraceae,NA,NA
ASV5f98976fb9de,Bacteria,Pseudomonadota,Gammaproteobacteria,Burkholderiales,Alcaligenaceae,Candidimonas,humi
ASV0cc3b472b200,Bacteria,Patescibacteria,Saccharimonadia,Saccharimonadales,NA,NA,NA
ASVb3cbb4d7f06c,Bacteria,Patescibacteria,Saccharimonadia,Saccharimonadales,NA,NA,NA
ASV6c2105d2bf0a,Bacteria,Pseudomonadota,Alphaproteobacteria,Rickettsiales,Mitochondria,NA,NA
ASV34ca3d8a9f42,Bacteria,Pseudomonadota,Alphaproteobacteria,Hyphomicrobiales,Xanthobacteraceae,Bradyrhizobium,NA
ASVa6e019298616,Bacteria,Pseudomonadota,Gammaproteobacteria,Lysobacterales,Rhodanobacteraceae,Dokdonella,fugitiva
ASVea8be1c46e0e,Bacteria,Patescibacteria,Saccharimonadia,Saccharimonadales,WWH38,NA,NA
ASV98b6e907c859,Bacteria,Actinomycetota,Actinobacteria,Mycobacteriales,Mycobacteriaceae,Mycobacterium,celatum
ASVa1ecf2f3e6cc,Bacteria,Pseudomonadota,Gammaproteobacteria,Enterobacterales,Enterobacteriaceae,Kosakonia,radicincitans
ASVcfcfb7708369,Bacteria,Actinomycetota,Actinobacteria,Micromonosporales,Micromonosporaceae,Actinoplanes,NA
ASV20dd1721125b,Bacteria,Bacteroidota,Bacteroidia,Chitinophagales,Chitinophagaceae,Flavisolibacter,NA
ASV020ac9305d49,Bacteria,Gemmatimonadota,Longimicrobiia,Longimicrobiales,Longimicrobiaceae,Longimicrobium,NA
ASV219c7deb595b,Bacteria,Actinomycetota,Thermoleophilia,Gaiellales,NA,NA,NA
ASV909029330f17,Bacteria,Pseudomonadota,Alphaproteobacteria,Micropepsales,Micropepsaceae,NA,NA
ASV014b516b6476,Bacteria,Pseudomonadota,Gammaproteobacteria,Burkholderiales,Comamonadaceae,NA,NA
ASV432312732798,Bacteria,Bacillota,Bacilli,Alicyclobacillales,Alicyclobacillaceae,Alicyclobacillus,NA
ASVa028d6df8978,Bacteria,Chloroflexota,Ktedonobacteria,Ktedonobacterales,JG30-KF-AS9,NA,NA
ASVfa97efa18bb2,Bacteria,Pseudomonadota,Alphaproteobacteria,Caulobacterales,Caulobacteraceae,Brevundimonas,terrae
ASVe863b0c2f5c1,Bacteria,Pseudomonadota,Gammaproteobacteria,Lysobacterales,Rhodanobacteraceae,Chujaibacter,NA
ASV5632b712354e,Bacteria,Pseudomonadota,Alphaproteobacteria,Hyphomicrobiales,Rhizobiaceae,Aminobacter,NA
ASV5535040e48c7,Bacteria,Bacteroidota,Bacteroidia,Bacteroidales,Dysgonomonadaceae,Proteiniphilum,NA
ASV4a42c3b3d6d0,Bacteria,Pseudomonadota,Alphaproteobacteria,Sphingomonadales,Sphingomonadaceae,Croceibacterium,NA
ASV85aade8983cc,Bacteria,Myxococcota,Myxococcia,Myxococcales,Myxococcaceae,P3OB-42,NA
ASVe85ec21d405b,Bacteria,Gemmatimonadota,Gemmatimonadia,Gemmatimonadales,Gemmatimonadaceae,NA,NA
ASV1811037be907,Bacteria,Pseudomonadota,Gammaproteobacteria,Pseudomonadales,NA,NA,NA
ASV55c5d4b6a4b0,Bacteria,Pseudomonadota,Gammaproteobacteria,Burkholderiales,Comamonadaceae,NA,NA
ASV4655becbdc0d,Bacteria,Pseudomonadota,Gammaproteobacteria,Burkholderiales,Comamonadaceae,NA,NA
ASVc31af0234093,Bacteria,Pseudomonadota,Gammaproteobacteria,Lysobacterales,Lysobacteraceae,Thermomonas,fusca
ASVd0592fb89a58,Bacteria,Pseudomonadota,Gammaproteobacteria,Lysobacterales,Lysobacteraceae,Thermomonas,fusca
ASV10e301f78618,Bacteria,Bacteroidota,Bacteroidia,Flavobacteriales,Flavobacteriaceae,Flavobacterium,cauense
ASV5c0bf87e0144,Bacteria,Chloroflexota,Chloroflexia,Thermomicrobiales,Thermomicrobiaceae,Nitrolancea,NA
ASV70c37333751b,Bacteria,Pseudomonadota,Gammaproteobacteria,Burkholderiales,Comamonadaceae,NA,NA
ASV763fc48c22cf,Bacteria,Planctomycetota,Planctomycetes,Isosphaerales,Isosphaeraceae,Paludisphaera,borealis
ASVe70909a27f33,Bacteria,Planctomycetota,Planctomycetes,Isosphaerales,Isosphaeraceae,Singulisphaera,NA
ASVe0a888746f9a,Bacteria,Pseudomonadota,Alphaproteobacteria,Acetobacterales,Acetobacteraceae,NA,NA
ASV6803a02ae225,Bacteria,Actinomycetota,Actinobacteria,Propionibacteriales,Nocardioidaceae,Nocardioides,NA
ASV6f823b098bae,Bacteria,Planctomycetota,Planctomycetes,Isosphaerales,Isosphaeraceae,Paludisphaera,borealis
ASV740ef89f631b,Bacteria,Armatimonadota,Fimbriimonadia,Fimbriimonadales,Fimbriimonadaceae,NA,NA
ASV6bb372ec11b1,Bacteria,Acidobacteriota,Acidobacteriae,Terriglobales,NA,NA,NA
ASVbb175490cf33,Bacteria,NA,NA,NA,NA,NA,NA
ASVb69e288374a2,Bacteria,Acidobacteriota,Acidobacteriae,Solibacterales,Solibacteraceae,Candidatus Solibacter,NA
ASVf0e213a3695c,Bacteria,Actinomycetota,Actinobacteria,Micrococcales,Microbacteriaceae,Microbacterium,laevaniformans
ASV464b737166bd,Bacteria,Planctomycetota,Phycisphaerae,Tepidisphaerales,WD2101 soil group,NA,NA
ASVa166e6008cd3,Bacteria,RCP2-54,NA,NA,NA,NA,NA
ASV4d77e91b4e89,Bacteria,Gemmatimonadota,Gemmatimonadia,Gemmatimonadales,Gemmatimonadaceae,Gemmatimonas,NA
ASVcac5c242384d,Bacteria,Pseudomonadota,Gammaproteobacteria,Burkholderiales,SC-I-84,NA,NA
ASVf7033f420b55,Bacteria,Chloroflexota,KD4-96,NA,NA,NA,NA
ASVf35d0ba412e3,Bacteria,RCP2-54,NA,NA,NA,NA,NA
ASV91ebf22601ff,Bacteria,Myxococcota,Polyangiia,mle1-27,NA,NA,NA
ASV313e56e21c55,Bacteria,Actinomycetota,Thermoleophilia,Solirubrobacterales,Solirubrobacteraceae,Conexibacter,NA
ASV4cafa93e699a,Bacteria,Actinomycetota,Thermoleophilia,Solirubrobacterales,Solirubrobacteraceae,Solirubrobacter,NA
ASV7886008c34f6,Bacteria,Acidobacteriota,Acidobacteriae,Terriglobales,NA,NA,NA
ASVbf271534bb30,Bacteria,Actinomycetota,Thermoleophilia,Solirubrobacterales,Solirubrobacteraceae,Conexibacter,NA
ASVf35b09c78eb6,Bacteria,Acidobacteriota,Acidobacteriae,Subgroup 2,NA,NA,NA
ASVe2199df331c1,Bacteria,Actinomycetota,Actinobacteria,Catenulisporales,Actinospicaceae,NA,NA
ASVb9c4ec9f8837,Bacteria,Bacteroidota,Bacteroidia,Sphingobacteriales,Sphingobacteriaceae,Pedobacter,agri
ASVf182857c0e69,Bacteria,Chloroflexota,Chloroflexia,Thermomicrobiales,JG30-KF-CM45,NA,NA
ASV0c2c6c1329d6,Bacteria,NA,NA,NA,NA,NA,NA
ASV0e3bf02153b3,Bacteria,Chloroflexota,Ktedonobacteria,Ktedonobacterales,JG30-KF-AS9,NA,NA
ASV962b9690faf8,Bacteria,Pseudomonadota,Gammaproteobacteria,Lysobacterales,Rhodanobacteraceae,Dyella,NA
ASVb66f7232134a,Bacteria,Pseudomonadota,Alphaproteobacteria,Caulobacterales,Caulobacteraceae,Phenylobacterium,NA
ASV6076dd6e7889,Bacteria,Patescibacteria,Saccharimonadia,Saccharimonadales,NA,NA,NA
ASVcc73ad40dd3d,Bacteria,Pseudomonadota,Alphaproteobacteria,Micropepsales,Micropepsaceae,NA,NA
ASV1624b7862504,Bacteria,Actinomycetota,Actinobacteria,Pseudonocardiales,Pseudonocardiaceae,Crossiella,NA
ASV9832e008e9c7,Bacteria,Acidobacteriota,Acidobacteriae,Subgroup 2,NA,NA,NA
ASVd933b622b3bb,Bacteria,Nitrospirota,Nitrospiria,Nitrospirales,Nitrospiraceae,Nitrospira,NA
ASV771663ce1e00,Bacteria,Patescibacteria,Saccharimonadia,Saccharimonadales,LWQ8,NA,NA
ASVe30d663dc499,Bacteria,Chloroflexota,TK10,NA,NA,NA,NA
ASV8ce5cbd0a0c0,Bacteria,Bacteroidota,Bacteroidia,Sphingobacteriales,env.OPS 17,NA,NA
ASV91c5d1bba3c5,Bacteria,Bacteroidota,Bacteroidia,Chitinophagales,Chitinophagaceae,Taibaiella,NA
ASV6be604020296,Bacteria,Nitrospirota,Nitrospiria,Nitrospirales,Nitrospiraceae,Nitrospira,NA
ASV7f99558e190d,Bacteria,Candidatus Eremiobacterota,Eremiobacteria,NA,NA,NA,NA
ASV4b435ad3ba79,Bacteria,Candidatus Eremiobacterota,Eremiobacteria,NA,NA,NA,NA
ASVacb0ab9ff964,Bacteria,Chloroflexota,Chloroflexia,Thermomicrobiales,JG30-KF-CM45,NA,NA
ASVb82bf6d50e2b,Bacteria,Pseudomonadota,Gammaproteobacteria,Burkholderiales,Alcaligenaceae,Candidimonas,humi
ASV43b0001e7c1d,Bacteria,Chloroflexota,Chloroflexia,Thermomicrobiales,Thermomicrobiaceae,NA,NA
ASV8d17f689bfd3,Bacteria,RCP2-54,NA,NA,NA,NA,NA
ASV7eb5a343ff42,Bacteria,Chloroflexota,Chloroflexia,Thermomicrobiales,JG30-KF-CM45,NA,NA
ASV59ea5b714476,Bacteria,Patescibacteria,Saccharimonadia,Saccharimonadales,Saccharimonadaceae,TM7a,NA
ASV43b0f7a37a84,Bacteria,Bacillota,Bacilli,Paenibacillales,Paenibacillaceae,NA,NA
ASV154ad136f2b6,Bacteria,Actinomycetota,Actinobacteria,Micromonosporales,Micromonosporaceae,NA,NA
ASV53e79e231d74,Bacteria,Bacteroidota,Bacteroidia,Sphingobacteriales,Sphingobacteriaceae,Mucilaginibacter,NA
ASVd1c8c55bfa74,Bacteria,Planctomycetota,Planctomycetes,Gemmatales,Gemmataceae,NA,NA
ASV37d9e1115b5f,Bacteria,Pseudomonadota,Gammaproteobacteria,Gammaproteobacteria Incertae Sedis,Unknown Family,Acidibacter,NA
ASVb7cdfc6dccd5,Bacteria,Chloroflexota,Ktedonobacteria,Ktedonobacterales,JG30-KF-AS9,NA,NA
ASV8df846b620df,Bacteria,Gemmatimonadota,Gemmatimonadia,Gemmatimonadales,Gemmatimonadaceae,NA,NA
ASVc43c0dd6b085,Bacteria,Chloroflexota,Ktedonobacteria,B10-SB3A,NA,NA,NA
ASVb6f03be6acb6,Bacteria,Chloroflexota,Chloroflexia,Thermomicrobiales,JG30-KF-CM45,NA,NA
ASVc67d4d83abad,Bacteria,Pseudomonadota,Alphaproteobacteria,Sphingomonadales,Sphingomonadaceae,Sphingobium,NA
ASVba505f9f3219,Bacteria,Gemmatimonadota,S0134 terrestrial group,NA,NA,NA,NA
ASVab43e030c5bf,Bacteria,Pseudomonadota,Alphaproteobacteria,Hyphomicrobiales,Rhizobiaceae,NA,NA
ASVc5cb5f3e3cef,Bacteria,Pseudomonadota,Alphaproteobacteria,Sphingomonadales,Sphingomonadaceae,Sphingobium,NA
ASV2f955d774395,Bacteria,Actinomycetota,Actinobacteria,Streptosporangiales,Thermomonosporaceae,Actinoallomurus,NA
ASV2cfa2f9d5188,Bacteria,Pseudomonadota,Alphaproteobacteria,Sphingomonadales,Sphingomonadaceae,NA,NA
ASVf585b9abd808,Bacteria,Pseudomonadota,Gammaproteobacteria,Pseudomonadales,NA,NA,NA
ASVed1e635a1176,Bacteria,Pseudomonadota,Alphaproteobacteria,Sphingomonadales,Sphingomonadaceae,NA,NA
ASVc990c3407229,Bacteria,Pseudomonadota,Alphaproteobacteria,Hyphomicrobiales,Rhizobiaceae,Aminobacter,NA
ASV46c2e6298ebc,Bacteria,Pseudomonadota,Gammaproteobacteria,Lysobacterales,Lysobacteraceae,Thermomonas,fusca
ASV425ff41c0cee,Bacteria,Pseudomonadota,Gammaproteobacteria,Lysobacterales,Lysobacteraceae,Thermomonas,fusca
ASVbd2d0659991c,Bacteria,Actinomycetota,Actinobacteria,Micrococcales,Microbacteriaceae,NA,NA
ASVdb7840507b23,Bacteria,Gemmatimonadota,Gemmatimonadia,Gemmatimonadales,Gemmatimonadaceae,NA,NA
ASV30f9fa21809c,Bacteria,Pseudomonadota,Gammaproteobacteria,Burkholderiales,Comamonadaceae,NA,NA
ASVedef43e88806,Bacteria,Myxococcota,Polyangiia,Polyangiales,Sandaracinaceae,Sandaracinus,amylolyticus
ASVada24f0a7c7e,Bacteria,Actinomycetota,Actinobacteria,Frankiales,Acidothermaceae,Acidothermus,NA
ASVdd37251cbb0c,Bacteria,Pseudomonadota,Gammaproteobacteria,Lysobacterales,Rhodanobacteraceae,Rhodanobacter,lindaniclasticus
ASVc033c9d0ff82,Bacteria,Chloroflexota,KD4-96,NA,NA,NA,NA
ASV56fe12851603,Bacteria,Pseudomonadota,Gammaproteobacteria,Burkholderiales,Chromobacteriaceae,Aquitalea,magnusonii
ASV1cedf12c315b,Bacteria,Pseudomonadota,Alphaproteobacteria,NA,NA,NA,NA
ASVcedd258f2bd8,Bacteria,Gemmatimonadota,Gemmatimonadia,Gemmatimonadales,Gemmatimonadaceae,Gemmatimonas,NA
ASV292ae51165d8,Bacteria,Gemmatimonadota,Gemmatimonadia,Gemmatimonadales,Gemmatimonadaceae,Gemmatimonas,NA
ASV5f5eb827568a,Bacteria,Pseudomonadota,Gammaproteobacteria,Gammaproteobacteria Incertae Sedis,Unknown Family,Acidibacter,NA
ASV773e255cd48f,Bacteria,Planctomycetota,Phycisphaerae,Tepidisphaerales,WD2101 soil group,NA,NA
ASVed06269aa5e1,Bacteria,Planctomycetota,Phycisphaerae,Tepidisphaerales,WD2101 soil group,NA,NA
ASVb6397e056dc5,Bacteria,Pseudomonadota,Alphaproteobacteria,Rickettsiales,Mitochondria,NA,NA
ASV9fc30079062d,Bacteria,Pseudomonadota,Gammaproteobacteria,Burkholderiales,Oxalobacteraceae,NA,NA
ASV47e41b4a277c,Bacteria,Planctomycetota,Phycisphaerae,Tepidisphaerales,WD2101 soil group,NA,NA
ASV0ae95413b597,Bacteria,Acidobacteriota,Acidobacteriae,Solibacterales,Solibacteraceae,Candidatus Solibacter,NA
ASVdd526d1bb668,Bacteria,Actinomycetota,Actinobacteria,Frankiales,Acidothermaceae,Acidothermus,NA
ASV23567df8f2e6,Bacteria,Acidobacteriota,Acidobacteriae,Terriglobales,Koribacteraceae,Candidatus Koribacter,NA
ASV978d5664262f,Bacteria,Verrucomicrobiota,Verrucomicrobiia,Pedosphaerales,Pedosphaeraceae,ADurb.Bin063-1,NA
ASV0b3d81ab5b43,Bacteria,Actinomycetota,Actinobacteria,Mycobacteriales,Mycobacteriaceae,Mycobacterium,celatum
ASV142e1308d9d9,Bacteria,Acidobacteriota,Acidobacteriae,Terriglobales,NA,NA,NA
ASV6c6a1bed6968,Bacteria,Verrucomicrobiota,Verrucomicrobiia,Pedosphaerales,Pedosphaeraceae,NA,NA
ASV4878f72108f6,Bacteria,Acidobacteriota,Acidobacteriae,Terriglobales,Acidobacteriaceae (Subgroup 1),NA,NA
ASV0eccb0d04384,Bacteria,Acidobacteriota,Acidobacteriae,Terriglobales,NA,NA,NA
ASVb3137c3bd8df,Bacteria,Pseudomonadota,Alphaproteobacteria,Caulobacterales,Caulobacteraceae,Phenylobacterium,NA
ASVb1da899ee0ea,Bacteria,NA,NA,NA,NA,NA,NA
ASV590762ce3c91,Bacteria,Actinomycetota,Thermoleophilia,Solirubrobacterales,Solirubrobacteraceae,Conexibacter,NA
ASV7496248a6a24,Bacteria,Chloroflexota,TK10,NA,NA,NA,NA
ASV2f12d8988613,Bacteria,Acidobacteriota,Vicinamibacteria,Vicinamibacterales,Vicinamibacteraceae,NA,NA
ASV3e05c4c00d63,Bacteria,Myxococcota,Polyangiia,Polyangiales,Sandaracinaceae,NA,NA
ASV27e71620046d,Bacteria,NA,NA,NA,NA,NA,NA
ASV9b0a191d76bc,Bacteria,NA,NA,NA,NA,NA,NA
ASV0f65c2a3fb0c,Bacteria,Bacteroidota,Bacteroidia,Sphingobacteriales,Sphingobacteriaceae,Mucilaginibacter,NA
ASVe3d15265f32a,Bacteria,Myxococcota,Myxococcia,Myxococcales,Myxococcaceae,P3OB-42,NA
ASV17fed3110499,Bacteria,Pseudomonadota,Alphaproteobacteria,Caulobacterales,Caulobacteraceae,NA,NA
ASVb47c0fef2fb8,Bacteria,Pseudomonadota,Gammaproteobacteria,Lysobacterales,Rhodanobacteraceae,Chujaibacter,NA
ASV3a7b47a46b57,Bacteria,Pseudomonadota,Alphaproteobacteria,Caulobacterales,Caulobacteraceae,Phenylobacterium,koreense
ASVd9bf305e63e2,Bacteria,Verrucomicrobiota,Verrucomicrobiia,Verrucomicrobiales,Rubritaleaceae,Luteolibacter,flavescens
ASVf1057deef3eb,Bacteria,Bacteroidota,Bacteroidia,Chitinophagales,Chitinophagaceae,Chitinophaga,NA
ASV8c388c78ae38,Bacteria,NA,NA,NA,NA,NA,NA
ASV487a9325a00f,Bacteria,Actinomycetota,Actinobacteria,Frankiales,Geodermatophilaceae,Modestobacter,NA
ASV769a9e178900,Bacteria,Planctomycetota,Planctomycetes,Isosphaerales,Isosphaeraceae,Paludisphaera,borealis
ASV4f10f966e8e9,Bacteria,Planctomycetota,Phycisphaerae,Tepidisphaerales,WD2101 soil group,NA,NA
ASV3a9df14d7d36,Bacteria,Pseudomonadota,Gammaproteobacteria,Lysobacterales,Rhodanobacteraceae,Chujaibacter,NA
ASVd3e87014ae7b,Bacteria,Actinomycetota,Actinobacteria,Frankiales,Nakamurellaceae,Nakamurella,NA
ASV53880119dad2,Archaea,Thermoproteota,Nitrososphaeria,Nitrososphaerales,Nitrososphaeraceae,Candidatus Nitrosocosmicus,NA
ASVb382b50b8861,Bacteria,Pseudomonadota,Alphaproteobacteria,Elsterales,NA,NA,NA
ASVe5f3dee1b8de,Bacteria,Pseudomonadota,Alphaproteobacteria,Acetobacterales,Acetobacteraceae,Rhodopila,NA
ASV65d25da9e403,Bacteria,Actinomycetota,Thermoleophilia,Solirubrobacterales,Solirubrobacteraceae,Baekduia,NA
ASVa5b9f204614f,Bacteria,Pseudomonadota,Gammaproteobacteria,Enterobacterales,Enterobacteriaceae,Kosakonia,sacchari
ASV2064368fd215,Bacteria,Patescibacteria,Saccharimonadia,Saccharimonadales,WWH38,NA,NA
ASVe996e50017c6,Bacteria,Pseudomonadota,Gammaproteobacteria,Lysobacterales,Rhodanobacteraceae,Chujaibacter,NA
ASVfe110fa68014,Bacteria,Patescibacteria,Saccharimonadia,Saccharimonadales,LWQ8,NA,NA
ASV3288d79852c6,Bacteria,Patescibacteria,Saccharimonadia,Saccharimonadales,WWH38,NA,NA
ASV4bea24db4e78,Bacteria,Pseudomonadota,Gammaproteobacteria,Steroidobacterales,Steroidobacteraceae,Steroidobacter,agariperforans
ASVea0c6dac92ee,Bacteria,Chloroflexota,Chloroflexia,Thermomicrobiales,JG30-KF-CM45,NA,NA
ASVf950de05e808,Bacteria,Patescibacteria,Saccharimonadia,Saccharimonadales,LWQ8,NA,NA
ASV0b8190c2ef58,Bacteria,Actinomycetota,Thermoleophilia,Gaiellales,NA,NA,NA
ASVb2ed06419946,Bacteria,Pseudomonadota,Alphaproteobacteria,Reyranellales,Reyranellaceae,Reyranella,NA
ASVf0748814ab70,Bacteria,Chloroflexota,Ktedonobacteria,Ktedonobacterales,JG30-KF-AS9,NA,NA
ASVc2b124352a0f,Bacteria,Acidobacteriota,Acidobacteriae,Terriglobales,Acidobacteriaceae (Subgroup 1),Terracidiphilus,NA
ASV33ca4e356c36,Bacteria,Pseudomonadota,Alphaproteobacteria,Reyranellales,Reyranellaceae,Reyranella,NA
ASV4f611745051b,Bacteria,Actinomycetota,Actinobacteria,Micrococcales,Microbacteriaceae,NA,NA
ASV78b15fa45b2b,Bacteria,Pseudomonadota,Alphaproteobacteria,Hyphomicrobiales,Rhizobiaceae,Aminobacter,NA
ASV8ee74d0f4d00,Bacteria,Acidobacteriota,Acidobacteriae,Terriglobales,NA,NA,NA
ASVce58857b43cc,Bacteria,Actinomycetota,Actinobacteria,Frankiales,Geodermatophilaceae,Geodermatophilus,NA
ASVf9ce3f29e0c0,Bacteria,Pseudomonadota,Gammaproteobacteria,Lysobacterales,Lysobacteraceae,Thermomonas,fusca
ASV7e569c89225c,Bacteria,Bacteroidota,Bacteroidia,Cytophagales,Microscillaceae,NA,NA
ASVd61c1a74033e,Bacteria,Pseudomonadota,Gammaproteobacteria,Gammaproteobacteria Incertae Sedis,Unknown Family,Acidibacter,NA
ASVee3150be2364,Bacteria,Bacillota,Bacilli,Bacillales,NA,NA,NA
ASV00a1fa134968,Bacteria,Pseudomonadota,Gammaproteobacteria,Lysobacterales,Rhodanobacteraceae,Mizugakiibacter,NA
ASVe00302c2578e,Bacteria,Actinomycetota,Actinobacteria,Frankiales,Acidothermaceae,Acidothermus,NA
ASVa7438293024b,Bacteria,Pseudomonadota,Gammaproteobacteria,Burkholderiales,Burkholderiaceae,Burkholderia-Caballeronia-Paraburkholderia,NA
ASVc1eabfad42f3,Bacteria,Pseudomonadota,Alphaproteobacteria,Elsterales,NA,NA,NA
ASVeaa5f0a57130,Bacteria,NA,NA,NA,NA,NA,NA
ASVd52324eb1a09,Bacteria,Pseudomonadota,Gammaproteobacteria,Enterobacterales,Enterobacteriaceae,Kosakonia,sacchari
ASV082f5472275c,Bacteria,Actinomycetota,Actinobacteria,Catenulisporales,Actinospicaceae,NA,NA
ASV235f5718a258,Bacteria,Acidobacteriota,Acidobacteriae,Terriglobales,NA,NA,NA
ASV3d8d577f71c2,Bacteria,Candidatus Eremiobacterota,Eremiobacteria,NA,NA,NA,NA
ASV52bd12628729,Bacteria,Actinomycetota,Thermoleophilia,Gaiellales,NA,NA,NA
ASV369be68688de,Bacteria,Gemmatimonadota,Gemmatimonadia,Gemmatimonadales,Gemmatimonadaceae,Gemmatimonas,NA
ASV40cfa4288e24,Bacteria,Gemmatimonadota,Gemmatimonadia,Gemmatimonadales,Gemmatimonadaceae,Gemmatimonas,NA
ASV324932e6e0a2,Bacteria,Acidobacteriota,Acidobacteriae,Bryobacterales,Bryobacteraceae,Bryobacter,NA
ASVb5c6cb03aabc,Bacteria,Acidobacteriota,Acidobacteriae,Solibacterales,Solibacteraceae,Candidatus Solibacter,NA
ASVd1110f5445dd,Bacteria,Planctomycetota,Phycisphaerae,Tepidisphaerales,WD2101 soil group,NA,NA
ASV1adfa1f5d346,Bacteria,Actinomycetota,Actinobacteria,Frankiales,Geodermatophilaceae,NA,NA
ASVba02b7ddbdba,Bacteria,Actinomycetota,Actinobacteria,Frankiales,Acidothermaceae,Acidothermus,NA
ASV4fa36b6c2b7a,Bacteria,Planctomycetota,Planctomycetes,Isosphaerales,Isosphaeraceae,Tautonia,NA
ASV6ec387e72efc,Bacteria,Actinomycetota,Thermoleophilia,Solirubrobacterales,67-14,NA,NA
ASVc91e8553b677,Bacteria,Gemmatimonadota,Gemmatimonadia,Gemmatimonadales,Gemmatimonadaceae,NA,NA
ASV09e0d41a555c,Bacteria,Actinomycetota,Acidimicrobiia,Microtrichales,Ilumatobacteraceae,NA,NA
ASVb87a32f1d0ed,Bacteria,Actinomycetota,Thermoleophilia,Gaiellales,NA,NA,NA
ASV3c515dc43496,Bacteria,Chloroflexota,Chloroflexia,Thermomicrobiales,Thermomicrobiaceae,Nitrolancea,NA
ASV9b769d8d4134,Bacteria,Pseudomonadota,Gammaproteobacteria,Burkholderiales,Rhodocyclaceae,Dechlorobacter,NA
ASV94ec9b426062,Bacteria,RCP2-54,NA,NA,NA,NA,NA
ASV36eac5318ed0,Bacteria,Chloroflexota,Ktedonobacteria,Ktedonobacterales,JG30-KF-AS9,NA,NA
ASV49f5b4178da8,Bacteria,Acidobacteriota,Acidobacteriae,Terriglobales,Koribacteraceae,Candidatus Koribacter,NA
ASV083245935244,Bacteria,Actinomycetota,Actinobacteria,Frankiales,Acidothermaceae,Acidothermus,NA
ASVb16840413cad,Bacteria,Acidobacteriota,Acidobacteriae,Bryobacterales,Bryobacteraceae,Bryobacter,NA
ASV1103be718e01,Bacteria,Planctomycetota,Planctomycetes,Gemmatales,Gemmataceae,NA,NA
ASVbc7541daa9af,Bacteria,Acidobacteriota,Acidobacteriae,Terriglobales,NA,NA,NA
ASVb30a0127f71b,Bacteria,Pseudomonadota,Alphaproteobacteria,Sphingomonadales,Sphingomonadaceae,NA,NA
ASV470e7a01d54d,Bacteria,Bacteroidota,Bacteroidia,Sphingobacteriales,Sphingobacteriaceae,Mucilaginibacter,NA
ASV86b1c06c34d0,Bacteria,Chloroflexota,Ktedonobacteria,B12-WMSP1,NA,NA,NA
ASV9cd51d654a27,Bacteria,Verrucomicrobiota,Verrucomicrobiia,Opitutales,Opitutaceae,Opitutus,NA
ASVd901f8bb3814,Bacteria,Verrucomicrobiota,Verrucomicrobiia,Pedosphaerales,Pedosphaeraceae,Ellin516,NA
ASV1b62f472acfb,Bacteria,Pseudomonadota,Alphaproteobacteria,Hyphomicrobiales,Beijerinckiaceae,Roseiarcus,NA
ASVf8bab9051f36,Bacteria,Planctomycetota,Phycisphaerae,Tepidisphaerales,WD2101 soil group,NA,NA
ASV33e785088902,Bacteria,Chloroflexota,Ktedonobacteria,C0119,NA,NA,NA
ASVd53c1798d875,Bacteria,Actinomycetota,Actinobacteria,Mycobacteriales,Mycobacteriaceae,Mycobacterium,celatum
ASVf444eb71cbcc,Bacteria,Nitrospirota,Nitrospiria,Nitrospirales,Nitrospiraceae,Nitrospira,NA
ASV978c369bfd7d,Bacteria,Pseudomonadota,Gammaproteobacteria,Burkholderiales,Alcaligenaceae,Bordetella,NA
ASV806083093c9b,Bacteria,Chloroflexota,Chloroflexia,Chloroflexales,Roseiflexaceae,NA,NA
ASVcbe7bfe82089,Bacteria,RCP2-54,NA,NA,NA,NA,NA
ASV99cbb1c73cca,Bacteria,Pseudomonadota,Gammaproteobacteria,Lysobacterales,Rhodanobacteraceae,Dokdonella,NA
ASV5655f9c07b3c,Bacteria,Armatimonadota,Chthonomonadia,Chthonomonadales,Chthonomonadaceae,Chthonomonas,NA
ASV270e71d60124,Bacteria,Chloroflexota,Chloroflexia,Thermomicrobiales,JG30-KF-CM45,NA,NA
ASV904a8e362ba9,Bacteria,Chloroflexota,Ktedonobacteria,Ktedonobacterales,JG30-KF-AS9,NA,NA
ASVd3c716aa245b,Bacteria,Pseudomonadota,Gammaproteobacteria,Gammaproteobacteria Incertae Sedis,Unknown Family,Acidibacter,NA
ASV231a9f60e996,Bacteria,NA,NA,NA,NA,NA,NA
ASV2e9fc268e9df,Bacteria,Gemmatimonadota,Gemmatimonadia,Gemmatimonadales,Gemmatimonadaceae,NA,NA
ASV072e9c8648fb,Bacteria,Acidobacteriota,Acidobacteriae,Terriglobales,Acidobacteriaceae (Subgroup 1),NA,NA
ASV8823aa369855,Bacteria,Chloroflexota,Chloroflexia,Thermomicrobiales,JG30-KF-CM45,NA,NA
ASVb20aeb9a4caf,Bacteria,Pseudomonadota,Gammaproteobacteria,Gammaproteobacteria Incertae Sedis,Unknown Family,Acidibacter,NA
ASVf7f6a908d4af,Bacteria,Pseudomonadota,Alphaproteobacteria,Reyranellales,Reyranellaceae,Reyranella,NA
ASVe88239742872,Bacteria,Verrucomicrobiota,Verrucomicrobiia,Opitutales,Opitutaceae,NA,NA
ASVd26c31ff8d17,Bacteria,Patescibacteria,Saccharimonadia,Saccharimonadales,NA,NA,NA
ASV3de6f221ddf2,Bacteria,Verrucomicrobiota,Verrucomicrobiia,Chthoniobacterales,Chthoniobacteraceae,Chthoniobacter,NA
ASVb9e966583951,Bacteria,Actinomycetota,Actinobacteria,Micrococcales,Intrasporangiaceae,NA,NA
ASV3e50a35d0f26,Bacteria,Pseudomonadota,Alphaproteobacteria,Hyphomicrobiales,Rhizobiaceae,NA,NA
ASV5a12c8f3205d,Bacteria,Bacteroidota,Bacteroidia,Cytophagales,Spirosomataceae,Persicitalea,NA
ASV36d8eebd3410,Bacteria,Pseudomonadota,Gammaproteobacteria,Burkholderiales,Alcaligenaceae,Pusillibacter,NA
ASV2d52123b2670,Bacteria,Pseudomonadota,Gammaproteobacteria,Pseudomonadales,NA,NA,NA
ASV155e03e45104,Bacteria,Pseudomonadota,Alphaproteobacteria,Hyphomicrobiales,Rhizobiaceae,NA,NA
ASV4329861b1997,Bacteria,Pseudomonadota,Gammaproteobacteria,Burkholderiales,Rhodocyclaceae,Oryzomicrobium,NA
ASV1321e86c653b,Bacteria,Pseudomonadota,Gammaproteobacteria,Lysobacterales,Lysobacteraceae,Luteimonas,marina
ASVf558b7940a95,Bacteria,Pseudomonadota,Gammaproteobacteria,Burkholderiales,Comamonadaceae,NA,NA
ASVdb37cc7430b8,Bacteria,Pseudomonadota,Gammaproteobacteria,Lysobacterales,Lysobacteraceae,Thermomonas,NA
ASVc1763d688d1e,Bacteria,Gemmatimonadota,Longimicrobiia,Longimicrobiales,Longimicrobiaceae,NA,NA
ASV265e7baeb09b,Bacteria,Pseudomonadota,Gammaproteobacteria,Lysobacterales,Lysobacteraceae,Pseudoxanthomonas,suwonensis
ASV0612d174bc8a,Bacteria,Actinomycetota,Actinobacteria,Kitasatosporales,Streptomycetaceae,Streptomyces,NA
ASV42db54ea615b,Bacteria,Pseudomonadota,Alphaproteobacteria,Sphingomonadales,Sphingomonadaceae,Sphingobium,herbicidovorans
ASV4b5bf54bced2,Bacteria,Chloroflexota,Chloroflexia,Thermomicrobiales,Thermomicrobiaceae,Sphaerobacter,NA
ASV22f237b717c8,Bacteria,Chloroflexota,NA,NA,NA,NA,NA
ASV25c36b74d538,Bacteria,Actinomycetota,Actinobacteria,Frankiales,Acidothermaceae,Acidothermus,NA
ASV6e35a2f16ec0,Bacteria,Pseudomonadota,Alphaproteobacteria,Elsterales,NA,NA,NA
ASVa3a7c0235f6c,Bacteria,Actinomycetota,Actinobacteria,Frankiales,Acidothermaceae,Acidothermus,NA
ASV3dbcc8127f0f,Bacteria,Pseudomonadota,Gammaproteobacteria,Gammaproteobacteria Incertae Sedis,Unknown Family,Acidibacter,NA
ASV4121efcb1b96,Bacteria,Planctomycetota,Phycisphaerae,Tepidisphaerales,WD2101 soil group,NA,NA
ASV449e8e00465b,Bacteria,Pseudomonadota,Gammaproteobacteria,Burkholderiales,Rhodocyclaceae,NA,NA
ASV962129e8c504,Bacteria,Acidobacteriota,Acidobacteriae,Terriglobales,NA,NA,NA
ASV97189f82c6b9,Bacteria,Acidobacteriota,Acidobacteriae,Terriglobales,NA,NA,NA
ASVf19c75fba4fa,Bacteria,Acidobacteriota,Acidobacteriae,Terriglobales,NA,NA,NA
ASVb62621c63f05,Bacteria,Acidobacteriota,Acidobacteriae,Bryobacterales,Bryobacteraceae,Bryobacter,NA
ASVd91303435a16,Bacteria,Actinomycetota,Actinobacteria,Pseudonocardiales,Pseudonocardiaceae,Actinophytocola,NA
ASV8f50cf2a65d4,Bacteria,Chloroflexota,Ktedonobacteria,Ktedonobacterales,JG30-KF-AS9,NA,NA
ASVc978ab928fee,Bacteria,Thermodesulfobacteriota,NA,NA,NA,NA,NA
ASVf0e31209dde8,Bacteria,Acidobacteriota,Vicinamibacteria,Vicinamibacterales,Vicinamibacteraceae,NA,NA
ASVef9754f8bfef,Bacteria,Pseudomonadota,Gammaproteobacteria,Burkholderiales,Rhodocyclaceae,NA,NA
ASV50f3f190d4ac,Bacteria,Gemmatimonadota,Gemmatimonadia,Gemmatimonadales,Gemmatimonadaceae,NA,NA
ASV2e150b222128,Bacteria,Pseudomonadota,Gammaproteobacteria,Burkholderiales,Oxalobacteraceae,Duganella,NA
ASVeff8626d8243,Bacteria,Actinomycetota,Actinobacteria,Frankiales,Acidothermaceae,Acidothermus,NA
ASV8a6e03fad343,Bacteria,Actinomycetota,Actinobacteria,Micromonosporales,Micromonosporaceae,NA,NA
ASV1164e5831686,Bacteria,Bacteroidota,Bacteroidia,Sphingobacteriales,Sphingobacteriaceae,Mucilaginibacter,NA
ASV7261e9bcf494,Bacteria,Acidobacteriota,Acidobacteriae,Terriglobales,NA,NA,NA
ASV4351ea9440b6,Bacteria,Chloroflexota,NA,NA,NA,NA,NA
ASVd9ae5bff01ef,Bacteria,Chloroflexota,Chloroflexia,Thermomicrobiales,JG30-KF-CM45,NA,NA
ASV1ab3933b5d5c,Bacteria,Patescibacteria,Saccharimonadia,Saccharimonadales,NA,NA,NA
ASVa345b7e5d2f2,Bacteria,Verrucomicrobiota,Verrucomicrobiia,Chthoniobacterales,Chthoniobacteraceae,Chthoniobacter,NA
ASV2da1c71cca68,Bacteria,Chloroflexota,Ktedonobacteria,C0119,NA,NA,NA
ASV72bb477dec60,Bacteria,Pseudomonadota,Gammaproteobacteria,Lysobacterales,Rhodanobacteraceae,Dyella,nitratireducens
ASV42ef07d78de9,Bacteria,Pseudomonadota,Alphaproteobacteria,Micropepsales,Micropepsaceae,NA,NA
ASVf7b9f0f03185,Bacteria,Actinomycetota,Actinobacteria,Catenulisporales,Catenulisporaceae,Catenulispora,acidiphila
ASV3b5817b4795e,Bacteria,Pseudomonadota,Alphaproteobacteria,Sphingomonadales,Sphingomonadaceae,Sphingomonas,NA
ASV914624013566,Bacteria,Bacteroidota,Bacteroidia,Sphingobacteriales,Sphingobacteriaceae,Mucilaginibacter,NA
ASV9cf2d7dac6af,Bacteria,Pseudomonadota,Alphaproteobacteria,Hyphomicrobiales,Xanthobacteraceae,NA,NA
ASV3436be345f0f,Bacteria,Gemmatimonadota,Gemmatimonadia,Gemmatimonadales,Gemmatimonadaceae,NA,NA
ASV79a87fcbb74d,Bacteria,Pseudomonadota,Gammaproteobacteria,Lysobacterales,Lysobacteraceae,Stenotrophomonas,panacihumi
ASVdb9da575e46c,Bacteria,Gemmatimonadota,Gemmatimonadia,Gemmatimonadales,Gemmatimonadaceae,Gemmatimonas,NA
ASV954fe3df6d47,Bacteria,Pseudomonadota,Gammaproteobacteria,Burkholderiales,Comamonadaceae,Variovorax,NA
ASV4dda05a9c775,Bacteria,Pseudomonadota,Gammaproteobacteria,Lysobacterales,Rhodanobacteraceae,Dokdonella,NA
ASV4705e1301c7d,Bacteria,Verrucomicrobiota,Verrucomicrobiia,Pedosphaerales,Pedosphaeraceae,NA,NA
ASVc77a564881a1,Bacteria,Pseudomonadota,Gammaproteobacteria,Lysobacterales,Rhodanobacteraceae,Dyella,NA
ASVe3cf95ebfc02,Bacteria,Pseudomonadota,Alphaproteobacteria,Sphingomonadales,Sphingomonadaceae,Sphingomonas,NA
ASV0e307d72504e,Bacteria,Bacteroidota,Bacteroidia,Chitinophagales,Chitinophagaceae,Terrimonas,NA
ASVe8b1d1b552d3,Bacteria,Actinomycetota,Acidimicrobiia,Acidimicrobiales,Acidimicrobiaceae,NA,NA
ASVd93891d21fdc,Bacteria,Actinomycetota,Thermoleophilia,Gaiellales,NA,NA,NA
ASVc5fa42ed49ec,Bacteria,Patescibacteria,Saccharimonadia,Saccharimonadales,WWH38,NA,NA
ASVe7da132e456f,Bacteria,Actinomycetota,Actinobacteria,Micrococcales,Microbacteriaceae,Microcella,NA
ASVe472c2eb74f8,Bacteria,Chloroflexota,Ktedonobacteria,Ktedonobacterales,JG30-KF-AS9,NA,NA
ASV7dd03d79b8fd,Bacteria,Bdellovibrionota,Oligoflexia,0319-6G20,NA,NA,NA
ASV8886b6fc6250,Bacteria,Pseudomonadota,Gammaproteobacteria,KF-JG30-C25,NA,NA,NA
ASV60043df4dd57,Bacteria,Actinomycetota,Actinobacteria,Streptosporangiales,Streptosporangiales Incertae Sedis,Motilibacter,NA
ASV36b8db4d344e,Bacteria,Gemmatimonadota,Gemmatimonadia,Gemmatimonadales,Gemmatimonadaceae,Roseisolibacter,NA
ASVa1bec055868e,Bacteria,Actinomycetota,Thermoleophilia,Solirubrobacterales,Solirubrobacteraceae,Conexibacter,NA
ASVf820e8117e67,Bacteria,Myxococcota,Polyangiia,Polyangiales,Polyangiaceae,Pajaroellobacter,NA
ASV26f92864c447,Bacteria,Myxococcota,Polyangiia,Polyangiales,BIrii41,NA,NA
ASV7bf3e7e1ff9b,Bacteria,Pseudomonadota,Gammaproteobacteria,Lysobacterales,Rhodanobacteraceae,Rhodanobacter,NA
ASV30be9d37cac4,Bacteria,Pseudomonadota,Gammaproteobacteria,Lysobacterales,Rhodanobacteraceae,Rhodanobacter,lindaniclasticus
ASV59128d611b25,Bacteria,Pseudomonadota,Gammaproteobacteria,Gammaproteobacteria Incertae Sedis,Unknown Family,Acidibacter,NA
ASVc60fcd406e90,Bacteria,Acidobacteriota,Acidobacteriae,Terriglobales,Acidobacteriaceae (Subgroup 1),NA,NA
ASVff9839ff44e3,Bacteria,Gemmatimonadota,Gemmatimonadia,Gemmatimonadales,Gemmatimonadaceae,Gemmatimonas,NA
ASVd9d5737bce36,Bacteria,Chloroflexota,Chloroflexia,Thermomicrobiales,Thermomicrobiaceae,Nitrolancea,NA
ASV61092a1a2d61,Bacteria,Acidobacteriota,Acidobacteriae,Terriglobales,Acidobacteriaceae (Subgroup 1),NA,NA
ASV10307ad4bd00,Bacteria,NA,NA,NA,NA,NA,NA
ASV7ec58dc7ea51,Bacteria,Actinomycetota,Thermoleophilia,Gaiellales,NA,NA,NA
ASVe606d18f7950,Bacteria,Chloroflexota,Ktedonobacteria,B12-WMSP1,NA,NA,NA
ASVa549e7141e70,Bacteria,Bacteroidota,Bacteroidia,Chitinophagales,Chitinophagaceae,Puia,NA
ASV9b2c9b2eb1c5,Bacteria,Gemmatimonadota,Gemmatimonadia,Gemmatimonadales,Gemmatimonadaceae,Gemmatimonas,NA
ASVfd4f1bc0e180,Bacteria,Chloroflexota,Ktedonobacteria,B10-SB3A,NA,NA,NA
ASV1a32c2df60ae,Bacteria,Actinomycetota,Thermoleophilia,Solirubrobacterales,Solirubrobacteraceae,Conexibacter,NA
ASV6b42da6dbb2b,Bacteria,Pseudomonadota,Gammaproteobacteria,Burkholderiales,Alcaligenaceae,Pusillibacter,NA
ASVccc5e6c77883,Bacteria,Pseudomonadota,Alphaproteobacteria,Hyphomicrobiales,Devosiaceae,Devosia,riboflavina
ASVa55387e9e446,Bacteria,Pseudomonadota,Alphaproteobacteria,Micropepsales,Micropepsaceae,NA,NA
ASV75dc8cb4c35d,Bacteria,Myxococcota,Polyangiia,Haliangiales,Haliangiaceae,NA,NA
ASVa7b5513f4191,Bacteria,Bacteroidota,Bacteroidia,Chitinophagales,Chitinophagaceae,Gynurincola,NA
ASVbd6d1f82cd6b,Bacteria,Bdellovibrionota,Bdellovibrionia,Bdellovibrionales,Pseudobdellovibrionaceae,OM27 clade,NA
ASVa6703b160950,Bacteria,Pseudomonadota,Alphaproteobacteria,Hyphomicrobiales,Xanthobacteraceae,Pseudolabrys,NA
ASV13b2637f082b,Bacteria,Pseudomonadota,Gammaproteobacteria,Pseudomonadales,NA,NA,NA
ASVaf14f85016b8,Bacteria,Chloroflexota,TK10,NA,NA,NA,NA
ASV2140ebb1cbd3,Bacteria,Pseudomonadota,Gammaproteobacteria,Burkholderiales,Oxalobacteraceae,Lacisediminimonas,NA
ASV9b3cbb029b9f,Bacteria,Pseudomonadota,Gammaproteobacteria,Lysobacterales,Lysobacteraceae,Stenotrophomonas,acidaminiphila
ASV6b74b9090391,Bacteria,Actinomycetota,Actinobacteria,Streptosporangiales,Thermomonosporaceae,Actinomadura,meyerae
ASVf9f8d0c773e8,Bacteria,Pseudomonadota,Alphaproteobacteria,Sphingomonadales,Sphingomonadaceae,Sphingobium,NA
ASVeca7214e0d3a,Bacteria,Planctomycetota,Planctomycetes,Pirellulales,Pirellulaceae,Roseimaritima,NA
ASVbe6477c8dd79,Bacteria,Bacteroidota,Bacteroidia,Chitinophagales,Chitinophagaceae,Flavisolibacter,NA
ASVcd66186d4195,Bacteria,Pseudomonadota,Alphaproteobacteria,Rhodospirillales,Rhodospirillaceae,NA,NA
ASV152bbbeb1642,Bacteria,Pseudomonadota,Gammaproteobacteria,Burkholderiales,Alcaligenaceae,Pusillibacter,NA
ASVf6e1f4bc7eee,Bacteria,Pseudomonadota,Gammaproteobacteria,Burkholderiales,Rhodocyclaceae,NA,NA
ASVdaf9dc35d2bc,Bacteria,Pseudomonadota,Gammaproteobacteria,Lysobacterales,Lysobacteraceae,Thermomonas,fusca
ASV5bfe053a3322,Bacteria,Pseudomonadota,Gammaproteobacteria,Burkholderiales,Alcaligenaceae,Pusillimonas,NA
ASV104dd2c8e5a1,Bacteria,Pseudomonadota,Gammaproteobacteria,Burkholderiales,Oxalobacteraceae,NA,NA
ASV0ff66e839eb2,Bacteria,Patescibacteria,Saccharimonadia,Saccharimonadales,NA,NA,NA
ASV4aa95d027723,Bacteria,Chloroflexota,Ktedonobacteria,Ktedonobacterales,JG30-KF-AS9,NA,NA
ASV47ac510cd7ad,Bacteria,Actinomycetota,Thermoleophilia,Gaiellales,NA,NA,NA
ASVb03e84a3f851,Bacteria,Acidobacteriota,Acidobacteriae,Solibacterales,Solibacteraceae,Candidatus Solibacter,NA
ASV6de617e0d041,Bacteria,Gemmatimonadota,Gemmatimonadia,Gemmatimonadales,Gemmatimonadaceae,NA,NA
ASV86c11e4fa72d,Bacteria,Actinomycetota,Actinobacteria,Pseudonocardiales,Pseudonocardiaceae,Lentzea,NA
ASV7a95a400a334,Bacteria,Armatimonadota,Chthonomonadia,Chthonomonadales,NA,NA,NA
ASV464da6e4deb3,Bacteria,Acidobacteriota,Acidobacteriae,Terriglobales,Koribacteraceae,Candidatus Koribacter,NA
ASV7fb00e4312a4,Bacteria,Gemmatimonadota,Gemmatimonadia,Gemmatimonadales,Gemmatimonadaceae,Gemmatimonas,NA
ASV3129f9e0407c,Bacteria,Chloroflexota,Chloroflexia,Thermomicrobiales,JG30-KF-CM45,NA,NA
ASV2b1a2a7b90a3,Bacteria,Chloroflexota,Chloroflexia,Thermomicrobiales,Thermomicrobiaceae,NA,NA
ASVb7a131788fc2,Bacteria,Pseudomonadota,Alphaproteobacteria,Acetobacterales,Acetobacteraceae,Acidicaldus,NA
ASV8dc7dd0fbeee,Bacteria,Gemmatimonadota,Gemmatimonadia,Gemmatimonadales,Gemmatimonadaceae,NA,NA
ASVfe68bd81b9ce,Bacteria,Actinomycetota,Actinobacteria,Frankiales,Acidothermaceae,Acidothermus,NA
ASV8904b47df70a,Bacteria,Pseudomonadota,Gammaproteobacteria,Burkholderiales,Nitrosomonadaceae,Ellin6067,NA
ASV37ad9a29185e,Bacteria,Actinomycetota,Thermoleophilia,Solirubrobacterales,Solirubrobacteraceae,Conexibacter,NA
ASVdb002256382f,Bacteria,Gemmatimonadota,Gemmatimonadia,Gemmatimonadales,Gemmatimonadaceae,Gemmatimonas,NA
ASV67d945a9cb09,Bacteria,Planctomycetota,Phycisphaerae,Tepidisphaerales,WD2101 soil group,NA,NA
ASVacc860c12a3f,Bacteria,Planctomycetota,Phycisphaerae,Tepidisphaerales,WD2101 soil group,NA,NA
ASV5232cf4c6dac,Bacteria,Pseudomonadota,Gammaproteobacteria,Burkholderiales,Comamonadaceae,Delftia,NA
ASV9e09386249d0,Bacteria,Pseudomonadota,Alphaproteobacteria,Caulobacterales,Caulobacteraceae,Asticcacaulis,NA
ASV2feceb0fbcdd,Bacteria,Acidobacteriota,Acidobacteriae,Terriglobales,NA,NA,NA
ASVa21c89bd094c,Bacteria,Chloroflexota,Chloroflexia,Thermomicrobiales,JG30-KF-CM45,NA,NA
ASVbfac6393208d,Bacteria,Actinomycetota,Actinobacteria,Micromonosporales,Micromonosporaceae,Actinoplanes,NA
ASVfb4239e7939e,Bacteria,Pseudomonadota,Alphaproteobacteria,Acetobacterales,Acetobacteraceae,Acidicaldus,NA
ASVb12a2c7a58ed,Bacteria,Planctomycetota,Planctomycetes,Isosphaerales,Isosphaeraceae,Singulisphaera,NA
ASVbb80821658c2,Bacteria,Myxococcota,Polyangiia,Polyangiales,Polyangiaceae,Pajaroellobacter,NA
ASVa79b7869fdf0,Bacteria,Pseudomonadota,Gammaproteobacteria,Lysobacterales,Lysobacteraceae,Stenotrophomonas,acidaminiphila
ASV4331f8b1a9a5,Bacteria,Bacteroidota,Bacteroidia,Chitinophagales,Chitinophagaceae,NA,NA
ASVe20c7b4b78dc,Bacteria,Armatimonadota,Chthonomonadia,Chthonomonadales,NA,NA,NA
ASVfdfea4d27e65,Bacteria,Pseudomonadota,Alphaproteobacteria,Micropepsales,Micropepsaceae,Micropepsis,NA
ASV423567d14a6f,Bacteria,Pseudomonadota,Gammaproteobacteria,Lysobacterales,Rhodanobacteraceae,Mizugakiibacter,NA
ASVa7e03e593b39,Bacteria,Actinomycetota,Actinobacteria,Micrococcales,Microbacteriaceae,NA,NA
ASV0509155176cb,Bacteria,Bacteroidota,Bacteroidia,Chitinophagales,Chitinophagaceae,Flaviaestuariibacter,NA
ASV72a9923f9b6f,Bacteria,Pseudomonadota,Alphaproteobacteria,Caulobacterales,Caulobacteraceae,Asticcacaulis,NA
ASV4a6e9cbed451,Bacteria,Chloroflexota,Ktedonobacteria,Ktedonobacterales,Ktedonobacteraceae,NA,NA
ASVb485a5ce05c0,Bacteria,Pseudomonadota,Alphaproteobacteria,Hyphomicrobiales,D05-2,NA,NA
ASV5fa1ad633f83,Bacteria,Bdellovibrionota,Oligoflexia,0319-6G20,NA,NA,NA
ASV962dc99f458a,Bacteria,Myxococcota,Myxococcia,Myxococcales,Myxococcaceae,NA,NA
ASVf1413ebedf24,Bacteria,Pseudomonadota,Gammaproteobacteria,Lysobacterales,Rhodanobacteraceae,Dokdonella,ginsengisoli
ASVf6b2b3bbd430,Bacteria,Patescibacteria,Saccharimonadia,Saccharimonadales,NA,NA,NA
ASV2ba0a48b4230,Bacteria,Patescibacteria,Saccharimonadia,Saccharimonadales,LWQ8,NA,NA
ASV71aa65b9dbb4,Bacteria,Chloroflexota,Chloroflexia,Thermomicrobiales,NA,NA,NA
ASVbe3d8d89e431,Bacteria,Myxococcota,Myxococcia,Myxococcales,Myxococcaceae,P3OB-42,NA
ASV08590fd49e76,Bacteria,Pseudomonadota,Alphaproteobacteria,Hyphomicrobiales,Rhizobiaceae,NA,NA
ASV3c8d986fed56,Bacteria,Actinomycetota,Actinobacteria,Frankiales,Frankiaceae,Jatrophihabitans,NA
ASVc7832f9ec9c9,Bacteria,Actinomycetota,Thermoleophilia,Gaiellales,NA,NA,NA
ASV51bf9bbdef2d,Bacteria,Bacteroidota,Bacteroidia,Sphingobacteriales,Sphingobacteriaceae,Parapedobacter,NA
ASV20c2c4a220ea,Bacteria,Pseudomonadota,Alphaproteobacteria,Sphingomonadales,Sphingomonadaceae,NA,NA
ASV39884b96cfdb,Bacteria,Pseudomonadota,Alphaproteobacteria,Hyphomicrobiales,Rhizobiaceae,NA,NA
ASV69f9af3b0f8d,Bacteria,Pseudomonadota,Gammaproteobacteria,Pseudomonadales,Pseudomonadaceae,Pseudomonas,stutzeri
ASVc5189c70ce68,Bacteria,Pseudomonadota,Gammaproteobacteria,Lysobacterales,Lysobacteraceae,Thermomonas,fusca
ASVf1d270a44485,Bacteria,Pseudomonadota,Gammaproteobacteria,Burkholderiales,Rhodocyclaceae,Oryzomicrobium,NA
ASV173e0e0ae5f8,Bacteria,Patescibacteria,Saccharimonadia,Saccharimonadales,LWQ8,NA,NA
ASVc46006d2199f,Bacteria,Planctomycetota,Planctomycetes,Isosphaerales,Isosphaeraceae,Tautonia,NA
ASVc03524e501c6,Bacteria,Patescibacteria,Saccharimonadia,Saccharimonadales,NA,NA,NA
ASVa930348d9598,Bacteria,Actinomycetota,Thermoleophilia,Solirubrobacterales,Solirubrobacteraceae,Conexibacter,NA
ASV01424c329137,Bacteria,Actinomycetota,Actinobacteria,Frankiales,Acidothermaceae,Acidothermus,NA
ASV7a5d4b59e2b9,Bacteria,RCP2-54,NA,NA,NA,NA,NA
ASV031f376c15be,Bacteria,Actinomycetota,Actinobacteria,Micrococcales,Intrasporangiaceae,Oryzihumus,NA
ASVc71835633e39,Bacteria,Planctomycetota,Phycisphaerae,Tepidisphaerales,CPla-3 termite group,NA,NA
ASVa6e6197b9035,Bacteria,NA,NA,NA,NA,NA,NA
ASV5b0e7811e467,Bacteria,Gemmatimonadota,Gemmatimonadia,Gemmatimonadales,Gemmatimonadaceae,Gemmatimonas,NA
ASV695e2a00c8c0,Bacteria,Pseudomonadota,Alphaproteobacteria,Acetobacterales,Acetobacteraceae,Acidisoma,NA
ASV9ecd0aeba3fc,Bacteria,Pseudomonadota,Gammaproteobacteria,Burkholderiales,Oxalobacteraceae,Herbaspirillum,NA
ASVfa86973ff975,Bacteria,Pseudomonadota,Gammaproteobacteria,Burkholderiales,Nitrosomonadaceae,Ellin6067,NA
ASV5e13d6c10b86,Bacteria,Myxococcota,Polyangiia,Polyangiales,Polyangiaceae,Pajaroellobacter,NA
ASV430fc43500d1,Bacteria,Chloroflexota,KD4-96,NA,NA,NA,NA
ASVe675ccbe55fe,Bacteria,Chloroflexota,Gitt-GS-136,NA,NA,NA,NA
ASV5c7680138030,Bacteria,NA,NA,NA,NA,NA,NA
ASV49dbcaa9c0cb,Bacteria,Acidobacteriota,Acidobacteriae,Subgroup 2,NA,NA,NA
ASVd8658e5682f9,Bacteria,Pseudomonadota,Alphaproteobacteria,Acetobacterales,Acetobacteraceae,NA,NA
ASV67fd2be46f7a,Bacteria,Actinomycetota,Actinobacteria,Catenulisporales,Catenulisporaceae,Catenulispora,acidiphila
ASV052caf3ce7fd,Bacteria,Chloroflexota,Chloroflexia,Thermomicrobiales,JG30-KF-CM45,NA,NA
ASV03821f65cee3,Bacteria,Actinomycetota,Actinobacteria,Micrococcales,Microbacteriaceae,NA,NA
ASVa9675c13ce9c,Bacteria,Pseudomonadota,Gammaproteobacteria,Lysobacterales,Rhodanobacteraceae,Dyella,NA
ASV3ff880d0c33e,Bacteria,Chloroflexota,Chloroflexia,NA,NA,NA,NA
ASV838cbb550014,Bacteria,Pseudomonadota,Gammaproteobacteria,Burkholderiales,Oxalobacteraceae,Herbaspirillum,NA
ASV95ad58c9ba26,Bacteria,Pseudomonadota,Gammaproteobacteria,Burkholderiales,Oxalobacteraceae,Herbaspirillum,huttiense
ASV3d10665c053f,Bacteria,Pseudomonadota,Alphaproteobacteria,Caulobacterales,Caulobacteraceae,NA,NA
ASV985a1462ed55,Bacteria,Pseudomonadota,Alphaproteobacteria,Micropepsales,Micropepsaceae,NA,NA
ASV2e86db7ebef9,Bacteria,Verrucomicrobiota,Verrucomicrobiia,Pedosphaerales,Pedosphaeraceae,Ellin516,NA
ASV3f05e0f26c8c,Bacteria,NA,NA,NA,NA,NA,NA
ASVd000dab2f1a9,Bacteria,Actinomycetota,Actinobacteria,Kitasatosporales,Streptomycetaceae,Streptacidiphilus,NA
ASV2f92a91227de,Bacteria,NA,NA,NA,NA,NA,NA
ASVb4c427390032,Bacteria,Actinomycetota,Actinobacteria,Mycobacteriales,Nocardiaceae,Nocardia,NA
ASVa7ec3e5799ab,Bacteria,Planctomycetota,Planctomycetes,Isosphaerales,Isosphaeraceae,Tautonia,NA
ASV9dd5afeed760,Bacteria,Pseudomonadota,Alphaproteobacteria,Micropepsales,Micropepsaceae,Rhizomicrobium,NA
ASVf1e5f2bc5403,Bacteria,Patescibacteria,Saccharimonadia,Saccharimonadales,LWQ8,NA,NA
ASV03eb7a9ec467,Bacteria,Actinomycetota,Acidimicrobiia,Acidimicrobiales,Acidimicrobiaceae,Acidiferrimicrobium,NA
ASVfe6d93ffffdc,Bacteria,Armatimonadota,Armatimonadia,Armatimonadales,Armatimonadaceae,NA,NA
ASV9e74f406e9b7,Bacteria,Pseudomonadota,Alphaproteobacteria,Acetobacterales,Acetobacteraceae,Acidicaldus,NA
ASV243d8e8b0a93,Bacteria,Bacteroidota,Bacteroidia,Cytophagales,Microscillaceae,NA,NA
ASVcb3edd5f018d,Bacteria,Acidobacteriota,Acidobacteriae,Solibacterales,Solibacteraceae,Candidatus Solibacter,NA
ASV321062e7f9c5,Bacteria,Gemmatimonadota,Gemmatimonadia,Gemmatimonadales,Gemmatimonadaceae,Gemmatimonas,NA
ASVa5d8db5bc032,Bacteria,Chloroflexota,Chloroflexia,Thermomicrobiales,Thermomicrobiaceae,Nitrolancea,NA
ASVffb0114c287c,Bacteria,Pseudomonadota,Alphaproteobacteria,Rhodospirillales,Rhodospirillaceae,NA,NA
ASVd10682541763,Bacteria,Armatimonadota,Chthonomonadia,Chthonomonadales,Chthonomonadaceae,Chthonomonas,NA
ASV18771f64acc5,Bacteria,Acidobacteriota,Acidobacteriae,Bryobacterales,Bryobacteraceae,Bryobacter,NA
ASVb71c7f21067f,Bacteria,Patescibacteria,Saccharimonadia,Saccharimonadales,LWQ8,NA,NA
ASV783c76c86d1d,Bacteria,Chloroflexota,Chloroflexia,Thermomicrobiales,Thermomicrobiaceae,NA,NA
ASV66cc11d2ff2e,Bacteria,Pseudomonadota,Gammaproteobacteria,Steroidobacterales,Steroidobacteraceae,Steroidobacter,NA
ASV7da7a7052bb2,Bacteria,Pseudomonadota,Gammaproteobacteria,Burkholderiales,Oxalobacteraceae,Massilia,NA
ASVf61707d7827f,Bacteria,Patescibacteria,Saccharimonadia,Saccharimonadales,LWQ8,NA,NA
ASV8c6cdeea0d7a,Bacteria,Pseudomonadota,Alphaproteobacteria,Sphingomonadales,Sphingomonadaceae,Sphingomonas,NA
ASVad37cbbcd8fb,Bacteria,Bacillota,Bacilli,Bacillales,Bacillaceae,Mesobacillus,NA
ASVb1351f1ee2c5,Bacteria,Bacteroidota,Bacteroidia,Chitinophagales,Chitinophagaceae,Chitinophaga,terrae
ASVe22f3dd2c03a,Bacteria,Pseudomonadota,Gammaproteobacteria,Steroidobacterales,Steroidobacteraceae,Steroidobacter,NA
ASVea0ca5610217,Bacteria,Pseudomonadota,Alphaproteobacteria,Sphingomonadales,Sphingomonadaceae,Sphingomonas,NA
ASV24f15529c732,Bacteria,Actinomycetota,Thermoleophilia,Solirubrobacterales,Solirubrobacteraceae,Conexibacter,NA
ASVd733e386398b,Bacteria,Myxococcota,Polyangiia,Haliangiales,Haliangiaceae,NA,NA
ASV988253802761,Bacteria,Pseudomonadota,Alphaproteobacteria,Micropepsales,Micropepsaceae,NA,NA
ASV202f58fe51db,Bacteria,Myxococcota,Polyangiia,Haliangiales,Haliangiaceae,NA,NA
ASVdfeae4db1a8b,Bacteria,Actinomycetota,Acidimicrobiia,Acidimicrobiales,Acidimicrobiaceae,Acidiferrimicrobium,NA
ASV2dad57aa9c62,Bacteria,Pseudomonadota,Alphaproteobacteria,Caulobacterales,Caulobacteraceae,NA,NA
ASV88c3e636d97d,Bacteria,Nitrospirota,Nitrospiria,Nitrospirales,Nitrospiraceae,Nitrospira,NA
ASVe7982a2d0568,Bacteria,Pseudomonadota,Gammaproteobacteria,Lysobacterales,Rhodanobacteraceae,Chujaibacter,NA
ASV6286568a8c1f,Bacteria,Acidobacteriota,Acidobacteriae,Terriglobales,Acidobacteriaceae (Subgroup 1),NA,NA
ASV2d8b260df2a1,Bacteria,Myxococcota,Polyangiia,Polyangiales,Sandaracinaceae,NA,NA
ASV25d7d67b6c98,Bacteria,Verrucomicrobiota,Verrucomicrobiia,Pedosphaerales,Pedosphaeraceae,Ellin516,NA
ASV15436d074e93,Bacteria,Actinomycetota,Acidimicrobiia,Microtrichales,Ilumatobacteraceae,NA,NA
ASV734a5f7e786a,Bacteria,Planctomycetota,Phycisphaerae,Tepidisphaerales,WD2101 soil group,NA,NA
ASVa87ef0ecf7ef,Bacteria,Gemmatimonadota,Gemmatimonadia,Gemmatimonadales,Gemmatimonadaceae,Gemmatimonas,NA
ASV25e09f5c169e,Bacteria,Pseudomonadota,Alphaproteobacteria,Micropepsales,Micropepsaceae,NA,NA
ASV9826c08ea8ae,Bacteria,Chloroflexota,Chloroflexia,Thermomicrobiales,Thermomicrobiaceae,NA,NA
ASVaada01c0e1da,Bacteria,Actinomycetota,Actinobacteria,Mycobacteriales,Mycobacteriaceae,Mycobacterium,celatum
ASVf9ca3154da40,Bacteria,Actinomycetota,Actinobacteria,Micromonosporales,Micromonosporaceae,Actinoplanes,NA
ASV561b86543943,Bacteria,Chloroflexota,Ktedonobacteria,Ktedonobacterales,Ktedonobacteraceae,1959-1,NA
ASV6c2413856323,Bacteria,Actinomycetota,Actinobacteria,Micrococcales,Microbacteriaceae,NA,NA
ASVf6b071a42117,Bacteria,Myxococcota,Myxococcia,Myxococcales,Myxococcaceae,P3OB-42,NA
ASVd3a8661c6f9d,Bacteria,Pseudomonadota,Alphaproteobacteria,Hyphomicrobiales,Rhizobiaceae,NA,NA
ASV237da1d0093e,Bacteria,Patescibacteria,Saccharimonadia,Saccharimonadales,Saccharimonadaceae,TM7a,NA
ASV6ff800e4c49d,Bacteria,Bacillota,Bacilli,Bacillales,Bacillaceae,Bacillus,NA
ASV999eb226c705,Bacteria,Planctomycetota,Planctomycetes,Gemmatales,Gemmataceae,NA,NA
ASVe9d96d8cd04c,Bacteria,Gemmatimonadota,Gemmatimonadia,Gemmatimonadales,Gemmatimonadaceae,NA,NA
ASVe72a8c953018,Bacteria,Pseudomonadota,Gammaproteobacteria,Burkholderiales,Comamonadaceae,NA,NA
ASV7eab92edd8b6,Bacteria,Actinomycetota,Acidimicrobiia,Microtrichales,Iamiaceae,Iamia,NA
ASV085b8b6c581d,Bacteria,Pseudomonadota,Alphaproteobacteria,Sphingomonadales,Sphingomonadaceae,NA,NA
ASVb56b013b03ce,Bacteria,Pseudomonadota,Gammaproteobacteria,Pseudomonadales,Porticoccaceae,C1-B045,NA
ASV5a17c830c75a,Bacteria,Pseudomonadota,Alphaproteobacteria,Sphingomonadales,Sphingomonadaceae,NA,NA
ASVf45b4c3345d6,Bacteria,Verrucomicrobiota,Verrucomicrobiia,Verrucomicrobiales,Rubritaleaceae,Luteolibacter,NA
ASV4c18b9603cd0,Bacteria,Pseudomonadota,Gammaproteobacteria,Burkholderiales,Comamonadaceae,NA,NA
ASV17a7bd979d08,Bacteria,Pseudomonadota,Alphaproteobacteria,Elsterales,NA,NA,NA
ASV6759341972cc,Bacteria,Pseudomonadota,Alphaproteobacteria,Acetobacterales,Acetobacteraceae,NA,NA
ASVd008af952d4d,Bacteria,Gemmatimonadota,S0134 terrestrial group,NA,NA,NA,NA
ASV4a67dbdb6b81,Bacteria,Pseudomonadota,Gammaproteobacteria,Burkholderiales,Rhodocyclaceae,NA,NA
ASV1880e3689fa0,Bacteria,Pseudomonadota,Gammaproteobacteria,Burkholderiales,Comamonadaceae,NA,NA
ASVf95263b590e3,Bacteria,Actinomycetota,Actinobacteria,Propionibacteriales,Nocardioidaceae,Nocardioides,NA
ASV74641673143a,Bacteria,Pseudomonadota,Alphaproteobacteria,Sphingomonadales,Sphingomonadaceae,Croceibacterium,NA
ASVfc9ad846a6ae,Bacteria,Pseudomonadota,Gammaproteobacteria,Lysobacterales,Lysobacteraceae,Thermomonas,fusca
ASVfee2b6068802,Bacteria,Actinomycetota,Actinobacteria,Micromonosporales,Micromonosporaceae,NA,NA
ASV3ea5014da932,Bacteria,Pseudomonadota,Alphaproteobacteria,Reyranellales,Reyranellaceae,Reyranella,NA
ASVa885d2e103d7,Bacteria,Chloroflexota,Chloroflexia,Thermomicrobiales,JG30-KF-CM45,NA,NA
ASV1d00c0809963,Bacteria,Pseudomonadota,Gammaproteobacteria,Lysobacterales,Lysobacteraceae,Thermomonas,NA
ASV9af2e043e8ae,Bacteria,Patescibacteria,Saccharimonadia,Saccharimonadales,LWQ8,NA,NA
ASVa1395e7bfd66,Bacteria,Pseudomonadota,Gammaproteobacteria,Burkholderiales,Comamonadaceae,NA,NA
ASVafb2bc27dbb0,Bacteria,Patescibacteria,Saccharimonadia,Saccharimonadales,LWQ8,NA,NA
ASV7ee451cb15de,Bacteria,Chloroflexota,Ktedonobacteria,Ktedonobacterales,JG30-KF-AS9,NA,NA
ASV014b4009e7f1,Bacteria,Acidobacteriota,Acidobacteriae,Terriglobales,Acidobacteriaceae (Subgroup 1),Granulicella,NA
ASV2f7179a541c1,Bacteria,Acidobacteriota,Acidobacteriae,Bryobacterales,Bryobacteraceae,Bryobacter,NA
ASV6d4b200a1686,Bacteria,Acidobacteriota,Acidobacteriae,Terriglobales,Acidobacteriaceae (Subgroup 1),NA,NA
ASV71d74d16c112,Bacteria,Actinomycetota,Thermoleophilia,Gaiellales,NA,NA,NA
ASVf5ad694a1bba,Bacteria,Gemmatimonadota,Gemmatimonadia,Gemmatimonadales,Gemmatimonadaceae,NA,NA
ASV46c6415efc0a,Bacteria,Pseudomonadota,Alphaproteobacteria,Elsterales,Elsteraceae,NA,NA
ASVea462f45bc1d,Bacteria,Actinomycetota,Actinobacteria,Catenulisporales,Actinospicaceae,NA,NA
ASV77221ae97920,Bacteria,Gemmatimonadota,Gemmatimonadia,Gemmatimonadales,Gemmatimonadaceae,Gemmatimonas,NA
ASVac4edc404dd1,Bacteria,Pseudomonadota,Gammaproteobacteria,Burkholderiales,Burkholderiaceae,Burkholderia-Caballeronia-Paraburkholderia,NA
ASV022b6777a70e,Bacteria,Bacillota,Bacilli,Bacillales,Planococcaceae,Planococcus,NA
ASVf95e3920acda,Bacteria,Chloroflexota,TK10,NA,NA,NA,NA
ASV7676bde5dcc2,Bacteria,Planctomycetota,Phycisphaerae,Tepidisphaerales,WD2101 soil group,NA,NA
ASV98f169ea02c9,Bacteria,Gemmatimonadota,Gemmatimonadia,Gemmatimonadales,Gemmatimonadaceae,NA,NA
ASVc42457950421,Bacteria,Planctomycetota,Phycisphaerae,Tepidisphaerales,WD2101 soil group,NA,NA
ASV8f65d9c92a87,Bacteria,Chloroflexota,JG30-KF-CM66,NA,NA,NA,NA
ASVe4eb7b88ba7a,Bacteria,Chloroflexota,AD3,NA,NA,NA,NA
ASV6a6ebebe58c1,Bacteria,Actinomycetota,Actinobacteria,Frankiales,Acidothermaceae,Acidothermus,NA
ASV403f3184c0f5,Bacteria,Planctomycetota,Phycisphaerae,Tepidisphaerales,WD2101 soil group,NA,NA
ASV919326108379,Bacteria,Chloroflexota,Ktedonobacteria,Ktedonobacterales,JG30-KF-AS9,NA,NA
ASV79edfa4812f2,Bacteria,Pseudomonadota,Gammaproteobacteria,Burkholderiales,Burkholderiaceae,Burkholderia-Caballeronia-Paraburkholderia,NA
ASV1c39c0e1726d,Bacteria,Planctomycetota,Phycisphaerae,Tepidisphaerales,WD2101 soil group,NA,NA
ASV7a65e129541e,Bacteria,Gemmatimonadota,Gemmatimonadia,Gemmatimonadales,Gemmatimonadaceae,Gemmatimonas,NA
ASVac36e23a4981,Bacteria,Acidobacteriota,Acidobacteriae,Terriglobales,NA,NA,NA
ASV1880ac9b269a,Bacteria,Acidobacteriota,Acidobacteriae,Terriglobales,NA,NA,NA
ASV37fcc12a04d1,Bacteria,Actinomycetota,Actinobacteria,Frankiales,Acidothermaceae,Acidothermus,NA
ASVb03068b0d2cf,Bacteria,Planctomycetota,Phycisphaerae,Tepidisphaerales,WD2101 soil group,NA,NA
ASV84525f15790d,Bacteria,Armatimonadota,NA,NA,NA,NA,NA
ASV424d5f843568,Bacteria,Verrucomicrobiota,Verrucomicrobiia,Opitutales,Opitutaceae,NA,NA
ASV1bcd16a24dd5,Bacteria,Acidobacteriota,Acidobacteriae,Terriglobales,Acidobacteriaceae (Subgroup 1),Granulicella,NA
ASV9cc87e5fe17c,Bacteria,Pseudomonadota,Alphaproteobacteria,Sphingomonadales,Sphingomonadaceae,Sphingomonas,NA
ASVa289985684b2,Bacteria,Actinomycetota,Thermoleophilia,Gaiellales,NA,NA,NA
ASVb97036a5ba56,Bacteria,Pseudomonadota,Gammaproteobacteria,Rickettsiellales,Rickettsiellaceae,Aquicella,NA
ASV39f2097ddcc5,Bacteria,Planctomycetota,Planctomycetes,Isosphaerales,Isosphaeraceae,NA,NA
ASV35390d9c62ee,Bacteria,Acidobacteriota,Acidobacteriae,Subgroup 13,NA,NA,NA
ASVea5846b9ad75,Bacteria,Pseudomonadota,Alphaproteobacteria,Hyphomicrobiales,Xanthobacteraceae,Pseudolabrys,NA
ASV2c08acbca6c9,Bacteria,Bacteroidota,Bacteroidia,Sphingobacteriales,Sphingobacteriaceae,Mucilaginibacter,NA
ASV7a1f6e539530,Bacteria,Myxococcota,Polyangiia,Polyangiales,Sandaracinaceae,NA,NA
ASV8cf969c8890d,Bacteria,Bacillota,Bacilli,Bacillales,Sporolactobacillaceae,Pullulanibacillus,camelliae
ASVee265cb6e788,Bacteria,Patescibacteria,Saccharimonadia,Saccharimonadales,Saccharimonadaceae,TM7a,NA
ASVa67e41d22aed,Bacteria,Myxococcota,Polyangiia,Haliangiales,Haliangiaceae,NA,NA
ASV89dfbfd9d285,Bacteria,Acidobacteriota,Acidobacteriae,Subgroup 2,NA,NA,NA
ASVcb00e4b9d224,Bacteria,Patescibacteria,Saccharimonadia,Saccharimonadales,LWQ8,NA,NA
ASV8ccf5e144bc3,Bacteria,Patescibacteria,Saccharimonadia,Saccharimonadales,Saccharimonadaceae,TM7a,NA
ASV60827fef573d,Bacteria,Actinomycetota,Actinobacteria,Micrococcales,Microbacteriaceae,NA,NA
ASV2b201cfb0dfd,Bacteria,Patescibacteria,Saccharimonadia,Saccharimonadales,LWQ8,NA,NA
ASVd65443eddb64,Bacteria,Pseudomonadota,Alphaproteobacteria,Caulobacterales,Caulobacteraceae,Asticcacaulis,NA
ASVb86c14ed92c1,Bacteria,Acidobacteriota,Acidobacteriae,Terriglobales,Acidobacteriaceae (Subgroup 1),Terracidiphilus,NA
ASV2ba21baf8eb7,Bacteria,Planctomycetota,Phycisphaerae,Tepidisphaerales,WD2101 soil group,NA,NA
ASV3e03f4fa25ca,Bacteria,Acidobacteriota,Acidobacteriae,Subgroup 13,NA,NA,NA
ASVfbebf395cffb,Bacteria,Bacteroidota,Bacteroidia,Chitinophagales,Chitinophagaceae,Arachidicoccus,NA
ASV696ba846de7e,Bacteria,Pseudomonadota,Gammaproteobacteria,Gammaproteobacteria Incertae Sedis,Unknown Family,Acidibacter,NA
ASVa1cc5dc2bf14,Bacteria,Pseudomonadota,Gammaproteobacteria,Burkholderiales,Alcaligenaceae,Candidimonas,humi
ASVb2a4be800f34,Bacteria,Gemmatimonadota,Gemmatimonadia,Gemmatimonadales,Gemmatimonadaceae,NA,NA
ASV851442a0d94a,Bacteria,Gemmatimonadota,S0134 terrestrial group,NA,NA,NA,NA
ASV440470a179c5,Bacteria,Pseudomonadota,Alphaproteobacteria,Parvibaculales,Parvibaculaceae,Parvibaculum,NA
ASVed49cce6fd6a,Bacteria,Pseudomonadota,Gammaproteobacteria,Lysobacterales,Lysobacteraceae,NA,NA
ASV360956ccb2db,Bacteria,Bacteroidota,Bacteroidia,Sphingobacteriales,Sphingobacteriaceae,Mucilaginibacter,NA
ASVaac459d8d2a7,Bacteria,Pseudomonadota,Gammaproteobacteria,Pseudomonadales,NA,NA,NA
ASVfcb5df09e010,Bacteria,Actinomycetota,Actinobacteria,Frankiales,Geodermatophilaceae,Geodermatophilus,NA
ASVdab42ab67162,Bacteria,Bacteroidota,Bacteroidia,Bacteroidales,Dysgonomonadaceae,Fermentimonas,NA
ASV9cd09b05bbd5,Bacteria,Myxococcota,Myxococcia,Myxococcales,Myxococcaceae,P3OB-42,NA
ASV9eb53779baf2,Bacteria,Gemmatimonadota,Longimicrobiia,Longimicrobiales,Longimicrobiaceae,NA,NA
ASV6e11d62f34e3,Bacteria,Pseudomonadota,Gammaproteobacteria,Gammaproteobacteria Incertae Sedis,Unknown Family,Acidibacter,NA
ASV30764edf37f5,Bacteria,Pseudomonadota,Alphaproteobacteria,Sphingomonadales,Sphingomonadaceae,NA,NA
ASVe11ac9eae39e,Bacteria,Bacteroidota,Bacteroidia,Flavobacteriales,Flavobacteriaceae,Flavobacterium,cauense
ASV4313e729a42a,Bacteria,Pseudomonadota,Gammaproteobacteria,Pseudomonadales,Pseudomonadaceae,Pseudomonas,NA
ASV2d169c710f29,Bacteria,Patescibacteria,Saccharimonadia,Saccharimonadales,LWQ8,NA,NA
ASV2644a92e11aa,Bacteria,Pseudomonadota,Alphaproteobacteria,Sphingomonadales,Sphingomonadaceae,DSSF69,NA
ASV485997cc1c86,Bacteria,Pseudomonadota,Alphaproteobacteria,NA,NA,NA,NA
ASV5c9d1ebaefe6,Bacteria,Pseudomonadota,Alphaproteobacteria,Sphingomonadales,Sphingomonadaceae,Sphingobium,herbicidovorans
ASVa4651525e3e0,Bacteria,Patescibacteria,Saccharimonadia,Saccharimonadales,LWQ8,NA,NA
ASVced6d9304aa0,Bacteria,Pseudomonadota,Gammaproteobacteria,Burkholderiales,Burkholderiaceae,Burkholderia-Caballeronia-Paraburkholderia,NA
ASVab2871bd8370,Bacteria,Actinomycetota,Thermoleophilia,Gaiellales,NA,NA,NA
ASV7c70606b3d6f,Bacteria,NA,NA,NA,NA,NA,NA
ASV8e28777631dd,Bacteria,Actinomycetota,Actinobacteria,Micrococcales,Intrasporangiaceae,NA,NA
ASV8cbebd3fa7e0,Bacteria,Pseudomonadota,Gammaproteobacteria,Burkholderiales,Comamonadaceae,Inhella,NA
ASVaa446ed437f3,Bacteria,Gemmatimonadota,Gemmatimonadia,Gemmatimonadales,Gemmatimonadaceae,NA,NA
ASVd595e4256b0c,Bacteria,Myxococcota,Polyangiia,Haliangiales,Haliangiaceae,NA,NA
ASVffda6b002573,Bacteria,Actinomycetota,Acidimicrobiia,Acidimicrobiales,Acidimicrobiaceae,Acidiferrimicrobium,NA
ASVe528c1d12b15,Bacteria,Gemmatimonadota,Gemmatimonadia,Gemmatimonadales,Gemmatimonadaceae,Gemmatimonas,NA
ASVef0c3e489266,Bacteria,Chloroflexota,NA,NA,NA,NA,NA
ASV8b0fb621a1ee,Bacteria,RCP2-54,NA,NA,NA,NA,NA
ASVe8cfb86c520c,Bacteria,Gemmatimonadota,Gemmatimonadia,Gemmatimonadales,Gemmatimonadaceae,Gemmatimonas,NA
ASV0efb5a2b7b56,Bacteria,Pseudomonadota,Gammaproteobacteria,Burkholderiales,Burkholderiaceae,Burkholderia-Caballeronia-Paraburkholderia,sartisoli
ASVcd35ecb49c79,Bacteria,Pseudomonadota,Alphaproteobacteria,NA,NA,NA,NA
ASVed4c1284d0e8,Bacteria,Chloroflexota,Ktedonobacteria,Ktedonobacterales,JG30-KF-AS9,NA,NA
ASVeb99530380cd,Bacteria,Pseudomonadota,Gammaproteobacteria,Lysobacterales,Lysobacteraceae,NA,NA
ASV568374e6c613,Bacteria,Actinomycetota,Actinobacteria,Micrococcales,Microbacteriaceae,Microbacterium,laevaniformans
ASV3209515efb24,Bacteria,Chloroflexota,TK10,NA,NA,NA,NA
ASVc9723c2d7b7a,Bacteria,Verrucomicrobiota,Verrucomicrobiia,Pedosphaerales,Pedosphaeraceae,ADurb.Bin063-1,NA
ASV5cf314ae9368,Bacteria,Pseudomonadota,Alphaproteobacteria,Caulobacterales,Caulobacteraceae,NA,NA
ASVb6f72b1217c8,Bacteria,Acidobacteriota,Vicinamibacteria,Subgroup 17,NA,NA,NA
ASV9de36c56028f,Bacteria,Acidobacteriota,Acidobacteriae,Subgroup 13,NA,NA,NA
ASV3d7430a101ee,Bacteria,Gemmatimonadota,Gemmatimonadia,Gemmatimonadales,Gemmatimonadaceae,NA,NA
ASV45d6b5dd5b65,Bacteria,RCP2-54,NA,NA,NA,NA,NA
ASVb458045f6be6,Bacteria,Patescibacteria,Saccharimonadia,Saccharimonadales,LWQ8,NA,NA
ASV369a2067ed6e,Bacteria,Acidobacteriota,Acidobacteriae,Terriglobales,Acidobacteriaceae (Subgroup 1),NA,NA
ASV0485d80e4b8e,Bacteria,Pseudomonadota,Gammaproteobacteria,Burkholderiales,Chromobacteriaceae,Aquitalea,magnusonii
ASV78837d9b86c8,Bacteria,Chloroflexota,Chloroflexia,Thermomicrobiales,JG30-KF-CM45,NA,NA
ASV03b672eaafb5,Bacteria,Actinomycetota,Actinobacteria,Catenulisporales,Catenulisporaceae,Catenulispora,acidiphila
ASV57fe879f7994,Bacteria,Pseudomonadota,Alphaproteobacteria,Micropepsales,Micropepsaceae,NA,NA
ASV5026a181d892,Bacteria,Chloroflexota,Ktedonobacteria,Ktedonobacterales,JG30-KF-AS9,NA,NA
ASV45c5c4bb70c5,Bacteria,Acidobacteriota,Acidobacteriae,Terriglobales,Koribacteraceae,Candidatus Koribacter,versatilis
ASV674bdd2de37b,Bacteria,Acidobacteriota,Acidobacteriae,Solibacterales,Solibacteraceae,Candidatus Solibacter,NA
ASV82bab9ab49a4,Bacteria,Actinomycetota,Actinobacteria,Catenulisporales,Catenulisporaceae,Catenulispora,NA
ASV551e96730978,Bacteria,Actinomycetota,Actinobacteria,Micromonosporales,Micromonosporaceae,Actinoplanes,NA
ASVd1a93e1fb09c,Bacteria,Actinomycetota,Actinobacteria,Streptosporangiales,Streptosporangiales Incertae Sedis,Motilibacter,NA
ASV55e90a8d3ac2,Bacteria,Patescibacteria,Saccharimonadia,Saccharimonadales,LWQ8,NA,NA
ASV45feeb4f746d,Bacteria,Chloroflexota,Chloroflexia,Elev-1554,NA,NA,NA
ASV07a937644837,Bacteria,Myxococcota,Polyangiia,Polyangiales,Polyangiaceae,Pajaroellobacter,NA
ASVc66967236ccb,Bacteria,Pseudomonadota,Alphaproteobacteria,Acetobacterales,Acetobacteraceae,Acidisoma,NA
ASV40902ebc7190,Bacteria,Pseudomonadota,Alphaproteobacteria,Elsterales,NA,NA,NA
ASVa4e6e1c859ef,Bacteria,Actinomycetota,Thermoleophilia,Gaiellales,NA,NA,NA
ASV69c9d09878a9,Bacteria,Actinomycetota,Actinobacteria,Frankiales,Geodermatophilaceae,Geodermatophilus,NA
ASVca93fcfa5fb8,Bacteria,Pseudomonadota,Alphaproteobacteria,Sphingomonadales,Sphingomonadaceae,Sphingomonas,NA
ASV1e587ca0bda5,Bacteria,NA,NA,NA,NA,NA,NA
ASV56df63de1d69,Bacteria,Bacteroidota,Bacteroidia,Cytophagales,Cytophagaceae,Cytophaga,NA
ASV5c2e7f333dbd,Bacteria,Actinomycetota,Actinobacteria,Micromonosporales,Micromonosporaceae,Actinoplanes,NA
ASVad08df4efad3,Bacteria,Bacteroidota,Bacteroidia,Chitinophagales,Chitinophagaceae,Pseudobacter,NA
ASV35c86ecedd61,Bacteria,Patescibacteria,Saccharimonadia,Saccharimonadales,LWQ8,NA,NA
ASV01ed411e2fd2,Bacteria,Actinomycetota,Actinobacteria,Mycobacteriales,Mycobacteriaceae,Mycobacterium,celatum
ASVa39496e75114,Bacteria,Verrucomicrobiota,Verrucomicrobiia,Opitutales,Opitutaceae,Opitutus,NA
ASVbecce114deb6,Bacteria,Patescibacteria,Saccharimonadia,Saccharimonadales,LWQ8,NA,NA
ASV178773ce3219,Bacteria,Actinomycetota,Actinobacteria,Micrococcales,Promicromonosporaceae,Cellulosimicrobium,NA
ASVfbca48cadab6,Bacteria,Gemmatimonadota,Gemmatimonadia,Gemmatimonadales,Gemmatimonadaceae,Gemmatirosa,kalamazoonesis
ASVa695a1ca4f56,Bacteria,Patescibacteria,Saccharimonadia,Saccharimonadales,Saccharimonadaceae,TM7a,NA
ASVab8bade971f5,Bacteria,Verrucomicrobiota,Verrucomicrobiia,Pedosphaerales,Pedosphaeraceae,NA,NA
ASV5cf76d513b49,Bacteria,Planctomycetota,Planctomycetes,Gemmatales,Gemmataceae,Gemmata,NA
ASV6f10e1c533ce,Bacteria,Pseudomonadota,Gammaproteobacteria,Gammaproteobacteria Incertae Sedis,Unknown Family,Acidibacter,NA
ASV92dd4051cec1,Bacteria,RCP2-54,NA,NA,NA,NA,NA
ASV1d670e4d6830,Bacteria,Gemmatimonadota,Gemmatimonadia,Gemmatimonadales,Gemmatimonadaceae,NA,NA
ASVe56e5166b43e,Bacteria,Pseudomonadota,Alphaproteobacteria,Sphingomonadales,Sphingomonadaceae,Sphingomonas,oligoaromativorans
ASV4f63d8d74b17,Bacteria,Patescibacteria,Saccharimonadia,Saccharimonadales,NA,NA,NA
ASV7a6c95f8e0e1,Bacteria,Actinomycetota,Actinobacteria,Micromonosporales,Micromonosporaceae,Actinoplanes,NA
ASVe7ad7f6416c9,Bacteria,Pseudomonadota,Gammaproteobacteria,Burkholderiales,Nitrosomonadaceae,Ellin6067,NA
ASVfdc4678eb598,Bacteria,Chloroflexota,JG30-KF-CM66,NA,NA,NA,NA
ASV6ad1104ccb20,Bacteria,Pseudomonadota,Gammaproteobacteria,Burkholderiales,Alcaligenaceae,Achromobacter,NA
ASV90f934e9371b,Bacteria,Pseudomonadota,Alphaproteobacteria,Elsterales,NA,NA,NA
ASV7410c72b07a6,Bacteria,Bacillota,Bacilli,Alicyclobacillales,Alicyclobacillaceae,Tumebacillus,avium
ASV55c69d4dd3c7,Bacteria,Actinomycetota,Actinobacteria,Mycobacteriales,Mycobacteriaceae,Mycobacterium,celatum
ASV4b796fe144bf,Bacteria,Bacteroidota,Bacteroidia,Chitinophagales,Chitinophagaceae,Chitinophaga,arvensicola
ASV0d2511bed8ab,Bacteria,Bacillota,Bacilli,Alicyclobacillales,Alicyclobacillaceae,Alicyclobacillus,NA
ASV6c7fe8db99c8,Bacteria,Pseudomonadota,Gammaproteobacteria,Lysobacterales,Rhodanobacteraceae,Chujaibacter,NA
ASVf0d5d8b802d9,Bacteria,Pseudomonadota,Alphaproteobacteria,Hyphomicrobiales,Rhizobiaceae,Shinella,granuli
ASV38f9fb20c7c6,Bacteria,NA,NA,NA,NA,NA,NA
ASV921e130943b9,Bacteria,Chloroflexota,Chloroflexia,Thermomicrobiales,Thermomicrobiaceae,Nitrolancea,NA
ASVcd92372f185b,Bacteria,Bacillota,Bacilli,Bacillales,NA,NA,NA
ASV9f0f1dc5bf2f,Bacteria,Patescibacteria,Saccharimonadia,Saccharimonadales,Saccharimonadaceae,TM7a,NA
ASVd7701b7e8d4e,Bacteria,Patescibacteria,Saccharimonadia,Saccharimonadales,Saccharimonadaceae,TM7a,NA
ASVdeb263cee260,Bacteria,Actinomycetota,Actinobacteria,Micrococcales,Promicromonosporaceae,Cellulosimicrobium,cellulans
ASVf7ae1e685801,Bacteria,Bacteroidota,Bacteroidia,Bacteroidales,Dysgonomonadaceae,Fermentimonas,NA
ASV6f0435c1da9c,Bacteria,Pseudomonadota,Alphaproteobacteria,Caulobacterales,Caulobacteraceae,Asticcacaulis,NA
ASVb0f89d6bf4ed,Bacteria,Pseudomonadota,Alphaproteobacteria,Sphingomonadales,Sphingomonadaceae,Rhizorhabdus,NA
ASV293386f21eb8,Bacteria,Verrucomicrobiota,Verrucomicrobiia,Opitutales,Opitutaceae,NA,NA
ASV1364a75db8c3,Bacteria,Myxococcota,Myxococcia,Myxococcales,Myxococcaceae,NA,NA
ASVa0347be2fd7b,Bacteria,Pseudomonadota,Alphaproteobacteria,Hyphomicrobiales,Rhizobiaceae,NA,NA
ASV2e26ecaee28d,Bacteria,Planctomycetota,Planctomycetes,Isosphaerales,Isosphaeraceae,Tautonia,NA
ASV0e82c5744a1e,Bacteria,Pseudomonadota,Alphaproteobacteria,Sphingomonadales,Sphingomonadaceae,NA,NA
ASVe746e7475989,Bacteria,Pseudomonadota,Alphaproteobacteria,Sphingomonadales,Sphingomonadaceae,NA,NA
ASVe6050c68982f,Bacteria,Pseudomonadota,Alphaproteobacteria,Hyphomicrobiales,Rhizobiaceae,Aminobacter,NA
ASVcd6a0ae890d2,Bacteria,Gemmatimonadota,Gemmatimonadia,Gemmatimonadales,Gemmatimonadaceae,NA,NA
ASVce014747e0de,Bacteria,Bacteroidota,Bacteroidia,Chitinophagales,Chitinophagaceae,NA,NA
ASVdbde4c3a13a4,Bacteria,Actinomycetota,Actinobacteria,Micrococcales,Microbacteriaceae,NA,NA
ASV3632a4a21a9c,Bacteria,Chloroflexota,Chloroflexia,Thermomicrobiales,AKYG1722,NA,NA
ASV7a1d88b6305e,Bacteria,Bacteroidota,Bacteroidia,Flavobacteriales,Flavobacteriaceae,Flavobacterium,suncheonense
ASV2df2ca15c503,Bacteria,Myxococcota,Polyangiia,Haliangiales,Haliangiaceae,NA,NA
ASV1aa78617555a,Bacteria,Bacteroidota,Bacteroidia,Chitinophagales,Chitinophagaceae,NA,NA
ASV5bbe40f91ffc,Bacteria,Pseudomonadota,Gammaproteobacteria,Burkholderiales,Comamonadaceae,NA,NA
ASV4c03e2bb4b95,Bacteria,Bacteroidota,Bacteroidia,Bacteroidales,Dysgonomonadaceae,Fermentimonas,NA
ASVebcc4fa0b45a,Bacteria,Pseudomonadota,Gammaproteobacteria,Burkholderiales,Oxalobacteraceae,NA,NA
ASV36c9bda32340,Bacteria,Pseudomonadota,Gammaproteobacteria,Burkholderiales,Alcaligenaceae,Pusillimonas,NA
ASV86ac1f0ef876,Bacteria,Pseudomonadota,Gammaproteobacteria,Burkholderiales,Rhodocyclaceae,NA,NA
ASV768b5f410d40,Bacteria,Pseudomonadota,Alphaproteobacteria,Sphingomonadales,Sphingomonadaceae,Sphingobium,herbicidovorans
ASVc909b7ccb859,Bacteria,Patescibacteria,Saccharimonadia,Saccharimonadales,LWQ8,NA,NA
ASV2f96575d20e5,Bacteria,Actinomycetota,Actinobacteria,Frankiales,Frankiaceae,Jatrophihabitans,NA
ASVe491577aa94c,Bacteria,Pseudomonadota,Alphaproteobacteria,Hyphomicrobiales,Devosiaceae,NA,NA
ASVe0425fb5a1b6,Bacteria,Chloroflexota,Chloroflexia,Thermomicrobiales,Thermomicrobiaceae,Nitrolancea,NA
ASVac8bd63dab48,Bacteria,Chloroflexota,Ktedonobacteria,Ktedonobacterales,JG30-KF-AS9,NA,NA
ASV266e7a202581,Bacteria,Dependentiae,Babeliae,Babeliales,Vermiphilaceae,NA,NA
ASV22f878e90e3e,Bacteria,Bacteroidota,Bacteroidia,Sphingobacteriales,Sphingobacteriaceae,Mucilaginibacter,NA
ASV5b1e3fe6b5f2,Bacteria,Chloroflexota,Ktedonobacteria,Ktedonobacterales,JG30-KF-AS9,NA,NA
ASV064a9a52503e,Bacteria,Pseudomonadota,Gammaproteobacteria,Gammaproteobacteria Incertae Sedis,Unknown Family,Acidibacter,NA
ASVd0612a767d2c,Bacteria,Armatimonadota,Armatimonadia,Armatimonadales,Armatimonadaceae,NA,NA
ASV8bec81eb760c,Bacteria,Acidobacteriota,Acidobacteriae,Terriglobales,NA,NA,NA
ASV710d6e13adac,Bacteria,Pseudomonadota,Gammaproteobacteria,Lysobacterales,Rhodanobacteraceae,Rhodanobacter,NA
ASV423c6189eb92,Bacteria,Gemmatimonadota,Gemmatimonadia,Gemmatimonadales,Gemmatimonadaceae,NA,NA
ASV24d1235e7d98,Bacteria,Actinomycetota,Actinobacteria,Micromonosporales,Micromonosporaceae,Dactylosporangium,NA
ASV7da005bbc4a3,Bacteria,Planctomycetota,Phycisphaerae,Tepidisphaerales,WD2101 soil group,NA,NA
ASVec54869c2609,Bacteria,Actinomycetota,Thermoleophilia,Gaiellales,NA,NA,NA
ASV53b948bd84f1,Bacteria,Pseudomonadota,Alphaproteobacteria,Hyphomicrobiales,Beijerinckiaceae,Roseiarcus,NA
ASV3fb7609de2d5,Bacteria,Pseudomonadota,Gammaproteobacteria,Burkholderiales,Oxalobacteraceae,NA,NA
ASV9c2201453f65,Bacteria,Chloroflexota,Ktedonobacteria,Ktedonobacterales,Ktedonobacteraceae,1959-1,NA
ASV011b656d2fd4,Bacteria,Pseudomonadota,Alphaproteobacteria,Hyphomicrobiales,Devosiaceae,NA,NA
ASV1b07c2c1e280,Bacteria,Actinomycetota,Actinobacteria,Micrococcales,Microbacteriaceae,Leifsonia,NA
ASV642181e98964,Bacteria,Chloroflexota,Chloroflexia,Thermomicrobiales,Thermomicrobiaceae,Nitrolancea,NA
ASVef18fe63ead6,Bacteria,Actinomycetota,Thermoleophilia,Solirubrobacterales,Solirubrobacteraceae,Conexibacter,NA
ASV733efcc628a6,Bacteria,Acidobacteriota,Acidobacteriae,Bryobacterales,Bryobacteraceae,Bryobacter,NA
ASV045b17b1c1c3,Bacteria,Chloroflexota,Ktedonobacteria,Ktedonobacterales,JG30-KF-AS9,NA,NA
ASV7c29113571a1,Bacteria,Actinomycetota,Actinobacteria,Micromonosporales,Micromonosporaceae,NA,NA
ASV9798db4c1349,Bacteria,Verrucomicrobiota,Verrucomicrobiia,Pedosphaerales,Pedosphaeraceae,NA,NA
ASVba694194cd46,Bacteria,Acidobacteriota,Vicinamibacteria,Vicinamibacterales,Vicinamibacteraceae,NA,NA
ASV13013560cbc2,Bacteria,Myxococcota,Polyangiia,mle1-27,NA,NA,NA
ASV9f83165960ad,Bacteria,Actinomycetota,Actinobacteria,Pseudonocardiales,Pseudonocardiaceae,Crossiella,NA
ASV2845b5b8d15f,Bacteria,Acidobacteriota,Vicinamibacteria,Vicinamibacterales,NA,NA,NA
ASV7d6bd00c3978,Bacteria,Pseudomonadota,Gammaproteobacteria,Burkholderiales,Burkholderiaceae,Burkholderia-Caballeronia-Paraburkholderia,silvatlantica
ASVeb4ecd3a8520,Bacteria,Patescibacteria,Saccharimonadia,Saccharimonadales,Saccharimonadaceae,TM7a,NA
ASV99de7b1db4e2,Bacteria,Bacteroidota,Bacteroidia,Chitinophagales,Chitinophagaceae,NA,NA
ASV2b0e9a3477aa,Bacteria,Pseudomonadota,Alphaproteobacteria,Sphingomonadales,Sphingomonadaceae,Altericroceibacterium,NA
ASVce496b10b897,Bacteria,Pseudomonadota,Gammaproteobacteria,Gammaproteobacteria Incertae Sedis,Unknown Family,Acidibacter,NA
ASVbb374cb3d2ab,Bacteria,Myxococcota,Polyangiia,Polyangiales,Sandaracinaceae,NA,NA
ASVa8003514254b,Bacteria,Gemmatimonadota,Gemmatimonadia,Gemmatimonadales,Gemmatimonadaceae,Gemmatirosa,kalamazoonesis
ASV11116eb4590d,Bacteria,Pseudomonadota,Alphaproteobacteria,Sphingomonadales,Sphingomonadaceae,Sphingomonas,NA
ASV8e44e9358df6,Bacteria,Bacillota,Bacilli,Alicyclobacillales,Alicyclobacillaceae,Tumebacillus,avium
ASV1bd80009b9d4,Bacteria,Nitrospirota,Nitrospiria,Nitrospirales,Nitrospiraceae,Nitrospira,NA
ASV3927b73aeb8a,Bacteria,Actinomycetota,Actinobacteria,Frankiales,NA,NA,NA
ASVb35c9d6c9e53,Bacteria,Pseudomonadota,Alphaproteobacteria,Reyranellales,Reyranellaceae,Reyranella,NA
ASV7d896b00247b,Bacteria,Patescibacteria,Saccharimonadia,Saccharimonadales,LWQ8,NA,NA
ASV9d84de8bc171,Bacteria,Chloroflexota,Chloroflexia,Thermomicrobiales,Thermomicrobiaceae,NA,NA
ASV7131725e1546,Bacteria,Actinomycetota,Actinobacteria,Frankiales,Geodermatophilaceae,Geodermatophilus,NA
ASVbee0982220f3,Bacteria,Actinomycetota,Actinobacteria,Propionibacteriales,Nocardioidaceae,Nocardioides,NA
ASV4157f0c8c0b6,Bacteria,Actinomycetota,Actinobacteria,Catenulisporales,Catenulisporaceae,Catenulispora,acidiphila
ASV97f617811c4a,Bacteria,Pseudomonadota,Gammaproteobacteria,Lysobacterales,Rhodanobacteraceae,Rhodanobacter,NA
ASVd8306808ed2c,Bacteria,Planctomycetota,Planctomycetes,Isosphaerales,Isosphaeraceae,Tautonia,NA
ASVe9a1a3306ce1,Bacteria,Bacteroidota,Bacteroidia,Chitinophagales,Chitinophagaceae,NA,NA
ASV1071d24eb445,Bacteria,Pseudomonadota,Gammaproteobacteria,Lysobacterales,Rhodanobacteraceae,NA,NA
ASV0c47a801fad4,Bacteria,Myxococcota,Polyangiia,Polyangiales,Sandaracinaceae,NA,NA
ASV5171f97bf545,Bacteria,Patescibacteria,Saccharimonadia,Saccharimonadales,LWQ8,NA,NA
ASVbbc32a832545,Bacteria,Actinomycetota,Acidimicrobiia,Acidimicrobiales,Acidimicrobiaceae,Acidiferrimicrobium,NA
ASV2d7c3f183f1f,Bacteria,Patescibacteria,Saccharimonadia,Saccharimonadales,LWQ8,NA,NA
ASV1c992843ad9a,Bacteria,Patescibacteria,Saccharimonadia,Saccharimonadales,NA,NA,NA
ASVa90c0474629c,Bacteria,Pseudomonadota,Alphaproteobacteria,Sphingomonadales,Sphingomonadaceae,NA,NA
ASVfa5121a6c2d4,Bacteria,Pseudomonadota,Alphaproteobacteria,Hyphomicrobiales,Beijerinckiaceae,NA,NA
ASV5f9cd5aa8aa9,Bacteria,Pseudomonadota,Gammaproteobacteria,Lysobacterales,Rhodanobacteraceae,Mizugakiibacter,NA
ASVb8a7b1c467c8,Bacteria,Candidatus Eremiobacterota,Eremiobacteria,NA,NA,NA,NA
ASV8e94b1f0d701,Bacteria,Bacillota,Bacilli,Alicyclobacillales,Alicyclobacillaceae,Alicyclobacillus,NA
ASV579f86bc2961,Bacteria,Chloroflexota,Chloroflexia,Thermomicrobiales,JG30-KF-CM45,NA,NA
ASVe7af773195ac,Bacteria,Myxococcota,Polyangiia,Haliangiales,Haliangiaceae,NA,NA
ASV17ed6469953b,Bacteria,Pseudomonadota,Gammaproteobacteria,Burkholderiales,Alcaligenaceae,Candidimonas,humi
ASV498ca02989de,Bacteria,Chloroflexota,Ktedonobacteria,Ktedonobacterales,Ktedonobacteraceae,1959-1,NA
ASV3cda4b949269,Bacteria,Actinomycetota,Actinobacteria,Streptosporangiales,Thermomonosporaceae,Actinoallomurus,NA
ASV4e15fa44dbee,Bacteria,Patescibacteria,Saccharimonadia,Saccharimonadales,LWQ8,NA,NA
ASVf55c61305c96,Bacteria,Pseudomonadota,Alphaproteobacteria,Sphingomonadales,Sphingomonadaceae,DSSF69,NA
ASVdc8c386ff5e8,Bacteria,Pseudomonadota,Gammaproteobacteria,Lysobacterales,Lysobacteraceae,NA,NA
ASV1ef8b1ceb647,Bacteria,Pseudomonadota,Alphaproteobacteria,Sphingomonadales,Sphingomonadaceae,Sphingomonas,NA
ASV364f4f9b169c,Bacteria,Actinomycetota,Actinobacteria,Frankiales,Geodermatophilaceae,Geodermatophilus,NA
ASVaf4a12de4f5b,Bacteria,Myxococcota,Polyangiia,Polyangiales,Phaselicystaceae,Phaselicystis,NA
ASV829c26c6c70d,Bacteria,Actinomycetota,Thermoleophilia,Solirubrobacterales,Solirubrobacteraceae,Conexibacter,NA
ASVf7e0a6a4dff6,Bacteria,Actinomycetota,Thermoleophilia,Solirubrobacterales,Solirubrobacteraceae,Conexibacter,NA
ASV11a274d0cb66,Bacteria,Pseudomonadota,Gammaproteobacteria,NA,NA,NA,NA
ASV92ad4eb8ac71,Bacteria,Actinomycetota,Actinobacteria,Propionibacteriales,Nocardioidaceae,Nocardioides,NA
ASVfbce21fee5bc,Bacteria,Pseudomonadota,Alphaproteobacteria,Hyphomicrobiales,Rhizobiaceae,Brucella,NA
ASV9adef917c911,Bacteria,Gemmatimonadota,Gemmatimonadia,Gemmatimonadales,Gemmatimonadaceae,Roseisolibacter,NA
ASVa8a96d8b912f,Bacteria,Pseudomonadota,Alphaproteobacteria,Hyphomicrobiales,Rhizobiaceae,NA,NA
ASVc2afbaf4fe1c,Bacteria,Pseudomonadota,Alphaproteobacteria,Sphingomonadales,Sphingomonadaceae,Sphingobium,NA
ASVe73f5818b3c3,Bacteria,Pseudomonadota,Alphaproteobacteria,Sphingomonadales,Sphingomonadaceae,NA,NA
ASVa397712e3210,Bacteria,Pseudomonadota,Alphaproteobacteria,Hyphomicrobiales,Rhizobiaceae,NA,NA
ASVa4b9f41875c6,Bacteria,Pseudomonadota,Gammaproteobacteria,Lysobacterales,Lysobacteraceae,Thermomonas,fusca
ASV516e21e0dffa,Bacteria,Pseudomonadota,Gammaproteobacteria,Lysobacterales,Lysobacteraceae,Luteimonas,NA
ASV3d4bb1a425e9,Bacteria,Pseudomonadota,Gammaproteobacteria,Lysobacterales,Lysobacteraceae,NA,NA
ASVc96c770871a9,Bacteria,Pseudomonadota,Gammaproteobacteria,Burkholderiales,Chromobacteriaceae,Pseudogulbenkiania,NA
ASVd608a595aba0,Bacteria,Myxococcota,Polyangiia,Haliangiales,Haliangiaceae,NA,NA
ASV8f878f1c43e0,Bacteria,Pseudomonadota,Gammaproteobacteria,Lysobacterales,Lysobacteraceae,Thermomonas,fusca
ASV15f53ee7d8a7,Bacteria,Pseudomonadota,Gammaproteobacteria,Lysobacterales,Lysobacteraceae,NA,NA
ASVdab2fcf7b936,Bacteria,Actinomycetota,Actinobacteria,Micrococcales,Microbacteriaceae,NA,NA
ASV50dbd7de8e93,Bacteria,Pseudomonadota,Gammaproteobacteria,Lysobacterales,Lysobacteraceae,Thermomonas,fusca
ASVf8bf2e251d2f,Bacteria,Pseudomonadota,Gammaproteobacteria,Lysobacterales,Lysobacteraceae,Thermomonas,fusca
ASV191bb1ddc14b,Bacteria,Pseudomonadota,Alphaproteobacteria,Sphingomonadales,Sphingomonadaceae,NA,NA
ASV6d1427eb5d3e,Bacteria,Pseudomonadota,Gammaproteobacteria,Lysobacterales,Lysobacteraceae,Thermomonas,fusca
ASV18ad8e31d3ae,Bacteria,Pseudomonadota,Alphaproteobacteria,Sphingomonadales,Sphingomonadaceae,Sphingobium,NA
ASVc190076eb216,Bacteria,Chloroflexota,Chloroflexia,Thermomicrobiales,Thermomicrobiaceae,NA,NA
ASV209018a453c8,Bacteria,Acidobacteriota,Acidobacteriae,Terriglobales,Acidobacteriaceae (Subgroup 1),NA,NA
ASV3f684c4db7ef,Bacteria,Patescibacteria,Saccharimonadia,Saccharimonadales,LWQ8,NA,NA
ASVfd29e657f000,Bacteria,Planctomycetota,Phycisphaerae,Tepidisphaerales,WD2101 soil group,NA,NA
ASV6e455c07883b,Bacteria,Chloroflexota,Chloroflexia,Thermomicrobiales,Thermomicrobiaceae,NA,NA
ASV4dddd002ce4c,Bacteria,RCP2-54,NA,NA,NA,NA,NA
ASVfb3b396b6068,Bacteria,Planctomycetota,Planctomycetes,Isosphaerales,Isosphaeraceae,NA,NA
ASVf5c9b17eab6b,Bacteria,Acidobacteriota,Acidobacteriae,Terriglobales,NA,NA,NA
ASVf4cb29af2aaf,Bacteria,Pseudomonadota,Alphaproteobacteria,Hyphomicrobiales,Rhizobiaceae,Rhizobium,phaseoli
ASVaf4356d356e6,Bacteria,Pseudomonadota,Alphaproteobacteria,Acetobacterales,Acetobacteraceae,NA,NA
ASV71b3bccce57c,Bacteria,Methylomirabilota,Methylomirabilia,Rokubacteriales,NA,NA,NA
ASV9616b13d35e5,Bacteria,Chloroflexota,TK10,NA,NA,NA,NA
ASVa96448b8c17b,Bacteria,Chloroflexota,AD3,NA,NA,NA,NA
ASV59df154b3827,Bacteria,Acidobacteriota,Vicinamibacteria,Subgroup 17,NA,NA,NA
ASV60fcdca62f93,Bacteria,Latescibacterota,NA,NA,NA,NA,NA
ASVa229ef943a13,Bacteria,Pseudomonadota,Gammaproteobacteria,Lysobacterales,Rhodanobacteraceae,Rudaea,NA
ASV1705dd62bfce,Bacteria,Myxococcota,Myxococcia,Myxococcales,Anaeromyxobacteraceae,Anaeromyxobacter,NA
ASV4d5fb2e7fa80,Bacteria,Chloroflexota,AD3,NA,NA,NA,NA
ASVfab921152702,Bacteria,Actinomycetota,Thermoleophilia,Solirubrobacterales,Solirubrobacteraceae,NA,NA
ASV0c29aab4be8a,Bacteria,Actinomycetota,Acidimicrobiia,Microtrichales,Ilumatobacteraceae,NA,NA
ASVa89337eacce3,Bacteria,Gemmatimonadota,Gemmatimonadia,Gemmatimonadales,Gemmatimonadaceae,NA,NA
ASV228326330417,Bacteria,Gemmatimonadota,Gemmatimonadia,Gemmatimonadales,Gemmatimonadaceae,Gemmatimonas,NA
ASV6f04ecd104f6,Bacteria,Bacteroidota,Bacteroidia,Chitinophagales,Chitinophagaceae,NA,NA
ASVe27b9979a8c0,Bacteria,Chloroflexota,Ktedonobacteria,Ktedonobacterales,JG30-KF-AS9,NA,NA
ASV2081ff2b8c6d,Bacteria,Acidobacteriota,Acidobacteriae,Terriglobales,NA,NA,NA
ASVf99215f5f5bc,Bacteria,Pseudomonadota,Gammaproteobacteria,Lysobacterales,Rhodanobacteraceae,Rhodanobacter,NA
ASV34906c23c836,Bacteria,Chloroflexota,Chloroflexia,Thermomicrobiales,Thermomicrobiaceae,Sphaerobacter,NA
ASVde0ddeac08b3,Bacteria,Chloroflexota,Ktedonobacteria,Ktedonobacterales,JG30-KF-AS9,NA,NA
ASVf6fcb2c6ee42,Bacteria,Pseudomonadota,Gammaproteobacteria,Lysobacterales,Rhodanobacteraceae,Chujaibacter,NA
ASVa7f72825c7ba,Bacteria,Bacteroidota,Bacteroidia,Sphingobacteriales,Sphingobacteriaceae,Mucilaginibacter,NA
ASV520e22000a94,Bacteria,Actinomycetota,Acidimicrobiia,Acidimicrobiales,Acidimicrobiaceae,NA,NA
ASV60e88980fbd3,Bacteria,Pseudomonadota,Gammaproteobacteria,Lysobacterales,Rhodanobacteraceae,Chujaibacter,NA
ASVb0a8f4e89727,Bacteria,Pseudomonadota,Alphaproteobacteria,Acetobacterales,Acetobacteraceae,Acidisoma,NA
ASV3bc970b6283e,Bacteria,Gemmatimonadota,Gemmatimonadia,Gemmatimonadales,Gemmatimonadaceae,NA,NA
ASV98f0fb7fe9b6,Bacteria,Pseudomonadota,Alphaproteobacteria,Micropepsales,Micropepsaceae,NA,NA
ASVb90c1dc795cf,Bacteria,Gemmatimonadota,Gemmatimonadia,Gemmatimonadales,Gemmatimonadaceae,NA,NA
ASV48c242ae1bdb,Bacteria,Pseudomonadota,Alphaproteobacteria,Hyphomicrobiales,Rhizobiaceae,NA,NA
ASV821acb4f5b32,Bacteria,Bdellovibrionota,Bdellovibrionia,Bdellovibrionales,Pseudobdellovibrionaceae,NA,NA
ASV16be1b4627d2,Bacteria,Bacteroidota,Bacteroidia,Chitinophagales,Chitinophagaceae,Puia,NA
ASV921337a53e08,Bacteria,Planctomycetota,Planctomycetes,Isosphaerales,Isosphaeraceae,Tautonia,NA
ASV31d6811a460a,Bacteria,Pseudomonadota,Alphaproteobacteria,Micropepsales,Micropepsaceae,Micropepsis,NA
ASVc034e62622a4,Bacteria,Planctomycetota,Phycisphaerae,Tepidisphaerales,WD2101 soil group,NA,NA
ASVaa99f5f7c8ec,Bacteria,Pseudomonadota,Gammaproteobacteria,Gammaproteobacteria Incertae Sedis,Unknown Family,Acidibacter,NA
ASV1e085421bbc7,Bacteria,Pseudomonadota,Gammaproteobacteria,Gammaproteobacteria Incertae Sedis,Unknown Family,Acidibacter,NA
ASVf88d48748770,Bacteria,Patescibacteria,Saccharimonadia,Saccharimonadales,NA,NA,NA
ASV9529bf2d342c,Bacteria,Patescibacteria,Saccharimonadia,Saccharimonadales,NA,NA,NA
ASV75a0bb4fa84a,Bacteria,Planctomycetota,Planctomycetes,Isosphaerales,Isosphaeraceae,Aquisphaera,NA
ASV9d640f422716,Bacteria,Planctomycetota,Phycisphaerae,Tepidisphaerales,WD2101 soil group,NA,NA
ASV99b17b1ff6ac,Bacteria,Pseudomonadota,Gammaproteobacteria,JG36-TzT-191,NA,NA,NA
ASVd98c7ec668f7,Bacteria,Chloroflexota,Chloroflexia,Thermomicrobiales,NA,NA,NA
ASV67dd47f4689f,Bacteria,Planctomycetota,Phycisphaerae,Tepidisphaerales,WD2101 soil group,NA,NA
ASVe745389473e9,Bacteria,Pseudomonadota,Gammaproteobacteria,Burkholderiales,Alcaligenaceae,Candidimonas,humi
ASV78e6062a8574,Bacteria,Patescibacteria,Saccharimonadia,Saccharimonadales,LWQ8,NA,NA
ASVa80cbf7abee1,Bacteria,Myxococcota,Polyangiia,Haliangiales,Haliangiaceae,NA,NA
ASVfdd00735309f,Bacteria,Pseudomonadota,Gammaproteobacteria,Burkholderiales,Alcaligenaceae,Candidimonas,humi
ASV7cc4860c6ca9,Bacteria,Actinomycetota,Actinobacteria,Catenulisporales,Catenulisporaceae,Catenulispora,yoronensis
ASV0d1a7df6175b,Bacteria,Planctomycetota,Phycisphaerae,Tepidisphaerales,WD2101 soil group,NA,NA
ASVbb758ef7ed96,Bacteria,Myxococcota,Polyangiia,Polyangiales,Sandaracinaceae,NA,NA
ASV0fee4c27fcc8,Bacteria,Patescibacteria,Saccharimonadia,Saccharimonadales,LWQ8,NA,NA
ASVe29d28609719,Bacteria,Pseudomonadota,Gammaproteobacteria,Lysobacterales,Rhodanobacteraceae,Frateuria,terrea
ASV7de88fd7efe8,Bacteria,Candidatus Eremiobacterota,Eremiobacteria,NA,NA,NA,NA
ASVf668cd082943,Bacteria,Chloroflexota,Ktedonobacteria,Ktedonobacterales,JG30-KF-AS9,NA,NA
ASVe1cca867197e,Bacteria,Bacteroidota,Bacteroidia,Sphingobacteriales,Sphingobacteriaceae,Mucilaginibacter,NA
ASVd04d17e661a7,Bacteria,Pseudomonadota,Alphaproteobacteria,Hyphomicrobiales,Beijerinckiaceae,Roseiarcus,NA
ASV8c540f86d8f4,Bacteria,Bacteroidota,Bacteroidia,Chitinophagales,Chitinophagaceae,Flavisolibacter,NA
ASV5a74e3e809ba,Bacteria,Acidobacteriota,Acidobacteriae,Bryobacterales,Bryobacteraceae,Bryobacter,NA
ASVdbd3f0ef3495,Bacteria,Pseudomonadota,Alphaproteobacteria,Sphingomonadales,Sphingomonadaceae,Sphingoaurantiacus,NA
ASVd0833d52028a,Bacteria,Pseudomonadota,Alphaproteobacteria,Hyphomicrobiales,Beijerinckiaceae,Camelimonas,NA
ASVda0f72c50f5b,Bacteria,Bacteroidota,Bacteroidia,Chitinophagales,Chitinophagaceae,Flavisolibacter,NA
ASV754d2bcc97e1,Bacteria,Pseudomonadota,Alphaproteobacteria,Sphingomonadales,Sphingomonadaceae,NA,NA
ASV11cf33da01a3,Bacteria,Pseudomonadota,Alphaproteobacteria,Hyphomicrobiales,Rhizobiaceae,Aminobacter,NA
ASV3478a9228a6a,Bacteria,Verrucomicrobiota,Verrucomicrobiia,Verrucomicrobiales,Rubritaleaceae,Luteolibacter,NA
ASV9ca1ab627386,Bacteria,Pseudomonadota,Alphaproteobacteria,Acetobacterales,Acetobacteraceae,NA,NA
ASVfb0af0533b42,Bacteria,Gemmatimonadota,Gemmatimonadia,Gemmatimonadales,Gemmatimonadaceae,NA,NA
ASV42ccdb525f7c,Bacteria,Actinomycetota,Actinobacteria,Streptosporangiales,Thermomonosporaceae,Actinomadura,NA
ASV964c10dda55c,Bacteria,Bacillota,Bacilli,Paenibacillales,Paenibacillaceae,Paenibacillus,NA
ASV612d515cc0df,Bacteria,Pseudomonadota,Alphaproteobacteria,Sphingomonadales,Sphingomonadaceae,NA,NA
ASVe529f8b73c01,Bacteria,Pseudomonadota,Gammaproteobacteria,Lysobacterales,Lysobacteraceae,Thermomonas,fusca
ASVd2f91472a142,Bacteria,Pseudomonadota,Gammaproteobacteria,Burkholderiales,Comamonadaceae,NA,NA
ASVc0a98b916972,Bacteria,Pseudomonadota,Alphaproteobacteria,Sphingomonadales,Sphingomonadaceae,DSSF69,NA
ASVc8088566944f,Bacteria,Pseudomonadota,Alphaproteobacteria,Caulobacterales,Caulobacteraceae,Caulobacter,vibrioides
ASV713ce0524a10,Bacteria,Pseudomonadota,Gammaproteobacteria,Burkholderiales,Comamonadaceae,NA,NA
ASVd1680b39e764,Bacteria,Pseudomonadota,Alphaproteobacteria,Sphingomonadales,Sphingomonadaceae,NA,NA
ASVa6954a4a7495,Bacteria,Pseudomonadota,Gammaproteobacteria,Burkholderiales,Rhodocyclaceae,NA,NA
ASVfb9aa8113097,Bacteria,Bacteroidota,Bacteroidia,Flavobacteriales,Weeksellaceae,Chryseobacterium,daecheongense
ASVc4486f17c3a0,Bacteria,Patescibacteria,Saccharimonadia,Saccharimonadales,LWQ8,NA,NA
ASV710ad29783cb,Bacteria,Patescibacteria,Saccharimonadia,Saccharimonadales,NA,NA,NA
ASVb2df233eeeea,Bacteria,Pseudomonadota,Gammaproteobacteria,Burkholderiales,Alcaligenaceae,Candidimonas,humi
ASV590d39dbef56,Bacteria,Actinomycetota,Actinobacteria,Streptosporangiales,Thermomonosporaceae,Actinoallomurus,NA
ASVb7bcbe72bbb0,Bacteria,Actinomycetota,Acidimicrobiia,Acidimicrobiales,Acidimicrobiaceae,Acidiferrimicrobium,NA
ASV61b02086817b,Bacteria,Gemmatimonadota,Gemmatimonadia,Gemmatimonadales,Gemmatimonadaceae,NA,NA
ASV543b745559f4,Bacteria,Chloroflexota,Chloroflexia,Thermomicrobiales,JG30-KF-CM45,NA,NA
ASVfc785a1410fa,Bacteria,Actinomycetota,Acidimicrobiia,Acidimicrobiales,Acidimicrobiaceae,Acidiferrimicrobium,NA
ASV5ef53fd6bf88,Bacteria,Pseudomonadota,Gammaproteobacteria,Gammaproteobacteria Incertae Sedis,Unknown Family,Acidibacter,NA
ASVc8deb20e650d,Bacteria,Pseudomonadota,Alphaproteobacteria,Micropepsales,Micropepsaceae,Rhizomicrobium,NA
ASVc6857415c237,Bacteria,Pseudomonadota,Alphaproteobacteria,Acetobacterales,Acetobacteraceae,Acidicaldus,NA
ASV59dc6789418f,Bacteria,Actinomycetota,Actinobacteria,Micromonosporales,Micromonosporaceae,NA,NA
ASVa36135022809,Bacteria,Acidobacteriota,Acidobacteriae,Terriglobales,Acidobacteriaceae (Subgroup 1),NA,NA
ASVc8ec88b7c8f7,Bacteria,Pseudomonadota,Alphaproteobacteria,Elsterales,NA,NA,NA
ASV5a5ccc09fc15,Bacteria,Pseudomonadota,Alphaproteobacteria,Hyphomicrobiales,Xanthobacteraceae,NA,NA
ASV8808bddd0b4a,Bacteria,Gemmatimonadota,Gemmatimonadia,Gemmatimonadales,Gemmatimonadaceae,Gemmatimonas,NA
ASV7b11977a7d49,Bacteria,Chloroflexota,Ktedonobacteria,Ktedonobacterales,JG30-KF-AS9,NA,NA
ASV0131f3671013,Bacteria,Gemmatimonadota,Gemmatimonadia,Gemmatimonadales,Gemmatimonadaceae,NA,NA
ASVfc503bd8f812,Bacteria,Pseudomonadota,Gammaproteobacteria,Burkholderiales,Burkholderiaceae,Burkholderia-Caballeronia-Paraburkholderia,sartisoli
ASVed66e60f74e6,Bacteria,Actinomycetota,Acidimicrobiia,Microtrichales,Iamiaceae,Aquihabitans,NA
ASV59f43c3b695c,Bacteria,NA,NA,NA,NA,NA,NA
ASV3b4932bad100,Bacteria,Pseudomonadota,Gammaproteobacteria,Burkholderiales,Oxalobacteraceae,Lacisediminimonas,NA
ASVdf4ef9feb4f1,Bacteria,Chloroflexota,Chloroflexia,Chloroflexales,Roseiflexaceae,NA,NA
ASV2933c0dfe6ae,Bacteria,Pseudomonadota,Alphaproteobacteria,Acetobacterales,Acetobacteraceae,NA,NA
ASVf1d3074eca1b,Bacteria,Chloroflexota,Chloroflexia,Thermomicrobiales,JG30-KF-CM45,NA,NA
ASV8438d2e97d35,Bacteria,Patescibacteria,Saccharimonadia,Saccharimonadales,NA,NA,NA
ASVdf8ad8847ff2,Bacteria,Actinomycetota,Actinobacteria,Frankiales,Acidothermaceae,Acidothermus,NA
ASV25ea279d4509,Bacteria,Bacteroidota,Bacteroidia,Sphingobacteriales,Sphingobacteriaceae,Mucilaginibacter,NA
ASV8843bac97fd7,Bacteria,Candidatus Eremiobacterota,Eremiobacteria,NA,NA,NA,NA
ASV04a23a5216ea,Bacteria,Pseudomonadota,Gammaproteobacteria,Lysobacterales,Rhodanobacteraceae,Mizugakiibacter,NA
ASVd5822b07ba63,Bacteria,Actinomycetota,Acidimicrobiia,Microtrichales,Ilumatobacteraceae,NA,NA
ASV8b500e1f9132,Bacteria,Patescibacteria,Saccharimonadia,Saccharimonadales,WWH38,NA,NA
ASV424a1a26982e,Bacteria,Planctomycetota,Phycisphaerae,Tepidisphaerales,WD2101 soil group,NA,NA
ASV2ecef6808f30,Bacteria,Myxococcota,Polyangiia,Polyangiales,Sandaracinaceae,NA,NA
ASV1946c5e82263,Bacteria,Actinomycetota,Actinobacteria,Micromonosporales,Micromonosporaceae,Actinoplanes,NA
ASVdea92e23ab47,Bacteria,Chloroflexota,Ktedonobacteria,Ktedonobacterales,JG30-KF-AS9,NA,NA
ASV040c8df83328,Bacteria,Actinomycetota,Actinobacteria,Micromonosporales,Micromonosporaceae,Actinoplanes,NA
ASVb5e57e2b2dec,Bacteria,Pseudomonadota,Alphaproteobacteria,Hyphomicrobiales,Rhizobiaceae,Brucella,NA
ASV86309dd51b29,Bacteria,Acidobacteriota,Acidobacteriae,Terriglobales,Acidobacteriaceae (Subgroup 1),NA,NA
ASV6cafb8c41189,Bacteria,Pseudomonadota,Alphaproteobacteria,Caulobacterales,Caulobacteraceae,Caulobacter,mirabilis
ASVc1fbd2a0231a,Bacteria,Acidobacteriota,Acidobacteriae,Terriglobales,Koribacteraceae,Candidatus Koribacter,NA
ASV5939b0bb8cc6,Bacteria,Planctomycetota,Planctomycetes,Isosphaerales,Isosphaeraceae,Paludisphaera,borealis
ASVec12496f985a,Bacteria,Chloroflexota,Chloroflexia,Thermomicrobiales,JG30-KF-CM45,NA,NA
ASVfbd6ad340e12,Bacteria,Acidobacteriota,Acidobacteriae,Terriglobales,NA,NA,NA
ASVf242f91115e8,Bacteria,Acidobacteriota,Acidobacteriae,Terriglobales,Acidobacteriaceae (Subgroup 1),NA,NA
ASVe3f826af999b,Bacteria,Patescibacteria,Saccharimonadia,Saccharimonadales,WWH38,NA,NA
ASV9c4037834aa1,Bacteria,Acidobacteriota,Acidobacteriae,Bryobacterales,Bryobacteraceae,Bryobacter,NA
ASVc7cd523382dd,Bacteria,Pseudomonadota,Gammaproteobacteria,Gammaproteobacteria Incertae Sedis,Unknown Family,Acidibacter,NA
ASV77e7dc2fea82,Bacteria,Verrucomicrobiota,Verrucomicrobiia,Opitutales,Opitutaceae,NA,NA
ASVa4df65403715,Bacteria,Chloroflexota,Ktedonobacteria,Ktedonobacterales,JG30-KF-AS9,NA,NA
ASV3345a7a7753d,Bacteria,Actinomycetota,Actinobacteria,Frankiales,Acidothermaceae,Acidothermus,NA
ASVc64f25f0050c,Bacteria,Actinomycetota,Actinobacteria,Frankiales,Frankiaceae,Jatrophihabitans,NA
ASV01a417c8e6aa,Bacteria,Acidobacteriota,Acidobacteriae,Terriglobales,Acidobacteriaceae (Subgroup 1),NA,NA
ASVec89afa63f91,Bacteria,Pseudomonadota,Gammaproteobacteria,Enterobacterales,Enterobacteriaceae,Kosakonia,radicincitans
ASV84ee53d900ac,Bacteria,Patescibacteria,Saccharimonadia,Saccharimonadales,LWQ8,NA,NA
ASVcd6494cb0746,Bacteria,Actinomycetota,Thermoleophilia,Gaiellales,Gaiellaceae,Gaiella,NA
ASV6c650d5ce780,Bacteria,Verrucomicrobiota,Verrucomicrobiia,Opitutales,Opitutaceae,NA,NA
ASV29bf8a4f8e1e,Bacteria,Pseudomonadota,Gammaproteobacteria,Lysobacterales,Rhodanobacteraceae,Rhodanobacter,NA
ASVce7c16e371b2,Bacteria,Pseudomonadota,Gammaproteobacteria,Burkholderiales,NA,NA,NA
ASVc2615e29d809,Bacteria,Candidatus Eremiobacterota,Eremiobacteria,NA,NA,NA,NA
ASV1e131ce46abe,Bacteria,Patescibacteria,Saccharimonadia,Saccharimonadales,LWQ8,NA,NA
ASVa7b9f533fcd7,Bacteria,Patescibacteria,Saccharimonadia,Saccharimonadales,WWH38,NA,NA
ASV4e8dfe556964,Bacteria,Pseudomonadota,Alphaproteobacteria,Hyphomicrobiales,Devosiaceae,Devosia,riboflavina
ASV78e67446edb8,Bacteria,Pseudomonadota,Alphaproteobacteria,Hyphomicrobiales,Devosiaceae,Devosia,riboflavina
ASVc787b56c7cba,Bacteria,Pseudomonadota,Alphaproteobacteria,Sphingomonadales,Sphingomonadaceae,Hephaestia,NA
ASV38679dfb1c14,Bacteria,Bacillota,NA,NA,NA,NA,NA
ASV0e3178eb9eed,Bacteria,Gemmatimonadota,Gemmatimonadia,Gemmatimonadales,Gemmatimonadaceae,Gemmatimonas,NA
ASVe763804fc70c,Bacteria,Planctomycetota,Planctomycetes,Isosphaerales,Isosphaeraceae,Paludisphaera,borealis
ASVf77948358b2f,Bacteria,Acidobacteriota,Acidobacteriae,Terriglobales,Acidobacteriaceae (Subgroup 1),Granulicella,NA
ASV73e1ddb7d10f,Bacteria,Acidobacteriota,Acidobacteriae,Terriglobales,Acidobacteriaceae (Subgroup 1),Terriglobus,NA
ASV91630e5970f7,Bacteria,Pseudomonadota,Alphaproteobacteria,Caulobacterales,Caulobacteraceae,Asticcacaulis,biprosthecium
ASVbb45ab637508,Bacteria,Verrucomicrobiota,Verrucomicrobiia,Chthoniobacterales,Chthoniobacteraceae,Chthoniobacter,NA
ASV629480d7e37d,Bacteria,Chloroflexota,Chloroflexia,Thermomicrobiales,JG30-KF-CM45,NA,NA
ASV22fbaac97891,Bacteria,Planctomycetota,Planctomycetes,Isosphaerales,Isosphaeraceae,Tautonia,NA
ASV5385a4b701b2,Bacteria,Actinomycetota,Actinobacteria,Micrococcales,Micrococcaceae,Enteractinococcus,NA
ASV461fe0dd053b,Bacteria,Pseudomonadota,Gammaproteobacteria,Pseudomonadales,Cellvibrionaceae,NA,NA
ASV13349fd44932,Bacteria,Pseudomonadota,Alphaproteobacteria,Sphingomonadales,Sphingomonadaceae,NA,NA
ASVf77700450bc1,Bacteria,Pseudomonadota,Alphaproteobacteria,Hyphomicrobiales,Rhizobiaceae,Shinella,NA
ASV83ef83c81997,Bacteria,Pseudomonadota,Gammaproteobacteria,Pseudomonadales,Pseudomonadaceae,Pseudomonas,balearica
ASVa5ee8a1c37e4,Bacteria,Chloroflexota,Chloroflexia,Thermomicrobiales,AKYG1722,NA,NA
ASV92ca894875d3,Bacteria,Chloroflexota,Chloroflexia,Thermomicrobiales,JG30-KF-CM45,NA,NA
ASVfcae348c1bc2,Bacteria,Deinococcota,Deinococci,Deinococcales,Trueperaceae,Truepera,NA
ASVfc4e819ae05e,Bacteria,Bacteroidota,Bacteroidia,Flavobacteriales,Crocinitomicaceae,Fluviicola,hefeinensis
ASV74ad1c548ad1,Bacteria,Pseudomonadota,Alphaproteobacteria,Sphingomonadales,Sphingomonadaceae,DSSF69,NA
ASVc0c669c737b7,Bacteria,Pseudomonadota,Gammaproteobacteria,Lysobacterales,Lysobacteraceae,Thermomonas,fusca
ASVbbdb586f556e,Bacteria,Actinomycetota,Actinobacteria,Kitasatosporales,Streptomycetaceae,Streptomyces,NA
ASV1ec3bbe23621,Bacteria,Pseudomonadota,Gammaproteobacteria,Pseudomonadales,Pseudomonadaceae,Pseudomonas,citronellolis
ASV79877389c34c,Bacteria,Pseudomonadota,Alphaproteobacteria,Hyphomicrobiales,Devosiaceae,Devosia,riboflavina
ASVef7891558810,Bacteria,Pseudomonadota,Alphaproteobacteria,Sphingomonadales,Sphingomonadaceae,Croceibacterium,NA
ASV08dfb663e039,Bacteria,Patescibacteria,Saccharimonadia,Saccharimonadales,NA,NA,NA
ASV149af0915dad,Bacteria,Pseudomonadota,Gammaproteobacteria,Pseudomonadales,Pseudomonadaceae,Pseudomonas,balearica
ASVb98a0ac47cbd,Bacteria,Bacteroidota,Bacteroidia,Cytophagales,Hymenobacteraceae,Pontibacter,NA
ASV19b83ba913d4,Bacteria,Myxococcota,Myxococcia,Myxococcales,Myxococcaceae,P3OB-42,NA
ASV6a8be8edc5d4,Bacteria,Pseudomonadota,Alphaproteobacteria,Elsterales,NA,NA,NA
ASV299bfbd6667e,Bacteria,Pseudomonadota,Alphaproteobacteria,Sphingomonadales,Sphingomonadaceae,Rhizorhabdus,NA
ASV4a6c69f53017,Bacteria,Pseudomonadota,Gammaproteobacteria,NA,NA,NA,NA
ASV5ff8f301bdb0,Bacteria,Pseudomonadota,Gammaproteobacteria,Burkholderiales,Comamonadaceae,NA,NA
ASV488b133a582b,Bacteria,Pseudomonadota,Alphaproteobacteria,Hyphomicrobiales,Rhizobiaceae,NA,NA
ASVa936da65d9bd,Bacteria,Myxococcota,Myxococcia,Myxococcales,Myxococcaceae,P3OB-42,NA
ASV8e176ae4b3ad,Bacteria,Pseudomonadota,Alphaproteobacteria,Hyphomicrobiales,Devosiaceae,Devosia,riboflavina
ASV94067d9641a9,Bacteria,Patescibacteria,Saccharimonadia,Saccharimonadales,NA,NA,NA
ASV8d6098522abb,Bacteria,Pseudomonadota,Gammaproteobacteria,Gammaproteobacteria Incertae Sedis,Unknown Family,Acidibacter,NA
ASV2f57d920a9e1,Bacteria,Patescibacteria,Saccharimonadia,Saccharimonadales,NA,NA,NA
ASV5d0ee53706ce,Bacteria,Actinomycetota,Actinobacteria,Micrococcales,Cellulomonadaceae,Cellulomonas,NA
ASV3d3a3be75680,Bacteria,Armatimonadota,Armatimonadia,Armatimonadales,Armatimonadaceae,NA,NA
ASV93a8be1b7d06,Bacteria,Pseudomonadota,Alphaproteobacteria,Acetobacterales,Acetobacteraceae,Acidisoma,NA
ASVb634266feafa,Bacteria,Pseudomonadota,Alphaproteobacteria,Caulobacterales,Caulobacteraceae,Asticcacaulis,NA
ASVc35e0242f002,Bacteria,Pseudomonadota,Alphaproteobacteria,Sphingomonadales,Sphingomonadaceae,NA,NA
ASV38c1349d72f1,Bacteria,Pseudomonadota,Gammaproteobacteria,Burkholderiales,Rhodocyclaceae,NA,NA
ASVc5235f194670,Bacteria,Nitrospirota,4-29-1,NA,NA,NA,NA
ASVa417f784f152,Bacteria,Armatimonadota,Chthonomonadia,Chthonomonadales,Chthonomonadaceae,Chthonomonas,NA
ASVfb469d3f93df,Bacteria,Chloroflexota,TK10,NA,NA,NA,NA
ASVc498ff5d60ea,Bacteria,Methylomirabilota,Methylomirabilia,Rokubacteriales,NA,NA,NA
ASV1cc099ae4252,Bacteria,Actinomycetota,Acidimicrobiia,Acidimicrobiales,Acidimicrobiaceae,NA,NA
ASVdb1d2e5c3672,Bacteria,Myxococcota,Myxococcia,Myxococcales,Anaeromyxobacteraceae,Anaeromyxobacter,NA
ASV166f3a7c1f76,Bacteria,Myxococcota,Polyangiia,Polyangiales,Polyangiaceae,Pajaroellobacter,NA
ASVac7c4a879f1d,Bacteria,Pseudomonadota,Alphaproteobacteria,Acetobacterales,Acetobacteraceae,NA,NA
ASV4be4abf1cf36,Bacteria,Gemmatimonadota,Gemmatimonadia,Gemmatimonadales,Gemmatimonadaceae,Gemmatimonas,NA
ASVbdbfdbaf0da7,Bacteria,Actinomycetota,Actinobacteria,Frankiales,Acidothermaceae,Acidothermus,NA
ASV3f85578889dc,Bacteria,Patescibacteria,Saccharimonadia,Saccharimonadales,WWH38,NA,NA
ASV553c21542f13,Bacteria,Planctomycetota,Phycisphaerae,Tepidisphaerales,CPla-3 termite group,NA,NA
ASV3e30724fb917,Bacteria,Actinomycetota,Actinobacteria,Micrococcales,Intrasporangiaceae,Oryzihumus,terrae
ASVc5cf78b18d09,Bacteria,Actinomycetota,Thermoleophilia,Solirubrobacterales,Solirubrobacteraceae,Conexibacter,NA
ASVeea9e36b22da,Bacteria,Pseudomonadota,Alphaproteobacteria,Elsterales,NA,NA,NA
ASV38581f35aa5a,Bacteria,Acidobacteriota,Acidobacteriae,Terriglobales,Acidobacteriaceae (Subgroup 1),NA,NA
ASV2f0dfa2a5018,Bacteria,Acidobacteriota,Acidobacteriae,Terriglobales,Koribacteraceae,Candidatus Koribacter,NA
ASVd5079a077d03,Bacteria,Pseudomonadota,Alphaproteobacteria,Hyphomicrobiales,Xanthobacteraceae,NA,NA
ASVc3bae2c176ff,Bacteria,Pseudomonadota,Gammaproteobacteria,Lysobacterales,Lysobacteraceae,Pseudoxanthomonas,mexicana
ASV4a5ba29e6b5e,Bacteria,Pseudomonadota,Alphaproteobacteria,Hyphomicrobiales,Beijerinckiaceae,Methylobacterium,brachiatum
ASVca52a1e74438,Bacteria,Patescibacteria,Saccharimonadia,Saccharimonadales,NA,NA,NA
ASV8d086e1ef2f9,Bacteria,Cyanobacteriota,Cyanobacteriia,Chloroplast,NA,NA,NA
ASV31aec2a475e3,Bacteria,Pseudomonadota,Gammaproteobacteria,Burkholderiales,Alcaligenaceae,Pusillibacter,NA
ASV18658e57bb44,Bacteria,Pseudomonadota,Gammaproteobacteria,Lysobacterales,Rhodanobacteraceae,Dokdonella,fugitiva
ASVa55edf193840,Bacteria,Actinomycetota,Actinobacteria,Frankiales,Acidothermaceae,Acidothermus,NA
ASVac169a64e253,Bacteria,Actinomycetota,Actinobacteria,Micrococcales,Microbacteriaceae,Leifsonia,xyli
ASV858bc86cdca4,Bacteria,Pseudomonadota,Alphaproteobacteria,Micropepsales,Micropepsaceae,NA,NA
ASVbc052ace0b66,Bacteria,Pseudomonadota,Alphaproteobacteria,Acetobacterales,Acetobacteraceae,Acidicaldus,NA
ASV37ef97c85d64,Bacteria,Actinomycetota,Thermoleophilia,Solirubrobacterales,Solirubrobacteraceae,Solirubrobacter,NA
ASVe0ba9dd004f4,Bacteria,Gemmatimonadota,Gemmatimonadia,Gemmatimonadales,Gemmatimonadaceae,NA,NA
ASV2c9cbf02a5eb,Bacteria,Patescibacteria,Saccharimonadia,Saccharimonadales,WWH38,NA,NA
ASVe2c099c07cba,Bacteria,Actinomycetota,Actinobacteria,Catenulisporales,Catenulisporaceae,Catenulispora,acidiphila
ASVa67889d6b1a9,Bacteria,Acidobacteriota,Acidobacteriae,Terriglobales,NA,NA,NA
ASVea26443a539c,Bacteria,Acidobacteriota,Acidobacteriae,Terriglobales,Acidobacteriaceae (Subgroup 1),NA,NA
ASV930f482e926a,Bacteria,Patescibacteria,Saccharimonadia,Saccharimonadales,NA,NA,NA
ASVb8078fbc975f,Bacteria,Actinomycetota,Thermoleophilia,Solirubrobacterales,Solirubrobacteraceae,Conexibacter,NA
ASV46cf0395a864,Bacteria,Pseudomonadota,Alphaproteobacteria,Elsterales,NA,NA,NA
ASV1c7ed1fcb6fe,Bacteria,Myxococcota,Polyangiia,Haliangiales,Haliangiaceae,NA,NA
ASVf894ccd112f4,Bacteria,NA,NA,NA,NA,NA,NA
ASV7990e9b0443b,Bacteria,Bacteroidota,Bacteroidia,Chitinophagales,Chitinophagaceae,Chitinophaga,rupis
ASVdaf61066c4ff,Bacteria,Actinomycetota,Actinobacteria,Frankiales,Geodermatophilaceae,Blastococcus,NA
ASVd1f61cbca6a3,Bacteria,Gemmatimonadota,Gemmatimonadia,Gemmatimonadales,Gemmatimonadaceae,Gemmatimonas,NA
ASV9fc7e0b82ea5,Bacteria,Pseudomonadota,Alphaproteobacteria,Elsterales,NA,NA,NA
ASVac49ffc43378,Bacteria,Pseudomonadota,Gammaproteobacteria,Lysobacterales,Rhodanobacteraceae,Rhodanobacter,NA
ASV44c08f6a12c2,Bacteria,Actinomycetota,Actinobacteria,Streptosporangiales,Streptosporangiaceae,Nonomuraea,NA
ASVe6f9a9edad26,Bacteria,Bacteroidota,Bacteroidia,Chitinophagales,Chitinophagaceae,Chitinophaga,NA
ASVbf743243c212,Bacteria,Chloroflexota,Ktedonobacteria,Ktedonobacterales,JG30-KF-AS9,NA,NA
ASVd504c4688fb2,Bacteria,Pseudomonadota,Gammaproteobacteria,Burkholderiales,Alcaligenaceae,Candidimonas,humi
ASV70194f3c930e,Bacteria,Acidobacteriota,Acidobacteriae,Terriglobales,NA,NA,NA
ASVd18ffe5770c0,Bacteria,Actinomycetota,Actinobacteria,Frankiales,Frankiaceae,Jatrophihabitans,NA
ASV3b7fddf5b1e8,Bacteria,Pseudomonadota,Alphaproteobacteria,Hyphomicrobiales,Xanthobacteraceae,Pseudolabrys,NA
ASV782cfcb9091e,Bacteria,Gemmatimonadota,Longimicrobiia,Longimicrobiales,Longimicrobiaceae,NA,NA
ASVb997c0ea8e36,Bacteria,Chloroflexota,Chloroflexia,Thermomicrobiales,Thermomicrobiaceae,Sphaerobacter,NA
ASV0fcbc7be9a81,Bacteria,Pseudomonadota,Alphaproteobacteria,Micropepsales,Micropepsaceae,Rhizomicrobium,NA
ASV0e99f6d3da3b,Bacteria,Pseudomonadota,Gammaproteobacteria,Lysobacterales,Lysobacteraceae,Stenotrophomonas,acidaminiphila
ASV9c8d203aba05,Bacteria,Pseudomonadota,Gammaproteobacteria,Burkholderiales,Chromobacteriaceae,Pseudogulbenkiania,NA
ASV12bfb3b5b1b8,Bacteria,Pseudomonadota,Alphaproteobacteria,Hyphomicrobiales,Rhizobiaceae,Aminobacter,NA
ASV1c99ccd88379,Bacteria,Pseudomonadota,Gammaproteobacteria,Burkholderiales,Comamonadaceae,NA,NA
ASV2040a21dcad5,Bacteria,Pseudomonadota,Gammaproteobacteria,Pseudomonadales,Pseudohongiellaceae,BIyi10,NA
ASVd769c6e93740,Bacteria,Pseudomonadota,Gammaproteobacteria,NA,NA,NA,NA
ASVf2066982b144,Bacteria,Pseudomonadota,Gammaproteobacteria,Lysobacterales,Lysobacteraceae,Thermomonas,fusca
ASV70babdcadbe3,Bacteria,Pseudomonadota,Gammaproteobacteria,Lysobacterales,Lysobacteraceae,Thermomonas,NA
ASV7db9001edd3d,Bacteria,Bdellovibrionota,Bdellovibrionia,Bdellovibrionales,Pseudobdellovibrionaceae,OM27 clade,NA
ASV52a77f7cb9b3,Bacteria,Pseudomonadota,Gammaproteobacteria,Pseudomonadales,Pseudomonadaceae,Pseudomonas,stutzeri
ASVf37ee6f7531e,Bacteria,Pseudomonadota,Gammaproteobacteria,Lysobacterales,Lysobacteraceae,Thermomonas,NA
ASV37e2f20d9570,Bacteria,Bacteroidota,Bacteroidia,Sphingobacteriales,Sphingobacteriaceae,Mucilaginibacter,NA
ASV82f1ffba1057,Bacteria,Actinomycetota,Actinobacteria,Streptosporangiales,Thermomonosporaceae,Actinoallomurus,NA
ASVf923a76053bb,Bacteria,Planctomycetota,Planctomycetes,Isosphaerales,Isosphaeraceae,Paludisphaera,borealis
ASV5d5723acf2ad,Bacteria,Patescibacteria,Saccharimonadia,Saccharimonadales,NA,NA,NA
ASVa3fafc372b91,Bacteria,Gemmatimonadota,Gemmatimonadia,Gemmatimonadales,Gemmatimonadaceae,Gemmatimonas,NA
ASV969c038c44f5,Bacteria,Planctomycetota,Phycisphaerae,Tepidisphaerales,WD2101 soil group,NA,NA
ASV5ce2913761ca,Bacteria,Pseudomonadota,Alphaproteobacteria,Hyphomicrobiales,Beijerinckiaceae,Roseiarcus,NA
ASV78e84e8ccce9,Bacteria,Verrucomicrobiota,Verrucomicrobiia,Opitutales,Opitutaceae,NA,NA
ASVe23a8e83d455,Bacteria,Patescibacteria,Saccharimonadia,Saccharimonadales,LWQ8,NA,NA
ASV10821ad02123,Bacteria,Pseudomonadota,Alphaproteobacteria,Azospirillales,Inquilinaceae,Inquilinus,NA
ASVbff3ab299588,Bacteria,Pseudomonadota,Alphaproteobacteria,Hyphomicrobiales,KF-JG30-B3,NA,NA
ASV7f11c1e3aa1f,Bacteria,Acidobacteriota,Vicinamibacteria,Vicinamibacterales,NA,NA,NA
ASV3026ced8ad8f,Bacteria,NA,NA,NA,NA,NA,NA
ASV3fa326da05ce,Bacteria,Bdellovibrionota,Oligoflexia,0319-6G20,NA,NA,NA
ASV008de7e923b2,Bacteria,Acidobacteriota,Blastocatellia,Pyrinomonadales,Pyrinomonadaceae,NA,NA
ASV5349587b3806,Bacteria,Chloroflexota,Chloroflexia,Chloroflexales,Roseiflexaceae,NA,NA
ASV7d9726e1ae47,Bacteria,Myxococcota,Myxococcia,Myxococcales,Anaeromyxobacteraceae,Anaeromyxobacter,NA
ASV92905fc84181,Bacteria,Pseudomonadota,Alphaproteobacteria,Elsterales,NA,NA,NA
ASV4d191427bc88,Bacteria,Myxococcota,Polyangiia,mle1-27,NA,NA,NA
ASVa1a010d35c82,Bacteria,Candidatus Kapabacteria,Kapabacteria,Kapabacteriales,NA,NA,NA
ASV3e1fe90152ad,Bacteria,Acidobacteriota,Acidobacteriae,Subgroup 2,NA,NA,NA
ASV38d6c4c46eb0,Bacteria,Chloroflexota,Chloroflexia,Thermomicrobiales,JG30-KF-CM45,NA,NA
ASV11a1bdb1bcd9,Bacteria,Armatimonadota,Armatimonadia,Armatimonadales,Armatimonadaceae,NA,NA
ASVfa3417ddbc24,Bacteria,Pseudomonadota,Gammaproteobacteria,Lysobacterales,Rhodanobacteraceae,Rhodanobacter,NA
ASVd828357c498f,Bacteria,Chloroflexota,Ktedonobacteria,Ktedonobacterales,JG30-KF-AS9,NA,NA
ASV5797f8ca4c3c,Bacteria,Patescibacteria,Saccharimonadia,Saccharimonadales,LWQ8,NA,NA
ASVedd522df82eb,Bacteria,Actinomycetota,Actinobacteria,Micromonosporales,Micromonosporaceae,Actinoplanes,NA
ASVd0826f8490e7,Bacteria,Chloroflexota,Ktedonobacteria,Ktedonobacterales,JG30-KF-AS9,NA,NA
ASVbdaccfbff80c,Bacteria,Acidobacteriota,Acidobacteriae,Terriglobales,NA,NA,NA
ASV3e273064474a,Bacteria,Acidobacteriota,Acidobacteriae,Solibacterales,Solibacteraceae,Candidatus Solibacter,NA
ASVd7e969bb44e5,Bacteria,Chloroflexota,Chloroflexia,Thermomicrobiales,JG30-KF-CM45,NA,NA
ASV832b1ccf0538,Bacteria,Pseudomonadota,Alphaproteobacteria,Sphingomonadales,Sphingomonadaceae,Altericroceibacterium,NA
ASVf912ab9e5ac5,Bacteria,Pseudomonadota,Alphaproteobacteria,Micropepsales,Micropepsaceae,NA,NA
ASV515d70370353,Bacteria,Pseudomonadota,Gammaproteobacteria,Burkholderiales,Alcaligenaceae,Bordetella,NA
ASV4575fc2aed61,Bacteria,Pseudomonadota,Alphaproteobacteria,Sphingomonadales,Sphingomonadaceae,Novosphingobium,aromaticivorans
ASV31bf65558931,Bacteria,Acidobacteriota,Acidobacteriae,Terriglobales,Acidobacteriaceae (Subgroup 1),Edaphobacter,NA
ASV8a5feaeb5f88,Bacteria,Pseudomonadota,Gammaproteobacteria,Lysobacterales,Rhodanobacteraceae,Luteibacter,yeojuensis
ASVc8f6e9e9d062,Bacteria,Bdellovibrionota,Bdellovibrionia,Bdellovibrionales,Pseudobdellovibrionaceae,Bdellovibrio,NA
ASV0ff57319c881,Bacteria,Pseudomonadota,Gammaproteobacteria,Lysobacterales,Lysobacteraceae,Stenotrophomonas,acidaminiphila
ASV16caf5fce6f3,Bacteria,Pseudomonadota,Alphaproteobacteria,Elsterales,NA,NA,NA
ASV636ef2d23406,Bacteria,Pseudomonadota,Gammaproteobacteria,Burkholderiales,Oxalobacteraceae,Massilia,NA
ASV54adf48620c8,Bacteria,Pseudomonadota,Gammaproteobacteria,Burkholderiales,SC-I-84,NA,NA
ASV9d66ab6e3d14,Bacteria,Patescibacteria,Saccharimonadia,Saccharimonadales,WWH38,NA,NA
ASV872ad339971a,Bacteria,Patescibacteria,Saccharimonadia,Saccharimonadales,NA,NA,NA
ASVab579dd09815,Bacteria,Myxococcota,Polyangiia,Polyangiales,Polyangiaceae,Pajaroellobacter,NA
ASV1465b636d70f,Bacteria,Pseudomonadota,Alphaproteobacteria,Hyphomicrobiales,Devosiaceae,NA,NA
ASV47a9819972a1,Bacteria,Bacteroidota,Bacteroidia,Chitinophagales,Chitinophagaceae,Arachidicoccus,NA
ASVcfc1f447b6ea,Bacteria,Patescibacteria,Saccharimonadia,Saccharimonadales,NA,NA,NA
ASVe758dc4e46d3,Bacteria,Patescibacteria,Saccharimonadia,Saccharimonadales,LWQ8,NA,NA
ASV915759ceff90,Bacteria,Actinomycetota,Actinobacteria,Frankiales,Frankiaceae,Jatrophihabitans,NA
ASV477da4ef4236,Bacteria,Pseudomonadota,Alphaproteobacteria,Elsterales,NA,NA,NA
ASV52d426cdcae9,Bacteria,Patescibacteria,Saccharimonadia,Saccharimonadales,LWQ8,NA,NA
ASV58a8e538bd21,Bacteria,Pseudomonadota,Gammaproteobacteria,Lysobacterales,Rhodanobacteraceae,Chujaibacter,NA
ASV7bd6b64b5662,Bacteria,Pseudomonadota,Gammaproteobacteria,Lysobacterales,Rhodanobacteraceae,Chujaibacter,NA
ASV039652ad7876,Bacteria,Planctomycetota,Phycisphaerae,Tepidisphaerales,CPla-3 termite group,NA,NA
ASV0b679845bd45,Bacteria,Pseudomonadota,Alphaproteobacteria,Rickettsiales,Mitochondria,NA,NA
ASV8cd1c194691a,Bacteria,Pseudomonadota,Gammaproteobacteria,Rickettsiellales,Rickettsiellaceae,NA,NA
ASV946bfdc40147,Bacteria,Pseudomonadota,Alphaproteobacteria,Hyphomicrobiales,Rhizobiaceae,NA,NA
ASVf7c7999df286,Bacteria,Pseudomonadota,Alphaproteobacteria,Caulobacterales,Caulobacteraceae,NA,NA
ASVc9df62fb5957,Bacteria,Myxococcota,Polyangiia,Polyangiales,Sandaracinaceae,NA,NA
ASV5e366bbc1136,Bacteria,Pseudomonadota,Alphaproteobacteria,Rickettsiales,Mitochondria,NA,NA
ASVa541364e9fa1,Bacteria,Actinomycetota,Actinobacteria,Frankiales,Acidothermaceae,Acidothermus,NA
ASVc6aa4b74a775,Bacteria,Bacteroidota,Bacteroidia,Chitinophagales,Chitinophagaceae,Chitinophaga,terrae
ASVe7dea4281023,Bacteria,Actinomycetota,Thermoleophilia,Solirubrobacterales,Solirubrobacteraceae,Conexibacter,NA
ASV0bf71b31cc45,Bacteria,Pseudomonadota,Alphaproteobacteria,Acetobacterales,Acetobacteraceae,NA,NA
ASV3431b89a6e55,Bacteria,Pseudomonadota,Alphaproteobacteria,Hyphomicrobiales,D05-2,NA,NA
ASV3ad3f1dfdcbf,Bacteria,Pseudomonadota,Alphaproteobacteria,NA,NA,NA,NA
ASVa0f5ccab6c47,Bacteria,Pseudomonadota,Alphaproteobacteria,Hyphomicrobiales,Rhizobiaceae,NA,NA
ASV076d1d1c9f51,Bacteria,Pseudomonadota,Alphaproteobacteria,Sphingomonadales,Sphingomonadaceae,Croceibacterium,NA
ASVa01006b6e405,Bacteria,Bacteroidota,Bacteroidia,Sphingobacteriales,Sphingobacteriaceae,Parapedobacter,NA
ASVa389b62d7883,Bacteria,Bacillota,Bacilli,Alicyclobacillales,Alicyclobacillaceae,Tumebacillus,avium
ASV0263b856c60b,Bacteria,Pseudomonadota,Alphaproteobacteria,Sphingomonadales,Sphingomonadaceae,NA,NA
ASV40711c5fc077,Bacteria,Pseudomonadota,Gammaproteobacteria,Burkholderiales,Alcaligenaceae,Pusillibacter,NA
ASV2ec4ccd1b3e7,Bacteria,Pseudomonadota,Alphaproteobacteria,Sphingomonadales,Sphingomonadaceae,Hephaestia,NA
ASV86a1c2b41e45,Bacteria,Pseudomonadota,Gammaproteobacteria,Burkholderiales,Oxalobacteraceae,Herbaspirillum,NA
ASVadb1814ffb99,Bacteria,Pseudomonadota,Gammaproteobacteria,Burkholderiales,Chromobacteriaceae,Vogesella,fluminis
ASV0ab7689c652c,Bacteria,Pseudomonadota,Alphaproteobacteria,Sphingomonadales,Sphingomonadaceae,Croceibacterium,NA
ASVe794e97cfdd8,Bacteria,Pseudomonadota,Gammaproteobacteria,NA,NA,NA,NA
ASV133c8d761eb2,Bacteria,Chloroflexota,Chloroflexia,Chloroflexales,Roseiflexaceae,NA,NA
ASV3378e4a9f3bb,Bacteria,Pseudomonadota,Gammaproteobacteria,Burkholderiales,Oxalobacteraceae,NA,NA
ASV536d37f5a3b0,Bacteria,Patescibacteria,Saccharimonadia,Saccharimonadales,LWQ8,NA,NA
ASVf80ff5bbd726,Bacteria,Pseudomonadota,Alphaproteobacteria,Caulobacterales,Caulobacteraceae,Phenylobacterium,NA
ASVdb702627e35b,Bacteria,Pseudomonadota,Gammaproteobacteria,Pseudomonadales,Pseudomonadaceae,Pseudomonas,stutzeri
ASV4a667ee368e9,Bacteria,Bacteroidota,Bacteroidia,Sphingobacteriales,Sphingobacteriaceae,Parapedobacter,NA
ASVcaacb5b902a8,Bacteria,Planctomycetota,Planctomycetes,Gemmatales,Gemmataceae,NA,NA
ASV066c859b9671,Bacteria,Pseudomonadota,Gammaproteobacteria,Lysobacterales,Lysobacteraceae,NA,NA
ASV23c74d095665,Bacteria,Pseudomonadota,Gammaproteobacteria,Lysobacterales,Lysobacteraceae,Luteimonas,marina
ASV44d4c41f93dd,Bacteria,Actinomycetota,Actinobacteria,Propionibacteriales,Nocardioidaceae,Nocardioides,NA
ASV8eac5b92b9c3,Bacteria,Actinomycetota,Actinobacteria,Frankiales,Frankiaceae,Jatrophihabitans,NA
ASV3e71d466844d,Bacteria,Patescibacteria,Saccharimonadia,Saccharimonadales,LWQ8,NA,NA
ASVcabf05539cb0,Bacteria,Cyanobacteriota,Cyanobacteriia,Chloroplast,NA,NA,NA
ASV216886ecaf8f,Bacteria,Patescibacteria,Saccharimonadia,Saccharimonadales,LWQ8,NA,NA
ASV7d8b17b64b23,Bacteria,Actinomycetota,Actinobacteria,Pseudonocardiales,Pseudonocardiaceae,Amycolatopsis,NA
ASV8c49792e7111,Bacteria,Chloroflexota,Chloroflexia,Thermomicrobiales,JG30-KF-CM45,NA,NA
ASV852410ee9aad,Bacteria,Pseudomonadota,Alphaproteobacteria,Elsterales,NA,NA,NA
ASV02150b31ac50,Bacteria,Chloroflexota,KD4-96,NA,NA,NA,NA
ASV4dd4bdd76c8a,Bacteria,Pseudomonadota,Gammaproteobacteria,Gammaproteobacteria Incertae Sedis,Unknown Family,Acidibacter,NA
ASVbcf0f69ce518,Bacteria,Acidobacteriota,Acidobacteriae,Bryobacterales,Bryobacteraceae,Bryobacter,NA
ASVe986636f51ad,Bacteria,Acidobacteriota,Acidobacteriae,Terriglobales,Acidobacteriaceae (Subgroup 1),NA,NA
ASVaf14a3eb76bb,Bacteria,Chloroflexota,Ktedonobacteria,C0119,NA,NA,NA
ASV731aa7c780f0,Bacteria,Actinomycetota,Actinobacteria,Frankiales,Frankiaceae,Jatrophihabitans,NA
ASV29db08c17595,Bacteria,Pseudomonadota,Alphaproteobacteria,Caulobacterales,Caulobacteraceae,NA,NA
ASV8bcb46246439,Bacteria,Acidobacteriota,Acidobacteriae,Solibacterales,Solibacteraceae,Candidatus Solibacter,NA
ASVa71c390efa5d,Bacteria,Chloroflexota,Ktedonobacteria,Ktedonobacterales,JG30-KF-AS9,NA,NA
ASVf624fcd16a84,Bacteria,Actinomycetota,Thermoleophilia,Gaiellales,NA,NA,NA
ASVd2baadf0b371,Bacteria,Myxococcota,Polyangiia,Polyangiales,Polyangiaceae,Pajaroellobacter,NA
ASVafecb712d3f4,Bacteria,Planctomycetota,Phycisphaerae,Tepidisphaerales,WD2101 soil group,NA,NA
ASV01aa350b0b08,Bacteria,Pseudomonadota,Alphaproteobacteria,Hyphomicrobiales,Beijerinckiaceae,Roseiarcus,NA
ASVa8c88d47bed5,Bacteria,Bacteroidota,Bacteroidia,Sphingobacteriales,Sphingobacteriaceae,Mucilaginibacter,NA
ASVe4e50cb608fd,Bacteria,Pseudomonadota,Alphaproteobacteria,Rickettsiales,Mitochondria,NA,NA
ASV8c7033296f9b,Bacteria,Acidobacteriota,Acidobacteriae,Terriglobales,Koribacteraceae,Candidatus Koribacter,NA
ASVa45c0dbef8d3,Bacteria,Actinomycetota,Thermoleophilia,Gaiellales,NA,NA,NA
ASV642c0eda55de,Bacteria,Pseudomonadota,Gammaproteobacteria,Enterobacterales,Yersiniaceae,Serratia,NA
ASVb0a1c145525d,Bacteria,Acidobacteriota,Acidobacteriae,Terriglobales,NA,NA,NA
ASV0b419e80764d,Bacteria,Acidobacteriota,Acidobacteriae,Bryobacterales,Bryobacteraceae,Bryobacter,NA
ASV5f50cea5b0d3,Bacteria,Actinomycetota,Actinobacteria,Frankiales,Acidothermaceae,Acidothermus,NA
ASV82ce8f4b76a0,Bacteria,Actinomycetota,Thermoleophilia,Solirubrobacterales,Solirubrobacteraceae,Conexibacter,NA
ASV0fcba1c82937,Bacteria,Patescibacteria,Saccharimonadia,Saccharimonadales,WWH38,NA,NA
ASV5e2e3d5dc13a,Bacteria,Pseudomonadota,Gammaproteobacteria,Burkholderiales,NA,NA,NA
ASV2014f7013224,Bacteria,Actinomycetota,Thermoleophilia,Gaiellales,NA,NA,NA
ASVa4e347ae245d,Bacteria,Pseudomonadota,Alphaproteobacteria,Sphingomonadales,Sphingomonadaceae,NA,NA
ASV8344b2e3fdea,Bacteria,Acidobacteriota,Acidobacteriae,Terriglobales,NA,NA,NA
ASV35cada446b09,Bacteria,Verrucomicrobiota,Verrucomicrobiia,Opitutales,Opitutaceae,NA,NA
ASVd178b0aaa809,Bacteria,Actinomycetota,Thermoleophilia,Solirubrobacterales,Solirubrobacteraceae,Baekduia,NA
ASVd1a80f582304,Bacteria,Pseudomonadota,Gammaproteobacteria,Lysobacterales,Lysobacteraceae,Pseudoxanthomonas,mexicana
ASVba66552db3e0,Bacteria,Bdellovibrionota,Oligoflexia,Oligoflexales,Oligoflexaceae,NA,NA
ASV715fdc044a6a,Bacteria,Patescibacteria,Saccharimonadia,Saccharimonadales,NA,NA,NA
ASV28cc6502e4f1,Bacteria,Gemmatimonadota,Gemmatimonadia,Gemmatimonadales,Gemmatimonadaceae,Gemmatimonas,NA
ASV92f71089b2f7,Bacteria,Chloroflexota,Chloroflexia,Thermomicrobiales,JG30-KF-CM45,NA,NA
ASV53d002f0974d,Bacteria,Pseudomonadota,Gammaproteobacteria,Lysobacterales,Lysobacteraceae,Pseudoxanthomonas,mexicana
ASV6a87a861949f,Bacteria,Pseudomonadota,Alphaproteobacteria,Hyphomicrobiales,Devosiaceae,NA,NA
ASV9d4dc4808e7a,Bacteria,Pseudomonadota,Alphaproteobacteria,Micropepsales,Micropepsaceae,Rhizomicrobium,NA
ASVfd9ac65aaf05,Bacteria,Cyanobacteriota,Sericytochromatia,NA,NA,NA,NA
ASV8b016dca8ccd,Bacteria,Pseudomonadota,Alphaproteobacteria,Micropepsales,Micropepsaceae,Rhizomicrobium,NA
ASVda53a2daee81,Bacteria,Chloroflexota,Ktedonobacteria,C0119,NA,NA,NA
ASVe5e713917fa1,Bacteria,Planctomycetota,Planctomycetes,Isosphaerales,Isosphaeraceae,Aquisphaera,NA
ASV652e190f0ad1,Bacteria,Patescibacteria,Microgenomatia,NA,NA,NA,NA
ASV3cfe9fbdca6d,Bacteria,Patescibacteria,Saccharimonadia,Saccharimonadales,LWQ8,NA,NA
ASVfb3e1dfe83e7,Bacteria,Chloroflexota,Chloroflexia,Thermomicrobiales,JG30-KF-CM45,NA,NA
ASV2fe111aaed64,Bacteria,Pseudomonadota,Alphaproteobacteria,Hyphomicrobiales,Beijerinckiaceae,Methylobacterium,brachiatum
ASVeafd38bdab59,Bacteria,Chloroflexota,Ktedonobacteria,B12-WMSP1,NA,NA,NA
ASV512698663434,Bacteria,Patescibacteria,Saccharimonadia,Saccharimonadales,WWH38,NA,NA
ASV8e9e86669a29,Bacteria,Patescibacteria,Saccharimonadia,Saccharimonadales,LWQ8,NA,NA
ASV98837fdee066,Bacteria,Actinomycetota,Actinobacteria,Micrococcales,Microbacteriaceae,NA,NA
ASV1db17b9af76f,Bacteria,Pseudomonadota,Alphaproteobacteria,Elsterales,NA,NA,NA
ASVa1fce2ec3260,Bacteria,NA,NA,NA,NA,NA,NA
ASVb0cf18a3cbf3,Bacteria,Bacteroidota,Bacteroidia,Sphingobacteriales,Sphingobacteriaceae,Mucilaginibacter,NA
ASVc8914d7d671d,Bacteria,Pseudomonadota,Gammaproteobacteria,Enterobacterales,Enterobacteriaceae,Kosakonia,NA
ASV1049f29b63fe,Bacteria,Patescibacteria,Saccharimonadia,Saccharimonadales,NA,NA,NA
ASV86c2f380a10f,Bacteria,Chloroflexota,Chloroflexia,Thermomicrobiales,Thermomicrobiaceae,Sphaerobacter,NA
ASV2de56a54c660,Bacteria,Actinomycetota,Actinobacteria,Frankiales,Acidothermaceae,Acidothermus,NA
ASV4a8cf38d018b,Bacteria,Actinomycetota,Actinobacteria,Micrococcales,Intrasporangiaceae,NA,NA
ASV96a87085497a,Bacteria,Pseudomonadota,Alphaproteobacteria,Azospirillales,Azospirillaceae,Azospirillum,NA
ASVe102ca7e1a2b,Bacteria,Myxococcota,Polyangiia,Haliangiales,Haliangiaceae,NA,NA
ASV6ebdeb062cae,Bacteria,Pseudomonadota,Gammaproteobacteria,Burkholderiales,Comamonadaceae,NA,NA
ASVe7f9126422ad,Bacteria,Chloroflexota,Chloroflexia,Kallotenuales,AKIW781,NA,NA
ASV20369f29cc88,Bacteria,Pseudomonadota,Gammaproteobacteria,Burkholderiales,Rhodocyclaceae,NA,NA
ASVee3ea6578cf1,Bacteria,Pseudomonadota,Alphaproteobacteria,Micropepsales,Micropepsaceae,Rhizomicrobium,NA
ASVfe37cab1524f,Bacteria,Pseudomonadota,Alphaproteobacteria,Hyphomicrobiales,Xanthobacteraceae,Pseudolabrys,NA
ASVc034af570d21,Bacteria,Actinomycetota,Actinobacteria,Frankiales,Frankiaceae,Jatrophihabitans,NA
ASV921ff0fe797f,Bacteria,Pseudomonadota,Alphaproteobacteria,Hyphomicrobiales,Xanthobacteraceae,Afipia,NA
ASVe21b1a9a14f1,Bacteria,Verrucomicrobiota,Verrucomicrobiia,Verrucomicrobiales,DEV007,NA,NA
ASV8ed89c263db5,Bacteria,Pseudomonadota,Alphaproteobacteria,Sphingomonadales,Sphingomonadaceae,NA,NA
ASV9ce7335a92ea,Bacteria,Pseudomonadota,Alphaproteobacteria,Sphingomonadales,Sphingomonadaceae,NA,NA
ASV6a0b8e0ac503,Bacteria,Pseudomonadota,Gammaproteobacteria,Lysobacterales,Lysobacteraceae,Thermomonas,NA
ASV8952b768f1cc,Bacteria,Pseudomonadota,Gammaproteobacteria,Burkholderiales,Rhodocyclaceae,NA,NA
ASV988b95555c62,Bacteria,Actinomycetota,Actinobacteria,Micrococcales,Micrococcaceae,Enteractinococcus,NA
ASVc23a5b9c0182,Bacteria,Pseudomonadota,Gammaproteobacteria,Lysobacterales,Lysobacteraceae,NA,NA
ASV9302d3291cda,Bacteria,Pseudomonadota,Gammaproteobacteria,Lysobacterales,Lysobacteraceae,Thermomonas,NA
ASV1fc6a7d6ece7,Bacteria,Actinomycetota,Acidimicrobiia,Microtrichales,NA,NA,NA
ASVde5ae414f49e,Bacteria,Cyanobacteriota,Sericytochromatia,NA,NA,NA,NA
ASVa17fd7da30d3,Bacteria,Pseudomonadota,Gammaproteobacteria,Pseudomonadales,Pseudomonadaceae,Pseudomonas,stutzeri
ASV4a9ed9b1cb9e,Bacteria,Pseudomonadota,Gammaproteobacteria,Lysobacterales,Lysobacteraceae,Thermomonas,NA
ASV0b3b407f4cfc,Bacteria,Pseudomonadota,Gammaproteobacteria,Lysobacterales,Rhodanobacteraceae,Rhodanobacter,NA
ASV0cbfcb075fda,Bacteria,Patescibacteria,Saccharimonadia,Saccharimonadales,LWQ8,NA,NA
ASV94b9a25a3637,Bacteria,Chloroflexota,NA,NA,NA,NA,NA
ASV2132abf2d34a,Bacteria,Bacteroidota,Bacteroidia,Sphingobacteriales,Sphingobacteriaceae,Mucilaginibacter,NA
ASV220060adf354,Bacteria,Actinomycetota,Actinobacteria,Micrococcales,Dermacoccaceae,Flexivirga,NA
ASVfb8bdb79e1c0,Bacteria,Chloroflexota,KD4-96,NA,NA,NA,NA
ASVc71352c3c747,Bacteria,RCP2-54,NA,NA,NA,NA,NA
ASV0fb3d30d6bb3,Bacteria,Candidatus Kapabacteria,Kapabacteria,Kapabacteriales,NA,NA,NA
ASV93274d3c9c2b,Bacteria,Myxococcota,Polyangiia,Polyangiales,Polyangiaceae,Pajaroellobacter,NA
ASV7e1e54a1bbbb,Bacteria,Pseudomonadota,Gammaproteobacteria,Gammaproteobacteria Incertae Sedis,Unknown Family,Acidibacter,NA
ASV4d958b265b64,Bacteria,Pseudomonadota,Gammaproteobacteria,KF-JG30-C25,NA,NA,NA
ASV5fa3124f3dfd,Bacteria,Patescibacteria,Saccharimonadia,Saccharimonadales,LWQ8,NA,NA
ASVf7c2085a1913,Bacteria,Planctomycetota,Planctomycetes,Gemmatales,Gemmataceae,NA,NA
ASV5e696ef23ec3,Bacteria,Methylomirabilota,Methylomirabilia,Rokubacteriales,WX65,NA,NA
ASVd62744eacdb0,Bacteria,Acidobacteriota,Acidobacteriae,Subgroup 2,NA,NA,NA
ASV7ece98ccb4ab,Bacteria,Chloroflexota,TK10,NA,NA,NA,NA
ASV0ef56e29ccb8,Bacteria,Chloroflexota,Chloroflexia,Thermomicrobiales,NA,NA,NA
ASV7ecbde32a38b,Bacteria,Actinomycetota,Thermoleophilia,Solirubrobacterales,Solirubrobacteraceae,NA,NA
ASV774f305af1ac,Bacteria,Armatimonadota,Chthonomonadia,Chthonomonadales,NA,NA,NA
ASV733687239317,Bacteria,Pseudomonadota,Alphaproteobacteria,Hyphomicrobiales,Xanthobacteraceae,Pseudolabrys,NA
ASV06f8b877fcd3,Bacteria,Pseudomonadota,Gammaproteobacteria,Lysobacterales,Rhodanobacteraceae,Rhodanobacter,NA
ASV54287a65e5f6,Bacteria,Planctomycetota,Phycisphaerae,Tepidisphaerales,WD2101 soil group,NA,NA
ASV9445d510bb3e,Bacteria,Gemmatimonadota,Gemmatimonadia,Gemmatimonadales,Gemmatimonadaceae,Gemmatimonas,NA
ASV99639c6c9a41,Bacteria,NA,NA,NA,NA,NA,NA
ASV302365f27f76,Bacteria,Acidobacteriota,Acidobacteriae,Solibacterales,Solibacteraceae,Candidatus Solibacter,NA
ASV6e109ab7a760,Bacteria,Acidobacteriota,Acidobacteriae,Terriglobales,Acidobacteriaceae (Subgroup 1),NA,NA
ASVc9539756dd74,Bacteria,Chloroflexota,Ktedonobacteria,Ktedonobacterales,JG30-KF-AS9,NA,NA
ASVbc25c22b6179,Bacteria,Pseudomonadota,Gammaproteobacteria,Lysobacterales,Rhodanobacteraceae,Mizugakiibacter,NA
ASV1b1d9dc4c47e,Bacteria,Acidobacteriota,Acidobacteriae,Terriglobales,NA,NA,NA
ASV223b82298831,Bacteria,Pseudomonadota,Gammaproteobacteria,Burkholderiales,Comamonadaceae,NA,NA
ASVfea33653dfec,Bacteria,Actinomycetota,Actinobacteria,Frankiales,Acidothermaceae,Acidothermus,NA
ASV53d4a4f6786f,Bacteria,Planctomycetota,Planctomycetes,Isosphaerales,Isosphaeraceae,Singulisphaera,NA
ASV7b940da92bb3,Bacteria,Pseudomonadota,Alphaproteobacteria,Elsterales,NA,NA,NA
ASV1255ebfdac5c,Bacteria,Pseudomonadota,Alphaproteobacteria,Reyranellales,Reyranellaceae,Reyranella,NA
ASVf483a5141be9,Bacteria,Acidobacteriota,Acidobacteriae,Terriglobales,NA,NA,NA
ASV4310e3d7949c,Bacteria,Pseudomonadota,Alphaproteobacteria,Micropepsales,Micropepsaceae,NA,NA
ASVbf93b6e66f26,Bacteria,Actinomycetota,Actinobacteria,Micromonosporales,Micromonosporaceae,Actinoplanes,NA
ASVa32891290598,Bacteria,Actinomycetota,Thermoleophilia,Solirubrobacterales,67-14,NA,NA
ASV26b7db899c1d,Bacteria,Pseudomonadota,Alphaproteobacteria,Hyphomicrobiales,Rhizobiaceae,Shinella,NA
ASV76b32b747b47,Bacteria,Bacteroidota,Bacteroidia,Sphingobacteriales,Sphingobacteriaceae,Mucilaginibacter,NA
ASV077022bff517,Bacteria,Chloroflexota,Ktedonobacteria,C0119,NA,NA,NA
ASV4eacac747fbe,Bacteria,Bacteroidota,Bacteroidia,Cytophagales,Cytophagaceae,Cytophaga,NA
ASV588519fc66b2,Bacteria,Pseudomonadota,Gammaproteobacteria,Gammaproteobacteria Incertae Sedis,Unknown Family,Acidibacter,NA
ASVe6a07c73d196,Bacteria,Actinomycetota,Actinobacteria,Micrococcales,Microbacteriaceae,Leifsonia,xyli
ASV7f2e4b6f4896,Bacteria,Chloroflexota,Chloroflexia,Thermomicrobiales,JG30-KF-CM45,NA,NA
ASV566d07fff072,Bacteria,Pseudomonadota,Alphaproteobacteria,Acetobacterales,Acetobacteraceae,NA,NA
ASV6c13dd2a92a4,Bacteria,Pseudomonadota,Alphaproteobacteria,Caulobacterales,Caulobacteraceae,Brevundimonas,terrae
ASV3edddb8dc885,Bacteria,Gemmatimonadota,Gemmatimonadia,Gemmatimonadales,Gemmatimonadaceae,NA,NA
ASVc65606171289,Bacteria,Chloroflexota,Chloroflexia,Thermomicrobiales,Thermomicrobiaceae,NA,NA
ASVa941d424f7b8,Bacteria,Nitrospirota,Nitrospiria,Nitrospirales,Nitrospiraceae,Nitrospira,NA
ASVd77a50a66290,Bacteria,Pseudomonadota,Gammaproteobacteria,Enterobacterales,Enterobacteriaceae,Kosakonia,sacchari
ASVed9791ff86dd,Bacteria,Myxococcota,Polyangiia,Polyangiales,Sandaracinaceae,NA,NA
ASV61bda54d8e38,Bacteria,Myxococcota,Polyangiia,Polyangiales,Sandaracinaceae,NA,NA
ASV45deb628d711,Bacteria,Acidobacteriota,Acidobacteriae,Terriglobales,Acidobacteriaceae (Subgroup 1),Granulicella,NA
ASV0c86d2213edf,Bacteria,Pseudomonadota,Gammaproteobacteria,Lysobacterales,Rhodanobacteraceae,Rhodanobacter,lindaniclasticus
ASV7a12f06064e3,Bacteria,Gemmatimonadota,Gemmatimonadia,Gemmatimonadales,Gemmatimonadaceae,NA,NA
ASV9fa1d2940745,Bacteria,Pseudomonadota,Alphaproteobacteria,NA,NA,NA,NA
ASV00aecdb2594d,Bacteria,Candidatus Eremiobacterota,Eremiobacteria,NA,NA,NA,NA
ASV5d075b8065b3,Bacteria,Pseudomonadota,Alphaproteobacteria,Micropepsales,Micropepsaceae,NA,NA
ASV04b9932e35de,Bacteria,Pseudomonadota,Alphaproteobacteria,Sphingomonadales,Sphingomonadaceae,Sphingomonas,NA
ASV236095f99d40,Bacteria,Patescibacteria,Saccharimonadia,Saccharimonadales,LWQ8,NA,NA
ASV762495ff4d24,Bacteria,Myxococcota,Polyangiia,Haliangiales,Haliangiaceae,NA,NA
ASV4b3258c208f1,Bacteria,Pseudomonadota,Gammaproteobacteria,Burkholderiales,Comamonadaceae,NA,NA
ASVcd3adc08dd46,Bacteria,Bacteroidota,Bacteroidia,Chitinophagales,Chitinophagaceae,NA,NA
ASV744323f78778,Bacteria,Planctomycetota,Planctomycetes,Isosphaerales,Isosphaeraceae,Aquisphaera,NA
ASVa9eb6f2a13e3,Bacteria,Verrucomicrobiota,Verrucomicrobiia,Opitutales,Opitutaceae,NA,NA
ASVae6e5130544a,Bacteria,Bacteroidota,Bacteroidia,Bacteroidales,Dysgonomonadaceae,Fermentimonas,NA
ASV58245f32b450,Bacteria,Actinomycetota,Acidimicrobiia,Acidimicrobiales,Acidimicrobiaceae,Acidiferrimicrobium,NA
ASVcb4cf1ad915f,Bacteria,Pseudomonadota,Alphaproteobacteria,Hyphomicrobiales,Devosiaceae,Devosia,riboflavina
ASVf82ecfaa4c11,Bacteria,Bacteroidota,Bacteroidia,Bacteroidales,Dysgonomonadaceae,Proteiniphilum,NA
ASV8b908cbb7a82,Bacteria,Bacteroidota,Bacteroidia,Flavobacteriales,Crocinitomicaceae,Fluviicola,taffensis
ASV20f13648d5db,Bacteria,Bdellovibrionota,Bacteriovoracia,Bacteriovoracales,Bacteriovoracaceae,Peredibacter,starrii
ASVdae438ffc8d6,Bacteria,Pseudomonadota,Alphaproteobacteria,Caulobacterales,Caulobacteraceae,Brevundimonas,terrae
ASV86c45d4cefe7,Bacteria,Bacteroidota,Bacteroidia,Sphingobacteriales,Sphingobacteriaceae,Parapedobacter,NA
ASV836d1e371c38,Bacteria,Pseudomonadota,Alphaproteobacteria,Hyphomicrobiales,Rhizobiaceae,Aminobacter,NA
ASV020fc58ed3f5,Bacteria,Pseudomonadota,Alphaproteobacteria,Hyphomicrobiales,Rhizobiaceae,Aminobacter,NA
ASV72bd4a153f3d,Bacteria,Pseudomonadota,Gammaproteobacteria,Pseudomonadales,NA,NA,NA
ASVc9a82aafd322,Bacteria,Pseudomonadota,Alphaproteobacteria,Sphingomonadales,Sphingomonadaceae,NA,NA
ASVec9280c6c30d,Bacteria,Verrucomicrobiota,Verrucomicrobiia,Verrucomicrobiales,Rubritaleaceae,Luteolibacter,NA
ASVf53a916b1c17,Bacteria,Deinococcota,Deinococci,Deinococcales,Trueperaceae,Truepera,NA
ASVc2db33a0f85f,Bacteria,Bacteroidota,Bacteroidia,Chitinophagales,Chitinophagaceae,NA,NA
ASV9ab80be93ba6,Bacteria,Pseudomonadota,Alphaproteobacteria,NA,NA,NA,NA
ASV932215592f34,Bacteria,Bacillota,Bacilli,Paenibacillales,Paenibacillaceae,Paenibacillus,NA
ASVa2e54efaa227,Bacteria,Pseudomonadota,Gammaproteobacteria,Burkholderiales,Alcaligenaceae,Pusillibacter,NA
ASV824ad919f83b,Bacteria,Pseudomonadota,Gammaproteobacteria,Burkholderiales,Rhodocyclaceae,Dechloromonas,NA
ASV087a93de883e,Bacteria,Pseudomonadota,Alphaproteobacteria,Caulobacterales,Caulobacteraceae,Caulobacter,vibrioides
ASV44f0c617b285,Bacteria,Pseudomonadota,Alphaproteobacteria,Hyphomicrobiales,Rhizobiaceae,NA,NA
ASVd0c4ce87e1a4,Bacteria,Pseudomonadota,Alphaproteobacteria,Caulobacterales,Caulobacteraceae,Brevundimonas,olei
ASV6c1ee6bf3304,Bacteria,Pseudomonadota,Gammaproteobacteria,Lysobacterales,Lysobacteraceae,Thermomonas,fusca
ASV9bc1491b23fe,Bacteria,Pseudomonadota,Alphaproteobacteria,Parvibaculales,Parvibaculaceae,Parvibaculum,NA
ASV9becfc9d5645,Bacteria,Bacteroidota,Bacteroidia,Flavobacteriales,Crocinitomicaceae,Crocinitomix,NA
ASV53d69c52a397,Bacteria,Pseudomonadota,Gammaproteobacteria,Pseudomonadales,Pseudomonadaceae,Pseudomonas,citronellolis
ASVdeb4d70e39b3,Bacteria,Pseudomonadota,Alphaproteobacteria,Sphingomonadales,Sphingomonadaceae,Sphingobium,herbicidovorans
ASV4beba7c953dd,Bacteria,Pseudomonadota,Gammaproteobacteria,Lysobacterales,Rhodanobacteraceae,Rhodanobacter,NA
ASV161d4203dafd,Bacteria,Actinomycetota,Actinobacteria,Frankiales,Acidothermaceae,Acidothermus,NA
ASV2deaf651c5f6,Bacteria,Actinomycetota,Actinobacteria,Frankiales,Frankiaceae,Jatrophihabitans,NA
ASVa1d17eade759,Bacteria,Pseudomonadota,Alphaproteobacteria,Micropepsales,Micropepsaceae,Rhizomicrobium,NA
ASVf2dca528d406,Bacteria,Actinomycetota,Actinobacteria,Frankiales,Acidothermaceae,Acidothermus,NA
ASVdb5c99ac7ae1,Bacteria,Myxococcota,Polyangiia,Haliangiales,Haliangiaceae,NA,NA
ASV8e0300097a6f,Bacteria,Patescibacteria,Saccharimonadia,Saccharimonadales,NA,NA,NA
ASVf6b6cbe4d6c9,Bacteria,Pseudomonadota,Alphaproteobacteria,Elsterales,NA,NA,NA
ASVe938b7180ad2,Bacteria,Patescibacteria,Saccharimonadia,Saccharimonadales,WWH38,NA,NA
ASV7a734785bf0a,Bacteria,Planctomycetota,Planctomycetes,Gemmatales,Gemmataceae,NA,NA
ASVf0b151d9dc38,Bacteria,Actinomycetota,Actinobacteria,Streptosporangiales,Streptosporangiales Incertae Sedis,Motilibacter,NA
ASV53ed65cfa707,Bacteria,Acidobacteriota,Acidobacteriae,Terriglobales,Acidobacteriaceae (Subgroup 1),NA,NA
ASV36a476a1d304,Bacteria,Acidobacteriota,Acidobacteriae,Solibacterales,Solibacteraceae,Candidatus Solibacter,NA
ASV1aed0d886d8f,Bacteria,Pseudomonadota,Gammaproteobacteria,Enterobacterales,Pectobacteriaceae,Dickeya,NA
ASV84a87eef544e,Bacteria,Chloroflexota,NA,NA,NA,NA,NA
ASV69bb85ec9e7b,Bacteria,Verrucomicrobiota,Verrucomicrobiia,Opitutales,Opitutaceae,NA,NA
ASV20d61148aac8,Bacteria,Acidobacteriota,Acidobacteriae,Bryobacterales,Bryobacteraceae,Bryobacter,NA
ASV627dd6aeb0af,Bacteria,Planctomycetota,Phycisphaerae,Tepidisphaerales,WD2101 soil group,NA,NA
ASV0794d0512bbe,Bacteria,Pseudomonadota,Alphaproteobacteria,NA,NA,NA,NA
ASV49b08794f4ea,Bacteria,Pseudomonadota,Alphaproteobacteria,Elsterales,NA,NA,NA
ASV7c319d4a6d67,Bacteria,Actinomycetota,Actinobacteria,Frankiales,Acidothermaceae,Acidothermus,NA
ASVa080bf17c2a5,Bacteria,Pseudomonadota,Gammaproteobacteria,Gammaproteobacteria Incertae Sedis,Unknown Family,Acidibacter,NA
ASV30508c08d28a,Bacteria,Acidobacteriota,Acidobacteriae,Terriglobales,Acidobacteriaceae (Subgroup 1),NA,NA
ASV559a4e0d8e1a,Bacteria,Pseudomonadota,Gammaproteobacteria,Burkholderiales,Rhodocyclaceae,NA,NA
ASV8a611a2972d0,Bacteria,Gemmatimonadota,Gemmatimonadia,Gemmatimonadales,Gemmatimonadaceae,NA,NA
ASV27d93c7808cb,Bacteria,NA,NA,NA,NA,NA,NA
ASVa29e830fdc44,Bacteria,Planctomycetota,Planctomycetes,Gemmatales,Gemmataceae,NA,NA
ASV8e3b96d5143e,Bacteria,Verrucomicrobiota,Verrucomicrobiia,Pedosphaerales,Pedosphaeraceae,NA,NA
ASV16bf638a4d3c,Bacteria,Chloroflexota,KD4-96,NA,NA,NA,NA
ASV31183ec7231f,Bacteria,NB1-j,NA,NA,NA,NA,NA
ASVa99ea491cb90,Bacteria,Gemmatimonadota,Gemmatimonadia,Gemmatimonadales,Gemmatimonadaceae,NA,NA
ASV0c638142143c,Bacteria,Nitrospirota,Nitrospiria,Nitrospirales,Nitrospiraceae,Nitrospira,NA
ASV711f70b3ac3a,Bacteria,Pseudomonadota,Alphaproteobacteria,Elsterales,NA,NA,NA
ASV57cdd45a055d,Bacteria,Actinomycetota,Actinobacteria,Micrococcales,Intrasporangiaceae,Oryzihumus,terrae
ASVe499e42b37d8,Bacteria,Chloroflexota,TK10,NA,NA,NA,NA
ASV4ccd8eaa800b,Bacteria,Actinomycetota,Acidimicrobiia,Acidimicrobiales,Acidimicrobiaceae,NA,NA
ASV15958cafed74,Bacteria,Pseudomonadota,Gammaproteobacteria,Lysobacterales,Rhodanobacteraceae,Rhodanobacter,NA
ASV75e20ea87235,Bacteria,Actinomycetota,Actinobacteria,Micrococcales,Microbacteriaceae,Microbacterium,NA
ASV47018f32eeb1,Bacteria,Pseudomonadota,Gammaproteobacteria,Burkholderiales,Burkholderiaceae,Burkholderia-Caballeronia-Paraburkholderia,sprentiae
ASV2fabc30ad56d,Bacteria,Pseudomonadota,Alphaproteobacteria,Micropepsales,Micropepsaceae,NA,NA
ASV8494246a1c8d,Bacteria,Myxococcota,Polyangiia,Haliangiales,Haliangiaceae,NA,NA
ASVf40cd147bb68,Bacteria,Actinomycetota,Actinobacteria,Frankiales,Acidothermaceae,Acidothermus,NA
ASV65e44bd33509,Bacteria,Acidobacteriota,Acidobacteriae,Terriglobales,NA,NA,NA
ASV1cb12904ce58,Bacteria,Chloroflexota,Ktedonobacteria,C0119,NA,NA,NA
ASVed2ffbfe8998,Bacteria,Patescibacteria,Saccharimonadia,Saccharimonadales,NA,NA,NA
ASV0945c7afe846,Bacteria,Bacteroidota,Bacteroidia,Sphingobacteriales,Sphingobacteriaceae,Pedobacter,NA
ASV73265380fe9b,Bacteria,Patescibacteria,Saccharimonadia,Saccharimonadales,Saccharimonadaceae,TM7a,NA
ASV647e94906b2a,Bacteria,Pseudomonadota,Gammaproteobacteria,Burkholderiales,Burkholderiaceae,Burkholderia-Caballeronia-Paraburkholderia,silvatlantica
ASV7cba912c5331,Bacteria,Pseudomonadota,Alphaproteobacteria,Rickettsiales,Mitochondria,NA,NA
ASV191739365e4b,Bacteria,Acidobacteriota,Acidobacteriae,Bryobacterales,Bryobacteraceae,Bryobacter,NA
ASVfea0b41f7cfd,Bacteria,Patescibacteria,Saccharimonadia,Saccharimonadales,NA,NA,NA
ASV0a49f2d74b31,Bacteria,Chloroflexota,Ktedonobacteria,Ktedonobacterales,JG30-KF-AS9,NA,NA
ASVd65a13070bcf,Bacteria,Actinomycetota,Acidimicrobiia,Acidimicrobiales,Acidimicrobiaceae,Acidiferrimicrobium,NA
ASVfee2a7416132,Bacteria,Patescibacteria,Saccharimonadia,Saccharimonadales,WWH38,NA,NA
ASV4fe920cf77f5,Bacteria,Verrucomicrobiota,Verrucomicrobiia,Pedosphaerales,Pedosphaeraceae,ADurb.Bin063-1,NA
ASV5e8f589e4a0b,Bacteria,Actinomycetota,Acidimicrobiia,Acidimicrobiales,Acidimicrobiaceae,NA,NA
ASVb92e5b3c44e5,Bacteria,RCP2-54,NA,NA,NA,NA,NA
ASV448da12a5295,Bacteria,Pseudomonadota,Alphaproteobacteria,Elsterales,NA,NA,NA
ASVc62951c8bfe3,Bacteria,Bacteroidota,Bacteroidia,Sphingobacteriales,Sphingobacteriaceae,Mucilaginibacter,NA
ASV52e42818c6d1,Bacteria,Chloroflexota,Ktedonobacteria,B10-SB3A,NA,NA,NA
ASV00b68b41af4f,Bacteria,Pseudomonadota,Gammaproteobacteria,Enterobacterales,Enterobacteriaceae,Kosakonia,radicincitans
ASV30d9896854a7,Bacteria,Pseudomonadota,Alphaproteobacteria,Sphingomonadales,Sphingomonadaceae,NA,NA
ASV85d1971ff9fe,Bacteria,NA,NA,NA,NA,NA,NA
ASV1307a5bc376b,Bacteria,Actinomycetota,Acidimicrobiia,Acidimicrobiales,Acidimicrobiaceae,NA,NA
ASV8b66e11a7255,Bacteria,Pseudomonadota,Alphaproteobacteria,Sphingomonadales,Sphingomonadaceae,NA,NA
ASV0dc58bd3ea7b,Bacteria,Chloroflexota,Chloroflexia,Thermomicrobiales,Thermomicrobiaceae,Nitrolancea,NA
ASV4137e157443c,Bacteria,RCP2-54,NA,NA,NA,NA,NA
ASVf2bbbe072083,Bacteria,Chloroflexota,Chloroflexia,Thermomicrobiales,Thermomicrobiaceae,NA,NA
ASV289d39f34789,Bacteria,Chloroflexota,Ktedonobacteria,Ktedonobacterales,JG30-KF-AS9,NA,NA
ASV7f14907e1c25,Bacteria,Deinococcota,Deinococci,Deinococcales,Trueperaceae,Truepera,NA
ASV92484ee01392,Bacteria,Chloroflexota,Ktedonobacteria,B10-SB3A,NA,NA,NA
ASV221bf9240047,Bacteria,Pseudomonadota,Gammaproteobacteria,Gammaproteobacteria Incertae Sedis,Unknown Family,Acidibacter,NA
ASV4f66b7ed0434,Bacteria,Acidobacteriota,Acidobacteriae,Subgroup 2,NA,NA,NA
ASV33f64ea1628f,Bacteria,Chloroflexota,Ktedonobacteria,Ktedonobacterales,JG30-KF-AS9,NA,NA
ASVf1a66093436e,Bacteria,Chloroflexota,NA,NA,NA,NA,NA
ASV72b6b5a2e6aa,Bacteria,Acidobacteriota,Acidobacteriae,Terriglobales,NA,NA,NA
ASVdd49c4378840,Bacteria,Myxococcota,Polyangiia,Haliangiales,Haliangiaceae,NA,NA
ASV5a33b4f61185,Bacteria,Bacillota,Bacilli,Bacillales,Bacillaceae,NA,NA
ASV680fa9e00ef6,Bacteria,Patescibacteria,Saccharimonadia,Saccharimonadales,LWQ8,NA,NA
ASV10e6d3ee5bbd,Bacteria,Verrucomicrobiota,Verrucomicrobiia,Pedosphaerales,Pedosphaeraceae,NA,NA
ASV5a3c9f477ea4,Bacteria,Chloroflexota,TK10,NA,NA,NA,NA
ASVb4e4fad42928,Bacteria,Bacteroidota,Bacteroidia,Chitinophagales,Chitinophagaceae,Edaphobaculum,NA
ASV7c44763262fd,Bacteria,Patescibacteria,Saccharimonadia,Saccharimonadales,Saccharimonadaceae,TM7a,NA
ASVe2198f50f457,Bacteria,Bacteroidota,Bacteroidia,Bacteroidales,Dysgonomonadaceae,Fermentimonas,NA
ASV861146d07d17,Bacteria,Pseudomonadota,Alphaproteobacteria,Sphingomonadales,Sphingomonadaceae,NA,NA
ASVf7944179d2bb,Bacteria,Pseudomonadota,Alphaproteobacteria,Hyphomicrobiales,Rhizobiaceae,Aminobacter,NA
ASV025ae8d9f21e,Bacteria,Pseudomonadota,Alphaproteobacteria,Sphingomonadales,Sphingomonadaceae,NA,NA
ASV25010f77ef51,Bacteria,Pseudomonadota,Gammaproteobacteria,Burkholderiales,Chromobacteriaceae,Pseudogulbenkiania,NA
ASV3099e0c940a5,Bacteria,Pseudomonadota,Gammaproteobacteria,Lysobacterales,Lysobacteraceae,Thermomonas,fusca
ASVf1521e6e158f,Bacteria,Pseudomonadota,Alphaproteobacteria,Hyphomicrobiales,Xanthobacteraceae,NA,NA
ASVc772c745c1ea,Bacteria,Pseudomonadota,Gammaproteobacteria,Lysobacterales,Lysobacteraceae,Thermomonas,fusca
ASV1b7123c95e14,Bacteria,Actinomycetota,Actinobacteria,Frankiales,Geodermatophilaceae,Geodermatophilus,NA
ASV6771737eccfa,Bacteria,Pseudomonadota,Gammaproteobacteria,Pseudomonadales,Pseudomonadaceae,Pseudomonas,stutzeri
ASV02bc2b7a95f3,Bacteria,Pseudomonadota,Gammaproteobacteria,Lysobacterales,Lysobacteraceae,Thermomonas,fusca
ASV757be1b6a3cb,Bacteria,Pseudomonadota,Gammaproteobacteria,Lysobacterales,Lysobacteraceae,Thermomonas,NA
ASV8bbe9453a13d,Bacteria,Pseudomonadota,Gammaproteobacteria,Burkholderiales,Alcaligenaceae,Pusillibacter,NA
ASVf71892a8e51d,Bacteria,Pseudomonadota,Gammaproteobacteria,Lysobacterales,Lysobacteraceae,Luteimonas,marina
ASV9fbc1777af2d,Bacteria,Pseudomonadota,Alphaproteobacteria,Caulobacterales,Caulobacteraceae,Caulobacter,vibrioides
ASV8c01e4abba60,Bacteria,Pseudomonadota,Gammaproteobacteria,Burkholderiales,Rhodocyclaceae,Dechloromonas,NA
ASV4bcfe76e06b1,Bacteria,Bacteroidota,Bacteroidia,Cytophagales,Microscillaceae,NA,NA
ASV95a172dc407d,Bacteria,Pseudomonadota,Gammaproteobacteria,Lysobacterales,Lysobacteraceae,Luteimonas,marina
ASVa4dfbc5dd6a0,Bacteria,Pseudomonadota,Gammaproteobacteria,Pseudomonadales,NA,NA,NA
ASVb1b85a96728b,Bacteria,Pseudomonadota,Gammaproteobacteria,Lysobacterales,Lysobacteraceae,Thermomonas,fusca
ASV0abefd7a440a,Bacteria,Pseudomonadota,Gammaproteobacteria,Lysobacterales,Lysobacteraceae,Thermomonas,NA
ASV7e61940f5fe9,Bacteria,Gemmatimonadota,S0134 terrestrial group,NA,NA,NA,NA
ASVbb64112376b8,Bacteria,Bacteroidota,Bacteroidia,Flavobacteriales,Flavobacteriaceae,Flavobacterium,cauense
ASV3f2e0bf13d83,Bacteria,Pseudomonadota,Alphaproteobacteria,Hyphomicrobiales,Beijerinckiaceae,Methylocella,NA
ASV3e9cdd64d8cc,Bacteria,Pseudomonadota,Alphaproteobacteria,Sphingomonadales,Sphingomonadaceae,Croceibacterium,NA
ASVc3ccfad95e84,Bacteria,Pseudomonadota,Gammaproteobacteria,Lysobacterales,Rhodanobacteraceae,Rhodanobacter,NA
ASV710824eb17ae,Bacteria,Bacillota,Bacilli,Bacillales,NA,NA,NA
ASV78903313c7f1,Bacteria,Pseudomonadota,Alphaproteobacteria,Sphingomonadales,Sphingomonadaceae,Rhizorhabdus,NA
ASVe3e89c17bda2,Bacteria,Patescibacteria,Saccharimonadia,Saccharimonadales,LWQ8,NA,NA
ASV6f6c89732fcd,Bacteria,Patescibacteria,Microgenomatia,NA,NA,NA,NA
ASVd999b4468d29,Bacteria,Acidobacteriota,Acidobacteriae,Terriglobales,NA,NA,NA
ASV2a5701a4333b,Bacteria,Pseudomonadota,Alphaproteobacteria,Micropepsales,Micropepsaceae,NA,NA
ASV2b04ac87fd00,Bacteria,Chloroflexota,Ktedonobacteria,Ktedonobacterales,JG30-KF-AS9,NA,NA
ASV17f40e96334f,Bacteria,Acidobacteriota,Acidobacteriae,Terriglobales,NA,NA,NA
ASV882581d02d40,Bacteria,Acidobacteriota,Acidobacteriae,Subgroup 2,NA,NA,NA
ASVe01d1b94fbdb,Bacteria,Actinomycetota,Actinobacteria,Streptosporangiales,Streptosporangiales Incertae Sedis,Motilibacter,NA
ASVd5d2ff7298bc,Bacteria,NA,NA,NA,NA,NA,NA
ASVfbd4978aaeb3,Bacteria,Pseudomonadota,Alphaproteobacteria,Hyphomicrobiales,KF-JG30-B3,NA,NA
ASVb9922f7df560,Bacteria,Chloroflexota,Chloroflexia,Chloroflexales,Roseiflexaceae,NA,NA
ASV1193f2e6637b,Bacteria,Acidobacteriota,Acidobacteriae,Bryobacterales,Bryobacteraceae,Bryobacter,NA
ASV7dce22576e1b,Bacteria,Pseudomonadota,Alphaproteobacteria,Rhodospirillales,Magnetospirillaceae,Telmatospirillum,NA
ASV752d93000762,Bacteria,Pseudomonadota,Gammaproteobacteria,Steroidobacterales,Steroidobacteraceae,NA,NA
ASV5bb39197282f,Bacteria,Acidobacteriota,Blastocatellia,DS-100,NA,NA,NA
ASV7bfd078aee6c,Bacteria,Acidobacteriota,Acidobacteriae,Solibacterales,Solibacteraceae,Candidatus Solibacter,NA
ASVb503135ad7d9,Bacteria,Acidobacteriota,Acidobacteriae,Solibacterales,Solibacteraceae,Candidatus Solibacter,NA
ASV3800acd8caa3,Bacteria,Pseudomonadota,Alphaproteobacteria,Elsterales,NA,NA,NA
ASVa2d8e20bfe05,Bacteria,Acidobacteriota,Acidobacteriae,Terriglobales,NA,NA,NA
ASV591afe256924,Bacteria,NA,NA,NA,NA,NA,NA
ASVfb403a107703,Bacteria,Patescibacteria,Saccharimonadia,Saccharimonadales,NA,NA,NA
ASV97b03ab16379,Bacteria,NA,NA,NA,NA,NA,NA
ASVdb2b9261cfe6,Bacteria,Pseudomonadota,Alphaproteobacteria,Caulobacterales,Caulobacteraceae,NA,NA
ASV2aa1427ae4c3,Bacteria,Pseudomonadota,Alphaproteobacteria,Hyphomicrobiales,Xanthobacteraceae,NA,NA
ASV9322ea73c307,Bacteria,Chloroflexota,NA,NA,NA,NA,NA
ASV06cb601d8a49,Bacteria,Actinomycetota,Actinobacteria,Micrococcales,Microbacteriaceae,NA,NA
ASVcf3062c2393a,Bacteria,Candidatus Eremiobacterota,Eremiobacteria,NA,NA,NA,NA
ASVe65980562447,Bacteria,Chloroflexota,Ktedonobacteria,Ktedonobacterales,Ktedonobacteraceae,1959-1,NA
ASVc9725831d5b5,Bacteria,Actinomycetota,Actinobacteria,Frankiales,Acidothermaceae,Acidothermus,NA
ASVc874f13e50c5,Bacteria,Bacteroidota,Bacteroidia,Sphingobacteriales,Sphingobacteriaceae,Mucilaginibacter,NA
ASV20bf015f8123,Bacteria,Acidobacteriota,Acidobacteriae,Terriglobales,NA,NA,NA
ASV26b60dec6d69,Bacteria,Pseudomonadota,Gammaproteobacteria,Gammaproteobacteria Incertae Sedis,Unknown Family,Acidibacter,NA
ASV05218e82116c,Bacteria,Pseudomonadota,Alphaproteobacteria,Elsterales,NA,NA,NA
ASV2d3e2e4cb8c5,Bacteria,Acidobacteriota,Acidobacteriae,Terriglobales,NA,NA,NA
ASV33a72ae7ce05,Bacteria,Planctomycetota,vadinHA49,NA,NA,NA,NA
ASV6c34bd54f3bd,Bacteria,Myxococcota,Polyangiia,Polyangiales,Sandaracinaceae,NA,NA
ASVaeef17a82635,Bacteria,Pseudomonadota,Alphaproteobacteria,Micropepsales,Micropepsaceae,NA,NA
ASV80a3fb54f86d,Bacteria,Pseudomonadota,Alphaproteobacteria,Sphingomonadales,Sphingomonadaceae,Sphingomonas,NA
ASVe7ffd1eaee55,Bacteria,Pseudomonadota,Gammaproteobacteria,Lysobacterales,Rhodanobacteraceae,Dokdonella,NA
ASVd0887db8fbd0,Bacteria,Verrucomicrobiota,Verrucomicrobiia,Chthoniobacterales,Xiphinematobacteraceae,Candidatus Xiphinematobacter,NA
ASV96f32a309f62,Bacteria,Pseudomonadota,Alphaproteobacteria,Caulobacterales,Caulobacteraceae,Asticcacaulis,solisilvae
ASVb520f27d2330,Bacteria,Acidobacteriota,Acidobacteriae,Bryobacterales,Bryobacteraceae,Bryobacter,NA
ASV66958b134535,Bacteria,Planctomycetota,Planctomycetes,Isosphaerales,Isosphaeraceae,NA,NA
ASV037dfce5eba9,Bacteria,Bacteroidota,Bacteroidia,Chitinophagales,Chitinophagaceae,Pseudobacter,NA
ASV951ff0c5f8a4,Bacteria,Pseudomonadota,Gammaproteobacteria,Burkholderiales,Burkholderiaceae,Burkholderia-Caballeronia-Paraburkholderia,NA
ASV509d90f2d05b,Bacteria,Pseudomonadota,Gammaproteobacteria,Steroidobacterales,Steroidobacteraceae,Steroidobacter,NA
ASVdca0d4d263ae,Bacteria,Verrucomicrobiota,Verrucomicrobiia,Verrucomicrobiales,Rubritaleaceae,Luteolibacter,NA
ASVde6b2e45d677,Bacteria,Chloroflexota,Chloroflexia,Thermomicrobiales,JG30-KF-CM45,NA,NA
ASVf1a4f74d814e,Bacteria,Myxococcota,Myxococcia,Myxococcales,Myxococcaceae,NA,NA
ASV8c3e25af2d7d,Bacteria,Chloroflexota,Chloroflexia,Thermomicrobiales,Thermomicrobiaceae,Nitrolancea,NA
ASVa222cddfffd6,Bacteria,Pseudomonadota,Alphaproteobacteria,Caulobacterales,Caulobacteraceae,Phenylobacterium,NA
ASVf760a5f47c53,Bacteria,Chloroflexota,Ktedonobacteria,Ktedonobacterales,JG30-KF-AS9,NA,NA
ASVe7999fdc0a4f,Bacteria,Gemmatimonadota,Gemmatimonadia,Gemmatimonadales,Gemmatimonadaceae,NA,NA
ASVd010e7fb208d,Bacteria,Pseudomonadota,Alphaproteobacteria,Acetobacterales,Acetobacteraceae,NA,NA
ASV396ae43dc618,Bacteria,Bacillota,Bacilli,Alicyclobacillales,Alicyclobacillaceae,Tumebacillus,avium
ASVa93972644021,Bacteria,Pseudomonadota,Alphaproteobacteria,Hyphomicrobiales,Beijerinckiaceae,Methylovirgula,NA
ASV54ada5dd4db1,Bacteria,Bacteroidota,Bacteroidia,Chitinophagales,Chitinophagaceae,NA,NA
ASV274ac1abf4a2,Bacteria,Acidobacteriota,Acidobacteriae,Terriglobales,Koribacteraceae,Candidatus Koribacter,NA
ASV03bd24bbeabf,Bacteria,Planctomycetota,Phycisphaerae,Tepidisphaerales,WD2101 soil group,NA,NA
ASV3f10fa09494a,Bacteria,Actinomycetota,Actinobacteria,Propionibacteriales,Nocardioidaceae,Nocardioides,NA
ASVd9dac2198753,Bacteria,Acidobacteriota,Acidobacteriae,Terriglobales,Acidobacteriaceae (Subgroup 1),Granulicella,NA
ASV3bb42ead0668,Bacteria,Patescibacteria,Saccharimonadia,Saccharimonadales,Saccharimonadaceae,TM7a,NA
ASVf5e8daa8231b,Bacteria,Actinomycetota,Actinobacteria,Frankiales,Frankiaceae,Jatrophihabitans,NA
ASV55fcf99dd020,Bacteria,Pseudomonadota,Gammaproteobacteria,Burkholderiales,NA,NA,NA
ASV0128842191d0,Bacteria,Patescibacteria,Saccharimonadia,Saccharimonadales,LWQ8,NA,NA
ASVf11f57ed7c22,Bacteria,Planctomycetota,Phycisphaerae,Tepidisphaerales,WD2101 soil group,NA,NA
ASVba14c84d769f,Bacteria,Patescibacteria,Saccharimonadia,Saccharimonadales,NA,NA,NA
ASV9433fc2bddd4,Bacteria,Pseudomonadota,Alphaproteobacteria,Elsterales,NA,NA,NA
ASV4bcb5a9e1b87,Bacteria,Verrucomicrobiota,Verrucomicrobiia,Chthoniobacterales,Chthoniobacteraceae,Chthoniobacter,NA
ASVcb665310713c,Bacteria,Planctomycetota,Planctomycetes,Pirellulales,Pirellulaceae,NA,NA
ASV66fbf08a5598,Bacteria,Pseudomonadota,Alphaproteobacteria,Hyphomicrobiales,Rhizobiaceae,Brucella,NA
ASV6e250fb85265,Bacteria,Chloroflexota,Ktedonobacteria,Ktedonobacterales,JG30-KF-AS9,NA,NA
ASV33031cb2f52e,Bacteria,Chloroflexota,Ktedonobacteria,Ktedonobacterales,JG30-KF-AS9,NA,NA
ASV362c10ab1818,Bacteria,Pseudomonadota,Gammaproteobacteria,Burkholderiales,Comamonadaceae,NA,NA
ASV65c0e50ff49a,Bacteria,Chloroflexota,Ktedonobacteria,Ktedonobacterales,JG30-KF-AS9,NA,NA
ASVa970ccaa2d66,Bacteria,Actinomycetota,Actinobacteria,Kineosporiales,Kineosporiaceae,Angustibacter,NA
ASVa4faf3eebf09,Bacteria,Chloroflexota,Chloroflexia,Chloroflexales,Roseiflexaceae,NA,NA
ASV750801c4c112,Bacteria,Pseudomonadota,Gammaproteobacteria,Steroidobacterales,Steroidobacteraceae,Steroidobacter,NA
ASV2d80234e57a2,Bacteria,Pseudomonadota,Alphaproteobacteria,Acetobacterales,Acetobacteraceae,NA,NA
ASV27ddb41110cf,Bacteria,Actinomycetota,Acidimicrobiia,Microtrichales,Microtrichaceae,NA,NA
ASV436a5d571c76,Bacteria,Actinomycetota,Thermoleophilia,Solirubrobacterales,Solirubrobacteraceae,Conexibacter,NA
ASVa5d2c6e5acb6,Bacteria,Gemmatimonadota,Longimicrobiia,Longimicrobiales,Longimicrobiaceae,NA,NA
ASVfe1137dce5b5,Bacteria,Pseudomonadota,Alphaproteobacteria,Sphingomonadales,Sphingomonadaceae,NA,NA
ASVa10b6b3cf090,Bacteria,Bacteroidota,Bacteroidia,Sphingobacteriales,Sphingobacteriaceae,Parapedobacter,NA
ASV272a203622c3,Bacteria,Pseudomonadota,Alphaproteobacteria,Sphingomonadales,Sphingomonadaceae,Ellin6055,NA
ASVcf9b1f1373ad,Bacteria,Actinomycetota,Actinobacteria,Micrococcales,Microbacteriaceae,NA,NA
ASVb8840948b84f,Bacteria,Pseudomonadota,Gammaproteobacteria,Lysobacterales,Lysobacteraceae,NA,NA
ASV5393d8558d12,Bacteria,Pseudomonadota,Gammaproteobacteria,Burkholderiales,Rhodocyclaceae,Dechloromonas,NA
ASV796fc147be20,Bacteria,Pseudomonadota,Alphaproteobacteria,Hyphomicrobiales,Rhizobiaceae,NA,NA
ASV339441d13de6,Bacteria,Pseudomonadota,Gammaproteobacteria,Pseudomonadales,Pseudomonadaceae,Pseudomonas,stutzeri
ASV0b7278b8bd86,Bacteria,Pseudomonadota,Alphaproteobacteria,Sphingomonadales,Sphingomonadaceae,NA,NA
ASVf09dc6b1aa41,Bacteria,Pseudomonadota,Gammaproteobacteria,Lysobacterales,Lysobacteraceae,Thermomonas,NA
ASV0e43bf81bf58,Bacteria,Pseudomonadota,Alphaproteobacteria,Hyphomicrobiales,Rhizobiaceae,Aminobacter,aminovorans
ASV764b3e94ee32,Bacteria,Pseudomonadota,Gammaproteobacteria,Pseudomonadales,Pseudomonadaceae,Pseudomonas,stutzeri
ASV496abced9ae9,Bacteria,Pseudomonadota,Gammaproteobacteria,Burkholderiales,Alcaligenaceae,Pusillibacter,NA
ASV316b1b49a342,Bacteria,Pseudomonadota,Alphaproteobacteria,Sphingomonadales,Sphingomonadaceae,NA,NA
ASV2045a2c4734f,Bacteria,Gemmatimonadota,Gemmatimonadia,Gemmatimonadales,Gemmatimonadaceae,NA,NA
ASV7b8e5701c007,Bacteria,Pseudomonadota,Gammaproteobacteria,Lysobacterales,Lysobacteraceae,NA,NA
ASV22a34f64c186,Bacteria,Pseudomonadota,Gammaproteobacteria,Lysobacterales,Lysobacteraceae,Stenotrophomonas,acidaminiphila
ASVf4d21103201c,Bacteria,Bacillota,Bacilli,Paenibacillales,Paenibacillaceae,NA,NA
ASV5fce7b159869,Bacteria,Pseudomonadota,Gammaproteobacteria,Burkholderiales,Rhodocyclaceae,Dechloromonas,NA
ASVf11cae9b11bd,Bacteria,Actinomycetota,Actinobacteria,Frankiales,Acidothermaceae,Acidothermus,NA
ASV7397741e2f26,Bacteria,Actinomycetota,Actinobacteria,Frankiales,Acidothermaceae,Acidothermus,NA
ASV118172fdcd6c,Bacteria,Pseudomonadota,Gammaproteobacteria,Enterobacterales,Enterobacteriaceae,NA,NA
ASV79dc6923c3f7,Bacteria,Pseudomonadota,Gammaproteobacteria,Enterobacterales,Enterobacteriaceae,Kosakonia,sacchari
ASVb8f9f7a505bb,Bacteria,RCP2-54,NA,NA,NA,NA,NA
ASV170376128667,Bacteria,Gemmatimonadota,Gemmatimonadia,Gemmatimonadales,Gemmatimonadaceae,Gemmatimonas,NA
ASV3cbb06550b03,Bacteria,Chloroflexota,Ktedonobacteria,Ktedonobacterales,JG30-KF-AS9,NA,NA
ASV81ce75b7ecd4,Bacteria,Pseudomonadota,Alphaproteobacteria,Elsterales,NA,NA,NA
ASV141a18beaf85,Bacteria,Gemmatimonadota,Gemmatimonadia,Gemmatimonadales,Gemmatimonadaceae,NA,NA
ASV2e60841c330d,Bacteria,Acidobacteriota,Acidobacteriae,Terriglobales,Acidobacteriaceae (Subgroup 1),NA,NA
ASV310a1ca4d5fe,Bacteria,Myxococcota,Polyangiia,Polyangiales,Polyangiaceae,NA,NA
ASVb1a7eca2a09d,Bacteria,Patescibacteria,Saccharimonadia,Saccharimonadales,LWQ8,NA,NA
ASVc4e5b5152d33,Bacteria,Pseudomonadota,Gammaproteobacteria,Lysobacterales,Rhodanobacteraceae,Rhodanobacter,NA
ASV9cdc1e10aee8,Bacteria,Bacteroidota,Bacteroidia,Sphingobacteriales,Sphingobacteriaceae,Mucilaginibacter,NA
ASV7aa1bfcafcbf,Bacteria,Myxococcota,Polyangiia,Haliangiales,Haliangiaceae,NA,NA
ASV2b442c7e5de4,Bacteria,Acidobacteriota,Acidobacteriae,Bryobacterales,Bryobacteraceae,Bryobacter,NA
ASVab5e745bfa52,Bacteria,Acidobacteriota,Acidobacteriae,Bryobacterales,Bryobacteraceae,Bryobacter,NA
ASVac0b0c7a295b,Bacteria,Planctomycetota,Phycisphaerae,Tepidisphaerales,WD2101 soil group,NA,NA
ASVcf75db90f506,Bacteria,Pseudomonadota,Alphaproteobacteria,Elsterales,Elsteraceae,Aliidongia,dinghuensis
ASV16282c103087,Bacteria,Planctomycetota,Phycisphaerae,Tepidisphaerales,WD2101 soil group,NA,NA
ASV92e83f07f2db,Bacteria,Verrucomicrobiota,Verrucomicrobiia,Opitutales,Opitutaceae,NA,NA
ASV59c850ac19cd,Bacteria,Planctomycetota,Planctomycetes,Gemmatales,Gemmataceae,NA,NA
ASV195542d545d7,Bacteria,Actinomycetota,Actinobacteria,Kitasatosporales,Streptomycetaceae,Streptacidiphilus,NA
ASV2148b588ef4a,Bacteria,Actinomycetota,Actinobacteria,Kitasatosporales,Streptomycetaceae,NA,NA
ASV806cfcaa1f1c,Bacteria,Acidobacteriota,Acidobacteriae,Terriglobales,NA,NA,NA
ASV5e278c945020,Bacteria,Armatimonadota,Armatimonadia,Armatimonadales,Armatimonadaceae,NA,NA
ASV7b7467fd3f22,Bacteria,Myxococcota,Polyangiia,Polyangiales,Sandaracinaceae,NA,NA
ASVd669aa10662c,Bacteria,Patescibacteria,Saccharimonadia,Saccharimonadales,LWQ8,NA,NA
ASV67a386a27d0d,Bacteria,Acidobacteriota,Acidobacteriae,Solibacterales,Solibacteraceae,Candidatus Solibacter,NA
ASVa2aabf7840cb,Bacteria,Bdellovibrionota,Bdellovibrionia,Bdellovibrionales,Pseudobdellovibrionaceae,NA,NA
ASV711af578f848,Bacteria,NA,NA,NA,NA,NA,NA
ASV2e118ba2e9ae,Bacteria,Acidobacteriota,Acidobacteriae,Terriglobales,NA,NA,NA
ASV6aefe9614dca,Bacteria,Patescibacteria,Saccharimonadia,Saccharimonadales,NA,NA,NA
ASV3ec3396cfe7a,Bacteria,Pseudomonadota,Alphaproteobacteria,Acetobacterales,Acetobacteraceae,Rhodovastum,atsumiense
ASVe433a01ad9dc,Bacteria,Planctomycetota,Planctomycetes,Isosphaerales,Isosphaeraceae,NA,NA
ASV7f9c577c5aa6,Bacteria,Chloroflexota,Ktedonobacteria,B10-SB3A,NA,NA,NA
ASV8f7c563da88c,Bacteria,Bacteroidota,Bacteroidia,Chitinophagales,Chitinophagaceae,NA,NA
ASVc818c92d6c31,Bacteria,Patescibacteria,Saccharimonadia,Saccharimonadales,LWQ8,NA,NA
ASV02f0bbbbd284,Bacteria,Pseudomonadota,Alphaproteobacteria,Sphingomonadales,Sphingomonadaceae,NA,NA
ASV62f96692a602,Bacteria,Candidatus Kapabacteria,Kapabacteria,Kapabacteriales,NA,NA,NA
ASV767442a38eb0,Bacteria,Planctomycetota,Phycisphaerae,Tepidisphaerales,WD2101 soil group,NA,NA
ASV644d858be350,Bacteria,Pseudomonadota,Gammaproteobacteria,Burkholderiales,Comamonadaceae,NA,NA
ASVb8e4851f3987,Bacteria,Pseudomonadota,Gammaproteobacteria,Burkholderiales,Burkholderiaceae,Burkholderia-Caballeronia-Paraburkholderia,silvatlantica
ASVfc4c5b635804,Bacteria,Pseudomonadota,Alphaproteobacteria,Micropepsales,Micropepsaceae,NA,NA
ASVb11a1dcd8e3f,Bacteria,Actinomycetota,Actinobacteria,Streptosporangiales,Streptosporangiaceae,Microbispora,NA
ASVcf342aaedee8,Bacteria,Pseudomonadota,Gammaproteobacteria,Lysobacterales,Rhodanobacteraceae,Frateuria,terrea
ASVfcac541ff87a,Bacteria,Pseudomonadota,Gammaproteobacteria,Gammaproteobacteria Incertae Sedis,Unknown Family,Acidibacter,NA
ASV29eee92bf447,Bacteria,Actinomycetota,Actinobacteria,Micrococcales,Cellulomonadaceae,Cellulomonas,NA
ASV4ca07b596ac1,Bacteria,Pseudomonadota,Alphaproteobacteria,Elsterales,NA,NA,NA
ASV87565b21a9b9,Bacteria,Acidobacteriota,Acidobacteriae,Bryobacterales,Bryobacteraceae,Bryobacter,NA
ASV8198ceb77208,Bacteria,Pseudomonadota,Alphaproteobacteria,Micropepsales,Micropepsaceae,NA,NA
ASVe7996a8d1e62,Bacteria,Chloroflexota,Ktedonobacteria,Ktedonobacterales,JG30-KF-AS9,NA,NA
ASV33f1a0693611,Bacteria,Candidatus Eremiobacterota,Eremiobacteria,NA,NA,NA,NA
ASV7d5a3596a1b8,Bacteria,Patescibacteria,Saccharimonadia,Saccharimonadales,LWQ8,NA,NA
ASV1d51eb1bab3a,Bacteria,Actinomycetota,Acidimicrobiia,Acidimicrobiales,Acidimicrobiaceae,Acidiferrimicrobium,NA
ASVca4597c02854,Bacteria,Bacteroidota,Bacteroidia,Chitinophagales,Chitinophagaceae,Chitinophaga,pinensis
ASV3e87a8398615,Bacteria,Patescibacteria,Saccharimonadia,Saccharimonadales,LWQ8,NA,NA
ASVd40d14b0bcca,Bacteria,Actinomycetota,Actinobacteria,Micrococcales,Microbacteriaceae,NA,NA
ASVb6303053a2fb,Bacteria,Myxococcota,Polyangiia,Polyangiales,Sandaracinaceae,NA,NA
ASVcdb47d42a101,Bacteria,Pseudomonadota,Gammaproteobacteria,Lysobacterales,Rhodanobacteraceae,Luteibacter,yeojuensis
ASV7b3d1ef041da,Bacteria,Planctomycetota,Planctomycetes,Isosphaerales,Isosphaeraceae,Tundrisphaera,NA
ASV80da154f40a4,Bacteria,Actinomycetota,Actinobacteria,Streptosporangiales,Thermomonosporaceae,Actinomadura,nitritigenes
ASV81f58cbcbf99,Bacteria,Chloroflexota,Ktedonobacteria,Ktedonobacterales,JG30-KF-AS9,NA,NA
ASVe3436ae76021,Bacteria,Pseudomonadota,Alphaproteobacteria,Acetobacterales,Acetobacteraceae,Acidisoma,NA
ASVe085eefdb8e3,Bacteria,Pseudomonadota,Alphaproteobacteria,Elsterales,NA,NA,NA
ASVd9228ffa28a9,Bacteria,Patescibacteria,Saccharimonadia,Saccharimonadales,WWH38,NA,NA
ASV23132b740780,Bacteria,Patescibacteria,Saccharimonadia,Saccharimonadales,WWH38,NA,NA
ASVd4d3af91f184,Bacteria,Pseudomonadota,Gammaproteobacteria,Burkholderiales,Comamonadaceae,NA,NA
ASVbb2e0411c65c,Bacteria,Verrucomicrobiota,Verrucomicrobiia,Opitutales,Opitutaceae,NA,NA
ASV733dd9470077,Bacteria,Pseudomonadota,Gammaproteobacteria,Burkholderiales,Comamonadaceae,NA,NA
ASV4e14d68df047,Bacteria,Acidobacteriota,Acidobacteriae,NA,NA,NA,NA
ASVb90056464380,Bacteria,Pseudomonadota,Alphaproteobacteria,Elsterales,NA,NA,NA
ASV946082b7149f,Bacteria,Pseudomonadota,Gammaproteobacteria,Burkholderiales,Comamonadaceae,NA,NA
ASV5300a7113fe1,Bacteria,Actinomycetota,Actinobacteria,Propionibacteriales,Nocardioidaceae,Nocardioides,NA
ASV90255c5156b4,Bacteria,Bacteroidota,Bacteroidia,Chitinophagales,Chitinophagaceae,Ilyomonas,NA
ASV5aea7f425d4d,Bacteria,Pseudomonadota,Gammaproteobacteria,Lysobacterales,Lysobacteraceae,Luteimonas,marina
ASV8c3c801f9b8c,Bacteria,Bacillota,Symbiobacteriia,Symbiobacteriales,Symbiobacteraceae,Symbiobacterium,NA
ASV21c13169df87,Bacteria,Pseudomonadota,Gammaproteobacteria,Burkholderiales,Chromobacteriaceae,Pseudogulbenkiania,NA
ASVeed40e9ae560,Bacteria,Bacillota,Bacilli,Bacillales,Bacillaceae,Lederbergia,NA
ASVdb57d2cbec9f,Bacteria,Verrucomicrobiota,Verrucomicrobiia,Opitutales,Opitutaceae,NA,NA
ASVc555859555ad,Bacteria,Bacteroidota,Bacteroidia,Sphingobacteriales,Sphingobacteriaceae,Parapedobacter,NA
ASVf854f38e3296,Bacteria,Pseudomonadota,Alphaproteobacteria,Hyphomicrobiales,Rhizobiaceae,Aminobacter,NA
ASV94ed1949d1df,Bacteria,Pseudomonadota,Alphaproteobacteria,Hyphomicrobiales,Rhizobiaceae,Aminobacter,NA
ASV8d2ca79ac5f5,Bacteria,Pseudomonadota,Alphaproteobacteria,Sphingomonadales,Sphingomonadaceae,NA,NA
ASV890649b3e534,Bacteria,Bacillota,Bacilli,Alicyclobacillales,Alicyclobacillaceae,Tumebacillus,avium
ASV9435e560bab3,Bacteria,Pseudomonadota,Alphaproteobacteria,Sphingomonadales,Sphingomonadaceae,NA,NA
ASVfd100eebb952,Bacteria,Pseudomonadota,Gammaproteobacteria,Burkholderiales,Oxalobacteraceae,Lacisediminimonas,NA
ASV861da03398d0,Bacteria,Chloroflexota,Chloroflexia,Thermomicrobiales,JG30-KF-CM45,NA,NA
ASV9dd294c3d187,Bacteria,Actinomycetota,Thermoleophilia,Solirubrobacterales,Solirubrobacteraceae,Conexibacter,NA
ASVe7270b6c6f42,Bacteria,Pseudomonadota,Gammaproteobacteria,Lysobacterales,Lysobacteraceae,Thermomonas,fusca
ASVb21a7d8dc389,Bacteria,Pseudomonadota,Gammaproteobacteria,Lysobacterales,Lysobacteraceae,NA,NA
ASV39fd35e89ad2,Bacteria,Pseudomonadota,Alphaproteobacteria,Caulobacterales,Caulobacteraceae,Brevundimonas,NA
ASVd3e1ec78a73d,Bacteria,Bdellovibrionota,Bdellovibrionia,Bdellovibrionales,Pseudobdellovibrionaceae,Bdellovibrio,NA
ASV76b1a9dd23cc,Bacteria,Pseudomonadota,Alphaproteobacteria,NA,NA,NA,NA
ASV58461813485e,Bacteria,Pseudomonadota,Gammaproteobacteria,Pseudomonadales,Pseudomonadaceae,Pseudomonas,stutzeri
ASVfb4ac3356e71,Bacteria,Sumerlaeota,Sumerlaeia,Sumerlaeales,Sumerlaeaceae,Sumerlaea,NA
ASV76729d988282,Bacteria,Bacteroidota,Bacteroidia,Sphingobacteriales,Sphingobacteriaceae,Parapedobacter,NA
ASV6d6f07476341,Bacteria,Bacteroidota,Bacteroidia,Sphingobacteriales,env.OPS 17,NA,NA
ASV1cd8ac3ec546,Bacteria,Pseudomonadota,Alphaproteobacteria,Sphingomonadales,Sphingomonadaceae,NA,NA
ASVa344ccf1904a,Bacteria,Pseudomonadota,Gammaproteobacteria,Lysobacterales,Lysobacteraceae,NA,NA
ASV6d239f68068a,Bacteria,Planctomycetota,Planctomycetes,Pirellulales,Pirellulaceae,Pirellula,NA
ASVf0ddcfe50967,Bacteria,Patescibacteria,Saccharimonadia,Saccharimonadales,LWQ8,NA,NA
ASV735b9deae68c,Bacteria,Pseudomonadota,Alphaproteobacteria,Rhodospirillales,Magnetospirillaceae,Telmatospirillum,NA
ASVa3aea54682e0,Bacteria,Pseudomonadota,Gammaproteobacteria,Lysobacterales,Rhodanobacteraceae,Rhodanobacter,lindaniclasticus
ASV17cf2f357dd9,Bacteria,Pseudomonadota,Alphaproteobacteria,Elsterales,NA,NA,NA
ASV98c2e07d894a,Bacteria,Chloroflexota,Ktedonobacteria,Ktedonobacterales,JG30-KF-AS9,NA,NA
ASV4ca9f6df91d0,Bacteria,Pseudomonadota,Alphaproteobacteria,Acetobacterales,Acetobacteraceae,NA,NA
ASV96dcd1d0ec54,Bacteria,Patescibacteria,Saccharimonadia,Saccharimonadales,LWQ8,NA,NA
ASV533ecac8d6b8,Bacteria,Pseudomonadota,Alphaproteobacteria,Micropepsales,Micropepsaceae,NA,NA
ASV44c709185646,Bacteria,Actinomycetota,Actinobacteria,Frankiales,Acidothermaceae,Acidothermus,NA
ASV97fc402a5fe4,Bacteria,Acidobacteriota,Acidobacteriae,Terriglobales,Acidobacteriaceae (Subgroup 1),NA,NA
ASVaedec7d9c6cd,Bacteria,Acidobacteriota,Acidobacteriae,Terriglobales,Acidobacteriaceae (Subgroup 1),NA,NA
ASV569a47f5a040,Bacteria,Pseudomonadota,Alphaproteobacteria,Elsterales,Elsteraceae,NA,NA
ASV495f9cc6647f,Bacteria,Acidobacteriota,Acidobacteriae,Subgroup 2,NA,NA,NA
ASV2b58127f9622,Bacteria,Pseudomonadota,Gammaproteobacteria,Burkholderiales,NA,NA,NA
ASV7548c08ca4e3,Bacteria,NA,NA,NA,NA,NA,NA
ASVce43c9c8c65b,Bacteria,Acidobacteriota,Acidobacteriae,Solibacterales,Solibacteraceae,Candidatus Solibacter,NA
ASVd91da82ff094,Bacteria,Actinomycetota,Actinobacteria,Frankiales,Acidothermaceae,Acidothermus,NA
ASVc3fcca9ef794,Bacteria,Actinomycetota,Actinobacteria,Catenulisporales,Actinospicaceae,Actinocrinis,NA
ASVa63591a6ddc9,Bacteria,Pseudomonadota,Gammaproteobacteria,Burkholderiales,Burkholderiaceae,Burkholderia-Caballeronia-Paraburkholderia,NA
ASVc0b31b4c9261,Bacteria,Armatimonadota,Chthonomonadia,Chthonomonadales,Chthonomonadaceae,Chthonomonas,NA
ASV0aecf546ab3a,Bacteria,Myxococcota,Myxococcia,Myxococcales,Anaeromyxobacteraceae,Anaeromyxobacter,NA
ASVa9b618922dd3,Bacteria,Actinomycetota,Actinobacteria,Micromonosporales,Micromonosporaceae,Hamadaea,tsunoensis
ASV7ca8d2f65dbe,Bacteria,Gemmatimonadota,Gemmatimonadia,Gemmatimonadales,Gemmatimonadaceae,NA,NA
ASVedc8a5fcb625,Bacteria,Gemmatimonadota,Gemmatimonadia,Gemmatimonadales,Gemmatimonadaceae,NA,NA
ASV082194094daf,Bacteria,Pseudomonadota,Alphaproteobacteria,Elsterales,NA,NA,NA
ASVcea2ba62c69b,Bacteria,Pseudomonadota,Alphaproteobacteria,NA,NA,NA,NA
ASVc2910757137a,Bacteria,Pseudomonadota,Gammaproteobacteria,Enterobacterales,Yersiniaceae,NA,NA
ASV765e0cc7232e,Bacteria,Pseudomonadota,Gammaproteobacteria,Burkholderiales,Comamonadaceae,NA,NA
ASV1d56ec1cfb79,Bacteria,Actinomycetota,Actinobacteria,Frankiales,Acidothermaceae,Acidothermus,NA
ASVe0a025eee47f,Bacteria,Patescibacteria,Saccharimonadia,Saccharimonadales,NA,NA,NA
ASV0da49957016e,Bacteria,Bacteroidota,Bacteroidia,Sphingobacteriales,Sphingobacteriaceae,Mucilaginibacter,kameinonensis
ASV796e7a664412,Bacteria,Planctomycetota,Planctomycetes,Isosphaerales,Isosphaeraceae,Tundrisphaera,NA
ASVfe5b337a4958,Bacteria,Candidatus Eremiobacterota,Eremiobacteria,NA,NA,NA,NA
ASV7d1fb1c1f58a,Bacteria,Bdellovibrionota,Oligoflexia,0319-6G20,NA,NA,NA
ASV6d736324d6be,Bacteria,Pseudomonadota,Gammaproteobacteria,NA,NA,NA,NA
ASV90dcd51bc976,Bacteria,Myxococcota,Polyangiia,Polyangiales,Sandaracinaceae,NA,NA
ASVa9e5d40ba52c,Bacteria,Pseudomonadota,Alphaproteobacteria,Elsterales,NA,NA,NA
ASVfcfd556a42c4,Bacteria,Planctomycetota,Planctomycetes,Isosphaerales,Isosphaeraceae,Aquisphaera,NA
ASVd24ca257c6f7,Bacteria,NA,NA,NA,NA,NA,NA
ASV5c6555600579,Bacteria,NA,NA,NA,NA,NA,NA
ASV423f4b459cbd,Bacteria,Candidatus Kapabacteria,Kapabacteria,Kapabacteriales,NA,NA,NA
ASVd3bb33713e5d,Bacteria,Pseudomonadota,Alphaproteobacteria,Micropepsales,Micropepsaceae,Micropepsis,NA
ASV68b8cfd6f457,Bacteria,Dependentiae,Babeliae,Babeliales,Vermiphilaceae,NA,NA
ASVe5c9563de706,Bacteria,Pseudomonadota,Alphaproteobacteria,Rhodospirillales,Rhodospirillaceae,NA,NA
ASV03e173dd9b55,Bacteria,Actinomycetota,Actinobacteria,Micrococcales,Dermacoccaceae,Flexivirga,NA
ASVd24201f65e14,Bacteria,Actinomycetota,Thermoleophilia,Solirubrobacterales,NA,NA,NA
ASVf20985775fc9,Bacteria,Verrucomicrobiota,Verrucomicrobiia,Verrucomicrobiales,Verrucomicrobiaceae,Prosthecobacter,NA
ASV6e1d74360ae0,Bacteria,Pseudomonadota,Alphaproteobacteria,Hyphomicrobiales,Devosiaceae,Devosia,riboflavina
ASVec0aa826faa5,Bacteria,Gemmatimonadota,Gemmatimonadia,Gemmatimonadales,Gemmatimonadaceae,Gemmatimonas,NA
ASV1856c6bdc3b1,Bacteria,Bacteroidota,Bacteroidia,Sphingobacteriales,env.OPS 17,NA,NA
ASV798d0885c3d5,Bacteria,Pseudomonadota,Alphaproteobacteria,Defluviicoccales,NA,NA,NA
ASVb9ebe99cd753,Bacteria,Patescibacteria,Saccharimonadia,Saccharimonadales,NA,NA,NA
ASV96c172cdc0e7,Bacteria,Chloroflexota,Ktedonobacteria,Ktedonobacterales,JG30-KF-AS9,NA,NA
ASVf1c95954b772,Bacteria,Gemmatimonadota,Gemmatimonadia,Gemmatimonadales,Gemmatimonadaceae,Gemmatimonas,NA
ASV3680381a8233,Bacteria,Pseudomonadota,Gammaproteobacteria,Pseudomonadales,Moraxellaceae,NA,NA
ASV2effa3e405cf,Bacteria,Patescibacteria,Saccharimonadia,Saccharimonadales,NA,NA,NA
ASV6e4bfa82268a,Bacteria,Pseudomonadota,Gammaproteobacteria,Gammaproteobacteria Incertae Sedis,Unknown Family,Acidibacter,NA
ASVa32fa978af3a,Bacteria,Pseudomonadota,Alphaproteobacteria,Caulobacterales,Caulobacteraceae,PMMR1,NA
ASV7a3fd57bcf5d,Bacteria,Pseudomonadota,Alphaproteobacteria,Hyphomicrobiales,Rhizobiaceae,NA,NA
ASV39ce7b6866d7,Bacteria,Candidatus Eremiobacterota,Eremiobacteria,NA,NA,NA,NA
ASV84656aef1b1b,Bacteria,Pseudomonadota,Gammaproteobacteria,JG36-TzT-191,NA,NA,NA
ASVc67f404a26ec,Bacteria,Acidobacteriota,Acidobacteriae,Terriglobales,Acidobacteriaceae (Subgroup 1),Terracidiphilus,NA
ASV224fd08ead70,Bacteria,Patescibacteria,Saccharimonadia,Saccharimonadales,LWQ8,NA,NA
ASV29cd9d5aedcf,Bacteria,Pseudomonadota,Alphaproteobacteria,Caulobacterales,Caulobacteraceae,Asticcacaulis,NA
ASV39cfc2a58835,Bacteria,Actinomycetota,Acidimicrobiia,Acidimicrobiales,Acidimicrobiaceae,Acidiferrimicrobium,NA
ASVc13d9851b35d,Bacteria,Actinomycetota,Actinobacteria,Propionibacteriales,Nocardioidaceae,Nocardioides,NA
ASV87e4b4a9f1bd,Bacteria,Actinomycetota,Actinobacteria,Catenulisporales,Catenulisporaceae,Catenulispora,yoronensis
ASV83395cbddb5e,Bacteria,Patescibacteria,Saccharimonadia,Saccharimonadales,NA,NA,NA
ASVf223666e3876,Bacteria,Patescibacteria,Saccharimonadia,Saccharimonadales,LWQ8,NA,NA
ASV0ca60462d8ca,Bacteria,Actinomycetota,Actinobacteria,Frankiales,Frankiaceae,Jatrophihabitans,NA
ASV917a6ea4c0ee,Bacteria,Pseudomonadota,Gammaproteobacteria,JG36-TzT-191,NA,NA,NA
ASV59685b3719ff,Bacteria,Pseudomonadota,Gammaproteobacteria,Lysobacterales,Rhodanobacteraceae,Chujaibacter,NA
ASVab0b80c0ced1,Bacteria,Acidobacteriota,Acidobacteriae,Terriglobales,Acidobacteriaceae (Subgroup 1),NA,NA
ASV7d33d803d69a,Bacteria,Gemmatimonadota,Gemmatimonadia,Gemmatimonadales,Gemmatimonadaceae,NA,NA
ASV7b07b5a304ad,Bacteria,Pseudomonadota,Gammaproteobacteria,Enterobacterales,Enterobacteriaceae,Kosakonia,sacchari
ASV39ee9cbfe0fc,Bacteria,Gemmatimonadota,Gemmatimonadia,Gemmatimonadales,Gemmatimonadaceae,Gemmatimonas,NA
ASV0246be2d9e42,Bacteria,NA,NA,NA,NA,NA,NA
ASV04429c8f0316,Bacteria,Pseudomonadota,Gammaproteobacteria,Burkholderiales,Burkholderiaceae,Burkholderia-Caballeronia-Paraburkholderia,sprentiae
ASV6800f04a30c9,Bacteria,Patescibacteria,Saccharimonadia,Saccharimonadales,LWQ8,NA,NA
ASV9738ddba3647,Bacteria,Chloroflexota,Ktedonobacteria,Ktedonobacterales,JG30-KF-AS9,NA,NA
ASV9ea305455e9d,Bacteria,Bacteroidota,Bacteroidia,Chitinophagales,Chitinophagaceae,NA,NA
ASV604b5a723633,Bacteria,Chloroflexota,Ktedonobacteria,Ktedonobacterales,JG30-KF-AS9,NA,NA
ASV8175203845f1,Bacteria,Chloroflexota,Ktedonobacteria,Ktedonobacterales,JG30-KF-AS9,NA,NA
ASV49c84c8b0181,Bacteria,Bacteroidota,Bacteroidia,Chitinophagales,Chitinophagaceae,NA,NA
ASVa2d973b7b4d3,Bacteria,Pseudomonadota,Gammaproteobacteria,Burkholderiales,Alcaligenaceae,Castellaniella,NA
ASVd0441063209d,Bacteria,Pseudomonadota,Gammaproteobacteria,Pseudomonadales,Marinobacteraceae,Marinobacter,NA
ASV2346a30e5696,Bacteria,Pseudomonadota,Alphaproteobacteria,Hyphomicrobiales,Xanthobacteraceae,Rhodopseudomonas,NA
ASV8c090eb2107b,Bacteria,Pseudomonadota,Gammaproteobacteria,NA,NA,NA,NA
ASV4f245e3fff17,Bacteria,Bacteroidota,Bacteroidia,Chitinophagales,Chitinophagaceae,NA,NA
ASV203a6fa33eeb,Bacteria,Bacteroidota,Bacteroidia,Chitinophagales,Chitinophagaceae,Flavisolibacter,NA
ASV27e7fb6062d7,Bacteria,Patescibacteria,Saccharimonadia,Saccharimonadales,Saccharimonadaceae,TM7a,NA
ASVa465fbe8ae78,Bacteria,Myxococcota,Polyangiia,Haliangiales,Haliangiaceae,NA,NA
ASV12a6bf38ee06,Bacteria,Pseudomonadota,Alphaproteobacteria,Sphingomonadales,Sphingomonadaceae,NA,NA
ASVe603ec35e182,Bacteria,Pseudomonadota,Gammaproteobacteria,Pseudomonadales,Porticoccaceae,NA,NA
ASV882fd63980b4,Bacteria,Actinomycetota,Actinobacteria,Micrococcales,Microbacteriaceae,NA,NA
ASV3e3ae1068398,Bacteria,Pseudomonadota,Alphaproteobacteria,Sphingomonadales,Sphingomonadaceae,NA,NA
ASV6cbbacc25696,Bacteria,Pseudomonadota,Alphaproteobacteria,Hyphomicrobiales,Rhizobiaceae,NA,NA
ASVcec85a2c8c05,Bacteria,Actinomycetota,Thermoleophilia,Solirubrobacterales,Solirubrobacteraceae,Conexibacter,NA
ASVdd1504f704ab,Bacteria,Pseudomonadota,Alphaproteobacteria,Sphingomonadales,Sphingomonadaceae,Sphingopyxis,NA
ASV0554d76b8d3a,Bacteria,Pseudomonadota,Alphaproteobacteria,Micropepsales,Micropepsaceae,Micropepsis,NA
ASV2499235da4bb,Bacteria,Cyanobacteriota,Sericytochromatia,NA,NA,NA,NA
ASVac4ac89529d0,Bacteria,Pseudomonadota,Gammaproteobacteria,Lysobacterales,Lysobacteraceae,Thermomonas,NA
ASV06a90c299340,Bacteria,Bdellovibrionota,Bdellovibrionia,Bdellovibrionales,Pseudobdellovibrionaceae,NA,NA
ASVf42803e034db,Bacteria,Pseudomonadota,Gammaproteobacteria,Pseudomonadales,Pseudomonadaceae,Pseudomonas,stutzeri
ASVdfec70639b08,Bacteria,NA,NA,NA,NA,NA,NA
ASV0b1a356204b0,Bacteria,Pseudomonadota,Gammaproteobacteria,Pseudomonadales,Pseudomonadaceae,Pseudomonas,NA
ASVe0f0c1f3ce11,Bacteria,Pseudomonadota,Gammaproteobacteria,Lysobacterales,Lysobacteraceae,Thermomonas,NA
ASV14a4544f0e01,Bacteria,Pseudomonadota,Alphaproteobacteria,Azospirillales,Azospirillaceae,Azospirillum,NA
ASVb3a681d3ef08,Bacteria,Pseudomonadota,Gammaproteobacteria,Steroidobacterales,Steroidobacteraceae,Steroidobacter,NA
ASVacb217690649,Bacteria,Pseudomonadota,Gammaproteobacteria,Lysobacterales,Lysobacteraceae,Luteimonas,marina
ASV24041bf6b921,Bacteria,Pseudomonadota,Gammaproteobacteria,Burkholderiales,Comamonadaceae,NA,NA
ASVab51ce24bef7,Bacteria,Pseudomonadota,Gammaproteobacteria,Burkholderiales,Rhodocyclaceae,Dechloromonas,NA
ASV8b7b8018c64f,Bacteria,Pseudomonadota,Gammaproteobacteria,Lysobacterales,Lysobacteraceae,Thermomonas,NA
ASVe3c29962294f,Bacteria,Planctomycetota,Planctomycetes,Isosphaerales,Isosphaeraceae,Tautonia,NA
ASV3a6ddd80b0bd,Bacteria,Actinomycetota,Actinobacteria,Frankiales,Acidothermaceae,Acidothermus,NA
ASV3afcf5178ce0,Bacteria,Pseudomonadota,Gammaproteobacteria,Pseudomonadales,Cellvibrionaceae,Cellvibrio,NA
ASVc20306174012,Bacteria,Pseudomonadota,Gammaproteobacteria,Burkholderiales,Alcaligenaceae,Candidimonas,humi
ASVb949580c5242,Bacteria,Actinomycetota,Actinobacteria,Streptosporangiales,Thermomonosporaceae,Actinoallomurus,NA
ASVbbd67493fca3,Bacteria,Pseudomonadota,Alphaproteobacteria,Acetobacterales,Acetobacteraceae,NA,NA
ASVf8db1e43d1ad,Bacteria,Gemmatimonadota,Gemmatimonadia,Gemmatimonadales,Gemmatimonadaceae,NA,NA
ASV0c0ecf6c6440,Bacteria,Acidobacteriota,Acidobacteriae,Terriglobales,Acidobacteriaceae (Subgroup 1),Granulicella,NA
ASV376a1717592a,Bacteria,Latescibacterota,NA,NA,NA,NA,NA
ASV261cfaa7bec9,Archaea,Thermoproteota,Nitrososphaeria,Nitrososphaerales,Nitrososphaeraceae,Candidatus Nitrosocosmicus,NA
ASV4e7db613c739,Bacteria,Pseudomonadota,Gammaproteobacteria,Burkholderiales,Nitrosomonadaceae,Ellin6067,NA
ASVbee27764edf9,Bacteria,Gemmatimonadota,Gemmatimonadia,Gemmatimonadales,Gemmatimonadaceae,NA,NA
ASV168fbbf8827e,Bacteria,Gemmatimonadota,Gemmatimonadia,Gemmatimonadales,Gemmatimonadaceae,NA,NA
ASVf06ed7b59771,Bacteria,Pseudomonadota,Gammaproteobacteria,Lysobacterales,Rhodanobacteraceae,Rhodanobacter,NA
ASVde0408d64916,Bacteria,Verrucomicrobiota,Verrucomicrobiia,Pedosphaerales,Pedosphaeraceae,NA,NA
ASVf229785e089c,Bacteria,Pseudomonadota,Gammaproteobacteria,Lysobacterales,Rhodanobacteraceae,Rhodanobacter,NA
ASVd91af6ddf462,Bacteria,Chloroflexota,Ktedonobacteria,Ktedonobacterales,JG30-KF-AS9,NA,NA
ASVa124b08c056e,Bacteria,Pseudomonadota,Gammaproteobacteria,Burkholderiales,Burkholderiaceae,Burkholderia-Caballeronia-Paraburkholderia,NA
ASV39d5213c02fa,Bacteria,Planctomycetota,Phycisphaerae,Tepidisphaerales,WD2101 soil group,NA,NA
ASVc1f5eed05010,Bacteria,Pseudomonadota,Alphaproteobacteria,NA,NA,NA,NA
ASV85e629954575,Bacteria,Pseudomonadota,Gammaproteobacteria,Lysobacterales,Rhodanobacteraceae,Rhodanobacter,NA
ASVb47347474aac,Bacteria,Chloroflexota,Ktedonobacteria,B10-SB3A,NA,NA,NA
ASV26db0359606e,Bacteria,Actinomycetota,Acidimicrobiia,Acidimicrobiales,Acidimicrobiaceae,NA,NA
ASV061a7b6b7ed5,Bacteria,Pseudomonadota,Alphaproteobacteria,Hyphomicrobiales,Devosiaceae,NA,NA
ASV49bed9036839,Bacteria,Pseudomonadota,Gammaproteobacteria,Burkholderiales,Comamonadaceae,NA,NA
ASV9140a4a76eef,Bacteria,NA,NA,NA,NA,NA,NA
ASV5311fa60c7cb,Bacteria,Planctomycetota,Planctomycetes,Planctomycetales,NA,NA,NA
ASVa68d85af69e9,Bacteria,Actinomycetota,Actinobacteria,Catenulisporales,Catenulisporaceae,Catenulispora,acidiphila
ASV3b5f8ea151cc,Bacteria,Actinomycetota,Acidimicrobiia,Acidimicrobiales,Acidimicrobiaceae,Acidiferrimicrobium,NA
ASV823f6e50f69b,Bacteria,Pseudomonadota,Alphaproteobacteria,Rickettsiales,Mitochondria,NA,NA
ASV3f060e80821e,Bacteria,Myxococcota,Polyangiia,NA,NA,NA,NA
ASV5ba4ef2d4208,Bacteria,Bacteroidota,Bacteroidia,Chitinophagales,Chitinophagaceae,Chitinophaga,rupis
ASV49d22a4c9c45,Bacteria,Pseudomonadota,Alphaproteobacteria,NA,NA,NA,NA
ASVee60a9414fd2,Bacteria,Armatimonadota,NA,NA,NA,NA,NA
ASV6a602930c066,Bacteria,Planctomycetota,Planctomycetes,Isosphaerales,Isosphaeraceae,Aquisphaera,NA
ASVe8432008e544,Bacteria,Acidobacteriota,Acidobacteriae,Bryobacterales,Bryobacteraceae,Bryobacter,NA
ASV21b1d263a962,Bacteria,Pseudomonadota,Gammaproteobacteria,Burkholderiales,Burkholderiaceae,Burkholderia-Caballeronia-Paraburkholderia,silvatlantica
ASV1cb7e1bbd71c,Bacteria,Patescibacteria,Saccharimonadia,Saccharimonadales,WWH38,NA,NA
ASV4906b4330d6a,Bacteria,Planctomycetota,Phycisphaerae,Tepidisphaerales,WD2101 soil group,NA,NA
ASV49708d078efb,Bacteria,NA,NA,NA,NA,NA,NA
ASV6491842f093a,Bacteria,Actinomycetota,Actinobacteria,Frankiales,Acidothermaceae,Acidothermus,NA
ASV6223c3239b15,Bacteria,Acidobacteriota,Acidobacteriae,Terriglobales,Koribacteraceae,Candidatus Koribacter,NA
ASVd0a95bf47256,Bacteria,Planctomycetota,Planctomycetes,Isosphaerales,Isosphaeraceae,Tautonia,NA
ASVc4c3b1deedc7,Bacteria,Armatimonadota,NA,NA,NA,NA,NA
ASV726c30997d2c,Bacteria,Patescibacteria,Saccharimonadia,Saccharimonadales,LWQ8,NA,NA
ASV734e7d622fc0,Bacteria,Pseudomonadota,Alphaproteobacteria,Acetobacterales,Acetobacteraceae,NA,NA
ASVcc6de9aa8854,Bacteria,Planctomycetota,Planctomycetes,Isosphaerales,Isosphaeraceae,Paludisphaera,borealis
ASVaf0b92d7496e,Bacteria,Chloroflexota,JG30-KF-CM66,NA,NA,NA,NA
ASVfc1ac0992b2f,Bacteria,Pseudomonadota,Alphaproteobacteria,Micropepsales,Micropepsaceae,NA,NA
ASV59124c119eed,Bacteria,Pseudomonadota,Alphaproteobacteria,Elsterales,Elsteraceae,NA,NA
ASV3268c7fc287e,Bacteria,Acidobacteriota,Acidobacteriae,Terriglobales,Acidobacteriaceae (Subgroup 1),NA,NA
ASVc0565bb8f58b,Bacteria,Pseudomonadota,Alphaproteobacteria,Acetobacterales,Acetobacteraceae,NA,NA
ASV5d9f96d35aed,Bacteria,Bacillota,Bacilli,Alicyclobacillales,Alicyclobacillaceae,Alicyclobacillus,NA
ASV3c58eb35c06a,Bacteria,Acidobacteriota,Acidobacteriae,Solibacterales,Solibacteraceae,Candidatus Solibacter,NA
ASV3adcdc9b4944,Bacteria,Pseudomonadota,Alphaproteobacteria,Parvibaculales,Parvibaculaceae,Parvibaculum,NA
ASVd22ed98f6dd2,Bacteria,Actinomycetota,Actinobacteria,Micrococcales,Microbacteriaceae,Microbacterium,NA
ASV97a62b220c2f,Bacteria,Actinomycetota,Actinobacteria,Frankiales,Acidothermaceae,Acidothermus,NA
ASV5142d01fac19,Bacteria,Bacteroidota,Bacteroidia,Flavobacteriales,Weeksellaceae,Moheibacter,NA
ASVd159cf73e8f9,Bacteria,Pseudomonadota,Gammaproteobacteria,Lysobacterales,Rhodanobacteraceae,Chujaibacter,NA
ASV91b02db67c0a,Bacteria,Bacillota,Bacilli,Paenibacillales,Paenibacillaceae,NA,NA
ASV41463a2b1bf5,Bacteria,Pseudomonadota,Alphaproteobacteria,Parvibaculales,Parvibaculaceae,Parvibaculum,NA
ASV1770d244f18a,Bacteria,Chloroflexota,Chloroflexia,Chloroflexales,Roseiflexaceae,NA,NA
ASV54ba6c33e188,Bacteria,Actinomycetota,Actinobacteria,Micromonosporales,Micromonosporaceae,Actinocatenispora,NA
ASV7989097592bc,Bacteria,Bacteroidota,Bacteroidia,Chitinophagales,Chitinophagaceae,Terrimonas,NA
ASVc61e46ad2062,Bacteria,Pseudomonadota,Alphaproteobacteria,Hyphomicrobiales,Xanthobacteraceae,Afipia,NA
ASV227be5e1d749,Bacteria,Chloroflexota,Ktedonobacteria,Ktedonobacterales,JG30-KF-AS9,NA,NA
ASV3998e44e3f14,Bacteria,Chloroflexota,Chloroflexia,Thermomicrobiales,JG30-KF-CM45,NA,NA
ASV0576f2305088,Bacteria,Actinomycetota,Actinobacteria,Frankiales,Frankiaceae,Jatrophihabitans,NA
ASVab85b4d3bd1a,Bacteria,Pseudomonadota,Alphaproteobacteria,Hyphomicrobiales,Rhizobiaceae,Aminobacter,NA
ASV59d6f66edcce,Bacteria,Verrucomicrobiota,Verrucomicrobiia,Verrucomicrobiales,Rubritaleaceae,Luteolibacter,NA
ASV83330c5595ce,Bacteria,Pseudomonadota,Alphaproteobacteria,Hyphomicrobiales,Devosiaceae,Pelagibacterium,NA
ASV72950d58fd7c,Bacteria,Actinomycetota,Thermoleophilia,Solirubrobacterales,Solirubrobacteraceae,JCM 18997,NA
ASV08b264324906,Bacteria,Verrucomicrobiota,Verrucomicrobiia,Opitutales,Opitutaceae,Opitutus,NA
ASV5c3751a138b7,Bacteria,Pseudomonadota,Alphaproteobacteria,Sphingomonadales,Sphingomonadaceae,Sphingopyxis,granuli
ASV90941cd6bdb4,Bacteria,Pseudomonadota,Alphaproteobacteria,Sphingomonadales,Sphingomonadaceae,DSSF69,NA
ASVdc9995f62331,Bacteria,Actinomycetota,Actinobacteria,Frankiales,Geodermatophilaceae,Geodermatophilus,NA
ASV0efc16a46d62,Bacteria,Pseudomonadota,Gammaproteobacteria,Pseudomonadales,Pseudomonadaceae,Pseudomonas,stutzeri
ASV4e30ea5975e6,Bacteria,Pseudomonadota,Alphaproteobacteria,Sphingomonadales,Sphingomonadaceae,NA,NA
ASVce959d609589,Bacteria,Pseudomonadota,Gammaproteobacteria,Pseudomonadales,Pseudomonadaceae,Pseudomonas,stutzeri
ASV279a034c81ec,Bacteria,Pseudomonadota,Gammaproteobacteria,Burkholderiales,Oxalobacteraceae,NA,NA
ASV4cdf47e81427,Bacteria,Actinomycetota,Actinobacteria,Micrococcales,NA,NA,NA
ASVb4f41df19c9a,Bacteria,Pseudomonadota,Gammaproteobacteria,Burkholderiales,Comamonadaceae,Comamonas,NA
ASV7189bec1e3b7,Bacteria,Gemmatimonadota,S0134 terrestrial group,NA,NA,NA,NA
ASVcaf6d2a5e4da,Bacteria,Pseudomonadota,Gammaproteobacteria,Burkholderiales,Alcaligenaceae,Candidimonas,humi
ASVa7d90743f672,Bacteria,Pseudomonadota,Alphaproteobacteria,Caulobacterales,Caulobacteraceae,Caulobacter,NA
ASVf324ab201d5c,Bacteria,Chloroflexota,Ktedonobacteria,B10-SB3A,NA,NA,NA
ASV04546fb0b299,Bacteria,Pseudomonadota,Alphaproteobacteria,Caulobacterales,Caulobacteraceae,Asticcacaulis,biprosthecium
ASVffcc76c2908e,Bacteria,Acidobacteriota,Acidobacteriae,Subgroup 2,NA,NA,NA
ASV4e0184df43aa,Bacteria,RCP2-54,NA,NA,NA,NA,NA
ASV2c2d1f82c976,Bacteria,Acidobacteriota,Acidobacteriae,Terriglobales,Acidobacteriaceae (Subgroup 1),NA,NA
ASV7165863ffce0,Bacteria,Pseudomonadota,Alphaproteobacteria,Sphingomonadales,Sphingomonadaceae,Sphingomonas,oligoaromativorans
ASV0722025b37ad,Bacteria,Myxococcota,Myxococcia,Myxococcales,Myxococcaceae,P3OB-42,NA
ASV502308ed2c44,Bacteria,Pseudomonadota,Alphaproteobacteria,NA,NA,NA,NA
ASVa864c63451b6,Bacteria,Chloroflexota,Anaerolineae,Aggregatilineales,A4b,NA,NA
ASVa4d547a5a65f,Bacteria,Gemmatimonadota,Gemmatimonadia,Gemmatimonadales,Gemmatimonadaceae,Gemmatimonas,NA
ASVe18c8793e9ad,Bacteria,Acidobacteriota,Blastocatellia,11-24,NA,NA,NA
ASVb888e1875df8,Bacteria,Myxococcota,Polyangiia,Haliangiales,Haliangiaceae,NA,NA
ASVb0b6fe93715f,Bacteria,NA,NA,NA,NA,NA,NA
ASVfea185595ec4,Bacteria,Acidobacteriota,Vicinamibacteria,Vicinamibacterales,Vicinamibacteraceae,NA,NA
ASVa617bd4d057d,Bacteria,Chloroflexota,Anaerolineae,Anaerolineales,Anaerolineaceae,NA,NA
ASV779ddaf8aa50,Bacteria,Latescibacterota,NA,NA,NA,NA,NA
ASVcaa2e0e0da42,Bacteria,Planctomycetota,Phycisphaerae,Tepidisphaerales,WD2101 soil group,NA,NA
ASVde03322f4667,Bacteria,Chloroflexota,JG30-KF-CM66,NA,NA,NA,NA
ASV8771ce243753,Bacteria,Pseudomonadota,Gammaproteobacteria,Gammaproteobacteria Incertae Sedis,Unknown Family,Acidibacter,NA
ASV55988f984b6a,Bacteria,Chloroflexota,Chloroflexia,Thermomicrobiales,JG30-KF-CM45,NA,NA
ASV0cc7228581cd,Bacteria,Pseudomonadota,Gammaproteobacteria,Burkholderiales,Rhodocyclaceae,NA,NA
ASVa71ff998cde1,Bacteria,Planctomycetota,Planctomycetes,Gemmatales,Gemmataceae,NA,NA
ASV90138645563b,Bacteria,Armatimonadota,Armatimonadia,Armatimonadales,Armatimonadaceae,NA,NA
ASV6898cd2c112e,Bacteria,Acidobacteriota,Acidobacteriae,Subgroup 13,NA,NA,NA
ASV1ae887bf4960,Bacteria,Pseudomonadota,Gammaproteobacteria,Gammaproteobacteria Incertae Sedis,Unknown Family,Acidibacter,NA
ASV3af0739ba8f1,Bacteria,Armatimonadota,Chthonomonadia,Chthonomonadales,NA,NA,NA
ASV0c803ccb1f85,Bacteria,Pseudomonadota,Alphaproteobacteria,Elsterales,NA,NA,NA
ASV24ef2f75657f,Bacteria,Verrucomicrobiota,Verrucomicrobiia,Pedosphaerales,Pedosphaeraceae,NA,NA
ASV21d1f4dca9f5,Bacteria,Pseudomonadota,Alphaproteobacteria,Micropepsales,Micropepsaceae,NA,NA
ASV4d33bbaa54f2,Bacteria,Bacteroidota,Bacteroidia,Sphingobacteriales,Sphingobacteriaceae,Mucilaginibacter,NA
ASV3c863be91df0,Bacteria,Chloroflexota,Ktedonobacteria,Ktedonobacterales,Ktedonobacteraceae,NA,NA
ASVf78aca35e4fc,Bacteria,Pseudomonadota,Gammaproteobacteria,Lysobacterales,Rhodanobacteraceae,Dokdonella,ginsengisoli
ASV23f72f0ded9d,Bacteria,Bacillota,Bacilli,Alicyclobacillales,Alicyclobacillaceae,Tumebacillus,avium
ASV8019eec12452,Bacteria,Patescibacteria,Saccharimonadia,Saccharimonadales,LWQ8,NA,NA
ASV141095bff613,Bacteria,Pseudomonadota,Alphaproteobacteria,Caulobacterales,Caulobacteraceae,Asticcacaulis,NA
ASV143f370e1e91,Bacteria,Patescibacteria,Saccharimonadia,Saccharimonadales,Saccharimonadaceae,TM7a,NA
ASV43fabffaec12,Bacteria,Pseudomonadota,Alphaproteobacteria,Acetobacterales,Acetobacteraceae,Roseomonas,NA
ASV1fa85f8bcb6c,Bacteria,Actinomycetota,Thermoleophilia,Solirubrobacterales,Solirubrobacteraceae,Baekduia,NA
ASV979b64c843b1,Bacteria,Actinomycetota,Acidimicrobiia,Microtrichales,Ilumatobacteraceae,NA,NA
ASV7bb83a79bbd8,Bacteria,Actinomycetota,Thermoleophilia,Solirubrobacterales,Solirubrobacteraceae,Conexibacter,NA
ASV1f9d6571c585,Bacteria,Bacteroidota,Bacteroidia,NA,NA,NA,NA
ASV81256b46e3e2,Bacteria,Actinomycetota,Thermoleophilia,Gaiellales,NA,NA,NA
ASVdc857b76b51c,Bacteria,Gemmatimonadota,Gemmatimonadia,Gemmatimonadales,Gemmatimonadaceae,NA,NA
ASV709b1035302a,Bacteria,Chloroflexota,TK10,NA,NA,NA,NA
ASV9e359306d3b1,Bacteria,Bacillota,Bacilli,Alicyclobacillales,Alicyclobacillaceae,Tumebacillus,avium
ASV60e5a54317e4,Bacteria,Planctomycetota,Planctomycetes,Gemmatales,Gemmataceae,NA,NA
ASV8acfad67088b,Bacteria,Gemmatimonadota,Gemmatimonadia,Gemmatimonadales,Gemmatimonadaceae,NA,NA
ASV51f182af933f,Bacteria,Gemmatimonadota,Gemmatimonadia,Gemmatimonadales,Gemmatimonadaceae,NA,NA
ASV43bb4fb2f908,Bacteria,Patescibacteria,Saccharimonadia,Saccharimonadales,NA,NA,NA
ASVf2e10e2cdc27,Bacteria,Patescibacteria,Saccharimonadia,Saccharimonadales,LWQ8,NA,NA
ASV6aff2f41eb23,Bacteria,Planctomycetota,Planctomycetes,Isosphaerales,Isosphaeraceae,Tautonia,NA
ASV8a7f6928b483,Bacteria,Planctomycetota,Phycisphaerae,Tepidisphaerales,WD2101 soil group,NA,NA
ASV69e3ac20fd16,Bacteria,Pseudomonadota,Gammaproteobacteria,Lysobacterales,Rhodanobacteraceae,Rhodanobacter,lindaniclasticus
ASV7a54896fdee7,Bacteria,Actinomycetota,Actinobacteria,Frankiales,Frankiaceae,Jatrophihabitans,NA
ASV88b4e8d75bee,Bacteria,NA,NA,NA,NA,NA,NA
ASVe24691a9e2e7,Bacteria,Bacteroidota,Bacteroidia,Chitinophagales,Chitinophagaceae,NA,NA
ASV4f99e80ba66f,Bacteria,Pseudomonadota,Gammaproteobacteria,Lysobacterales,Rhodanobacteraceae,Chujaibacter,NA
ASV011261115813,Bacteria,Actinomycetota,Actinobacteria,Micrococcales,Microbacteriaceae,NA,NA
ASVf1efbece7682,Bacteria,Bacteroidota,Bacteroidia,Chitinophagales,Chitinophagaceae,NA,NA
ASVff435528f852,Bacteria,Chloroflexota,Chloroflexia,NA,NA,NA,NA
ASVa1d322af1d3a,Bacteria,Bacteroidota,Bacteroidia,Sphingobacteriales,Sphingobacteriaceae,Mucilaginibacter,NA
ASV457affe85c46,Bacteria,Armatimonadota,Chthonomonadia,Chthonomonadales,Chthonomonadaceae,Chthonomonas,NA
ASV5fa0777a8937,Bacteria,Pseudomonadota,Alphaproteobacteria,Sphingomonadales,Sphingomonadaceae,Sphingoaurantiacus,NA
ASVa3d0f1ee9102,Bacteria,Pseudomonadota,Alphaproteobacteria,Micropepsales,Micropepsaceae,NA,NA
ASV013a8704bf92,Bacteria,Pseudomonadota,Gammaproteobacteria,Burkholderiales,Alcaligenaceae,Candidimonas,humi
ASV070fee703b05,Bacteria,Chloroflexota,Chloroflexia,Thermomicrobiales,JG30-KF-CM45,NA,NA
ASVd3bf39413a50,Bacteria,Pseudomonadota,Alphaproteobacteria,Hyphomicrobiales,Rhizobiaceae,NA,NA
ASV1f262bd4d3ca,Bacteria,Planctomycetota,Planctomycetes,Gemmatales,Gemmataceae,Gemmata,NA
ASV4256a5efc4d2,Bacteria,Actinomycetota,Actinobacteria,Frankiales,Acidothermaceae,Acidothermus,NA
ASV14aab81613cb,Bacteria,RCP2-54,NA,NA,NA,NA,NA
ASV59e5182e849f,Bacteria,Chloroflexota,Ktedonobacteria,B10-SB3A,NA,NA,NA
ASVd3762e286a06,Bacteria,Bacillota,Bacilli,Bacillales,Bacillaceae,NA,NA
ASV60da627521d2,Bacteria,Pseudomonadota,Alphaproteobacteria,Hyphomicrobiales,Xanthobacteraceae,Rhodoplanes,piscinae
ASV2ec61a921ea1,Bacteria,Pseudomonadota,Gammaproteobacteria,Burkholderiales,Alcaligenaceae,Pusillibacter,NA
ASVde006a92580b,Bacteria,Actinomycetota,Actinobacteria,Micrococcales,Intrasporangiaceae,NA,NA
ASV2db5f890addf,Bacteria,Pseudomonadota,Gammaproteobacteria,Burkholderiales,Chromobacteriaceae,NA,NA
ASV98b7b2b0d515,Bacteria,Armatimonadota,Fimbriimonadia,Fimbriimonadales,Fimbriimonadaceae,NA,NA
ASV4a030d29bfb0,Bacteria,Bacteroidota,Bacteroidia,Chitinophagales,Chitinophagaceae,Chitinophaga,terrae
ASV0460689b8a0b,Bacteria,Myxococcota,Polyangiia,Polyangiales,Phaselicystaceae,Phaselicystis,NA
ASV2e1a86837ce7,Bacteria,Chloroflexota,Chloroflexia,Chloroflexales,Roseiflexaceae,NA,NA
ASV7a65691dde9c,Bacteria,Bacteroidota,Bacteroidia,Sphingobacteriales,Sphingobacteriaceae,Parapedobacter,NA
ASVef92e60f3ed6,Bacteria,Myxococcota,Polyangiia,Haliangiales,Haliangiaceae,NA,NA
ASV24b7a4a47165,Bacteria,Bacillota,Bacilli,Thermoactinomycetales,Thermoactinomycetaceae,Planifilum,NA
ASVaeff46451f0a,Bacteria,Pseudomonadota,Gammaproteobacteria,Pseudomonadales,NA,NA,NA
ASVad3fb697d945,Bacteria,Pseudomonadota,Alphaproteobacteria,Hyphomicrobiales,Rhizobiaceae,NA,NA
ASV90183ce000f1,Bacteria,Pseudomonadota,Alphaproteobacteria,Hyphomicrobiales,Xanthobacteraceae,Pseudolabrys,NA
ASV5195bfe5bf0d,Bacteria,Pseudomonadota,Gammaproteobacteria,Pseudomonadales,Pseudomonadaceae,Pseudomonas,stutzeri
ASVd69d10ba0b51,Bacteria,Actinomycetota,Acidimicrobiia,Microtrichales,NA,NA,NA
ASVf223696d9dd4,Bacteria,Pseudomonadota,Alphaproteobacteria,Hyphomicrobiales,Rhizobiaceae,Aminobacter,aminovorans
ASV9cf2889e1ff1,Bacteria,Pseudomonadota,Gammaproteobacteria,Lysobacterales,Lysobacteraceae,Thermomonas,NA
ASV8ca692987b3c,Bacteria,Pseudomonadota,Gammaproteobacteria,Lysobacterales,Lysobacteraceae,Thermomonas,NA
ASV8c9857a8291f,Bacteria,Pseudomonadota,Alphaproteobacteria,Sphingomonadales,Sphingomonadaceae,NA,NA
ASV4761452f676c,Bacteria,Bacillota,Clostridia,Clostridiales,Clostridiaceae,Clostridium,NA
ASVd67c4ce872de,Bacteria,Pseudomonadota,Alphaproteobacteria,Sphingomonadales,Sphingomonadaceae,Sphingobium,NA
ASVc4b4d96d88d6,Bacteria,Planctomycetota,Planctomycetes,Gemmatales,Gemmataceae,NA,NA
ASV2c0f0df7dc2d,Bacteria,Pseudomonadota,Gammaproteobacteria,Lysobacterales,Rhodanobacteraceae,Rhodanobacter,NA
ASV801675f9e885,Bacteria,Actinomycetota,Thermoleophilia,Gaiellales,NA,NA,NA
ASV8a7dc617123c,Bacteria,Pseudomonadota,Gammaproteobacteria,Lysobacterales,Rhodanobacteraceae,Rhodanobacter,lindaniclasticus
ASV46d17203c239,Bacteria,Patescibacteria,Saccharimonadia,Saccharimonadales,LWQ8,NA,NA
ASVc9561b73d49a,Bacteria,Myxococcota,Polyangiia,Polyangiales,Sandaracinaceae,NA,NA
ASV99cd1f5b59df,Bacteria,Chloroflexota,Ktedonobacteria,B12-WMSP1,NA,NA,NA
ASV2c93e30b6721,Bacteria,Gemmatimonadota,Gemmatimonadia,Gemmatimonadales,Gemmatimonadaceae,Gemmatimonas,NA
ASV971b9d1fb148,Bacteria,Planctomycetota,Planctomycetes,Isosphaerales,Isosphaeraceae,NA,NA
ASV1ce88bc46798,Bacteria,Gemmatimonadota,Gemmatimonadia,Gemmatimonadales,Gemmatimonadaceae,Gemmatimonas,NA
ASV20d65918ad6d,Bacteria,Pseudomonadota,Gammaproteobacteria,Gammaproteobacteria Incertae Sedis,Unknown Family,Acidibacter,NA
ASV7692b3f11847,Bacteria,Gemmatimonadota,Gemmatimonadia,Gemmatimonadales,Gemmatimonadaceae,NA,NA
ASV39577c9bfbee,Bacteria,Planctomycetota,Planctomycetes,Gemmatales,Gemmataceae,NA,NA
ASV7bf318b7cb16,Bacteria,Pseudomonadota,Alphaproteobacteria,Micropepsales,Micropepsaceae,NA,NA
ASV0821f27bdbd4,Bacteria,Pseudomonadota,Gammaproteobacteria,Burkholderiales,Oxalobacteraceae,NA,NA
ASV29f2b30b4c05,Bacteria,Actinomycetota,Actinobacteria,Mycobacteriales,Nocardiaceae,Rhodococcus,erythropolis
ASV1ed1fe289213,Bacteria,Patescibacteria,Saccharimonadia,Saccharimonadales,LWQ8,NA,NA
ASVde9a141218c8,Bacteria,Myxococcota,Polyangiia,Haliangiales,Haliangiaceae,NA,NA
ASVb80c23b59aa3,Bacteria,Gemmatimonadota,Gemmatimonadia,Gemmatimonadales,Gemmatimonadaceae,NA,NA
ASV0199e4c0be44,Bacteria,Planctomycetota,Planctomycetes,Gemmatales,Gemmataceae,NA,NA
ASV11f6cd75a5f7,Bacteria,Chloroflexota,TK10,NA,NA,NA,NA
ASV7d940f4468fc,Bacteria,NA,NA,NA,NA,NA,NA
ASV38e79f62640e,Bacteria,Pseudomonadota,Alphaproteobacteria,Acetobacterales,Acetobacteraceae,NA,NA
ASV090c2ed81b49,Bacteria,Actinomycetota,Thermoleophilia,Gaiellales,NA,NA,NA
ASV0f84a70feb12,Bacteria,Patescibacteria,Saccharimonadia,Saccharimonadales,WWH38,NA,NA
ASVf3655c1e9901,Bacteria,Pseudomonadota,Alphaproteobacteria,Caulobacterales,Caulobacteraceae,NA,NA
ASV8df74e41f60b,Bacteria,Actinomycetota,Actinobacteria,Frankiales,Acidothermaceae,Acidothermus,NA
ASVeba14d180853,Bacteria,Actinomycetota,Thermoleophilia,Solirubrobacterales,67-14,NA,NA
ASV366a57bb52d7,Bacteria,Actinomycetota,Thermoleophilia,Solirubrobacterales,Solirubrobacteraceae,Baekduia,NA
ASVf05e12aa0257,Bacteria,Pseudomonadota,Gammaproteobacteria,Burkholderiales,Burkholderiaceae,Burkholderia-Caballeronia-Paraburkholderia,silvatlantica
ASV71bf3aedabe8,Bacteria,Pseudomonadota,Gammaproteobacteria,Gammaproteobacteria Incertae Sedis,Unknown Family,Acidibacter,NA
ASV456fba0b1e53,Bacteria,Pseudomonadota,Gammaproteobacteria,Burkholderiales,Alcaligenaceae,Bordetella,NA
ASV9b03076e19c8,Bacteria,Chloroflexota,KD4-96,NA,NA,NA,NA
ASV2946dad1bb2c,Bacteria,Bacteroidota,Bacteroidia,Sphingobacteriales,env.OPS 17,NA,NA
ASV8160633e4ec7,Bacteria,Pseudomonadota,Gammaproteobacteria,Pseudomonadales,Cellvibrionaceae,Cellvibrio,NA
ASVe7a52a5a6f4b,Bacteria,Myxococcota,Myxococcia,Myxococcales,Anaeromyxobacteraceae,Anaeromyxobacter,NA
ASV2060535fe43a,Bacteria,Patescibacteria,Saccharimonadia,Saccharimonadales,NA,NA,NA
ASVf47f30c67b3b,Bacteria,Bacteroidota,Bacteroidia,Sphingobacteriales,env.OPS 17,NA,NA
ASV4fa8ecc1bccd,Bacteria,Bacteroidota,Bacteroidia,Chitinophagales,Chitinophagaceae,Chitinophaga,sedimenti
ASV815ae892b87b,Bacteria,Patescibacteria,Saccharimonadia,Saccharimonadales,LWQ8,NA,NA
ASV56aad0a2e906,Bacteria,Acidobacteriota,Acidobacteriae,Terriglobales,Acidobacteriaceae (Subgroup 1),NA,NA
ASV2b2cf90dbf99,Bacteria,Planctomycetota,Planctomycetes,Isosphaerales,Isosphaeraceae,Tautonia,NA
ASV2767da0a14ca,Bacteria,Pseudomonadota,Gammaproteobacteria,Lysobacterales,Rhodanobacteraceae,Chujaibacter,NA
ASV083ccf540f50,Bacteria,Actinomycetota,Thermoleophilia,Gaiellales,NA,NA,NA
ASV19249f9c1321,Bacteria,Actinomycetota,Actinobacteria,Micrococcales,Microbacteriaceae,NA,NA
ASV109a96731f20,Bacteria,Gemmatimonadota,Gemmatimonadia,Gemmatimonadales,Gemmatimonadaceae,NA,NA
ASV7397c5d77fd0,Bacteria,Pseudomonadota,Gammaproteobacteria,Enterobacterales,Enterobacteriaceae,Kosakonia,radicincitans
ASV5b69ecb666fc,Bacteria,Myxococcota,Polyangiia,Polyangiales,Sandaracinaceae,NA,NA
ASV0f6f5872cb7d,Bacteria,NA,NA,NA,NA,NA,NA
ASV53e0cf66254c,Bacteria,Candidatus Eremiobacterota,Eremiobacteria,NA,NA,NA,NA
ASV19ed28c2e70f,Bacteria,Patescibacteria,Saccharimonadia,Saccharimonadales,WWH38,NA,NA
ASV4bda110b0462,Bacteria,Pseudomonadota,Gammaproteobacteria,Enterobacterales,Enterobacteriaceae,Kosakonia,sacchari
ASV0faba187f127,Bacteria,Actinomycetota,Actinobacteria,Frankiales,Nakamurellaceae,Nakamurella,NA
ASV74c11dc9d952,Bacteria,Pseudomonadota,Gammaproteobacteria,Lysobacterales,Lysobacteraceae,Luteimonas,marina
ASVcbbf6315c922,Bacteria,Pseudomonadota,Alphaproteobacteria,Acetobacterales,Acetobacteraceae,Rhodopila,NA
ASV5abd455ee46d,Bacteria,Acidobacteriota,Acidobacteriae,Terriglobales,NA,NA,NA
ASV8eeb72be1151,Bacteria,RCP2-54,NA,NA,NA,NA,NA
ASVe7efc5ddec7c,Bacteria,Pseudomonadota,Alphaproteobacteria,Hyphomicrobiales,Xanthobacteraceae,Rhodopseudomonas,palustris
ASV8bc6d8ab1cc1,Bacteria,Gemmatimonadota,Longimicrobiia,Longimicrobiales,Longimicrobiaceae,NA,NA
ASV7af85161081d,Bacteria,Pseudomonadota,Gammaproteobacteria,Burkholderiales,Chromobacteriaceae,NA,NA
ASV0ff5d39a4df5,Bacteria,Pseudomonadota,Alphaproteobacteria,Sphingomonadales,Sphingomonadaceae,Sphingobium,NA
ASV21edfa04c15b,Bacteria,Bacteroidota,Bacteroidia,Bacteroidales,Dysgonomonadaceae,Proteiniphilum,NA
ASV08dd58085ffb,Bacteria,Actinomycetota,Actinobacteria,Propionibacteriales,Nocardioidaceae,Nocardioides,dubius
ASVadc49c9fc4d5,Bacteria,Pseudomonadota,Alphaproteobacteria,Sphingomonadales,Sphingomonadaceae,Sphingomonas,oligoaromativorans
ASV3dd304ddd0a5,Bacteria,Bacteroidota,Bacteroidia,Chitinophagales,Chitinophagaceae,Chitinophaga,terrae
ASV2d21303b8bad,Bacteria,Myxococcota,Myxococcia,Myxococcales,NA,NA,NA
ASV132ad4b1f32a,Bacteria,Bacteroidota,Bacteroidia,Sphingobacteriales,Sphingobacteriaceae,Mucilaginibacter,NA
ASV723f71204918,Bacteria,Pseudomonadota,Alphaproteobacteria,Caulobacterales,Caulobacteraceae,NA,NA
ASV1dad646d7da7,Bacteria,Pseudomonadota,Alphaproteobacteria,Hyphomicrobiales,Rhizobiaceae,NA,NA
ASV22684593c4ec,Bacteria,Pseudomonadota,Alphaproteobacteria,Hyphomicrobiales,Xanthobacteraceae,Rhodopseudomonas,palustris
ASVa48d7ee849fa,Bacteria,Pseudomonadota,Alphaproteobacteria,Sphingomonadales,Sphingomonadaceae,Sphingobium,NA
ASV7790c2f327de,Bacteria,Bacteroidota,Bacteroidia,Sphingobacteriales,Sphingobacteriaceae,Parapedobacter,NA
ASV52cd8cbc2d2a,Bacteria,Pseudomonadota,Gammaproteobacteria,Burkholderiales,Chromobacteriaceae,Pseudogulbenkiania,NA
ASV30a6a1b11f7e,Bacteria,Pseudomonadota,Alphaproteobacteria,Hyphomicrobiales,Rhizobiaceae,Aminobacter,NA
ASV625573e13e7f,Bacteria,Pseudomonadota,Alphaproteobacteria,Sphingomonadales,Sphingomonadaceae,NA,NA
ASV64496a5e92d9,Bacteria,Pseudomonadota,Alphaproteobacteria,Sphingomonadales,Sphingomonadaceae,NA,NA
ASV362a40bbde29,Bacteria,Chloroflexota,Ktedonobacteria,C0119,NA,NA,NA
ASV1bc38a1a55f4,Bacteria,Pseudomonadota,Gammaproteobacteria,Burkholderiales,Rhodocyclaceae,NA,NA
ASV194b3279eb82,Bacteria,Bacteroidota,Bacteroidia,Chitinophagales,Chitinophagaceae,Flavitalea,NA
ASV16d20f13e9bd,Bacteria,Bacteroidota,Bacteroidia,Sphingobacteriales,Sphingobacteriaceae,Daejeonella,NA
ASV49c689806109,Bacteria,Bacteroidota,Bacteroidia,Chitinophagales,Chitinophagaceae,NA,NA
ASV5ddb199d62d2,Bacteria,Bacteroidota,Bacteroidia,Bacteroidales,Dysgonomonadaceae,Fermentimonas,NA
ASV9cb8624ac464,Bacteria,Gemmatimonadota,Gemmatimonadia,Gemmatimonadales,Gemmatimonadaceae,NA,NA
ASVa965ec04bf5d,Bacteria,Pseudomonadota,Gammaproteobacteria,Burkholderiales,Rhodocyclaceae,NA,NA
ASVc6c83b10663f,Bacteria,Pseudomonadota,Gammaproteobacteria,Burkholderiales,Oxalobacteraceae,NA,NA
ASV657589f27b4e,Bacteria,Pseudomonadota,Gammaproteobacteria,Burkholderiales,Comamonadaceae,NA,NA
ASV8c649856594c,Bacteria,Pseudomonadota,Gammaproteobacteria,Pseudomonadales,Pseudomonadaceae,Pseudomonas,NA
ASV3fbdfe8d4885,Bacteria,Pseudomonadota,Gammaproteobacteria,Burkholderiales,Chromobacteriaceae,NA,NA
ASV69c1a83410ef,Bacteria,Pseudomonadota,Gammaproteobacteria,Burkholderiales,Rhodocyclaceae,NA,NA
ASV14b7fb968b8a,Bacteria,Pseudomonadota,Gammaproteobacteria,Lysobacterales,Lysobacteraceae,Luteimonas,NA
ASV8f964f36e69b,Bacteria,Verrucomicrobiota,Verrucomicrobiia,Verrucomicrobiales,Rubritaleaceae,Luteolibacter,NA
ASV7c69f05ac7c5,Bacteria,Bdellovibrionota,Bacteriovoracia,Bacteriovoracales,Bacteriovoracaceae,Peredibacter,NA
ASV40fb761e2e88,Bacteria,Pseudomonadota,Gammaproteobacteria,Lysobacterales,Lysobacteraceae,Thermomonas,NA
ASV18e07b92e0ad,Bacteria,Bdellovibrionota,Bdellovibrionia,Bdellovibrionales,Pseudobdellovibrionaceae,OM27 clade,NA
ASVfb9e8d7bc72f,Bacteria,Pseudomonadota,Gammaproteobacteria,Pseudomonadales,Pseudomonadaceae,Pseudomonas,stutzeri
ASVd26962dc736a,Bacteria,Patescibacteria,Saccharimonadia,Saccharimonadales,LWQ8,NA,NA
ASV0567a5afb156,Bacteria,Chloroflexota,Ktedonobacteria,Ktedonobacterales,JG30-KF-AS9,NA,NA
ASVfb668f053556,Bacteria,Gemmatimonadota,Gemmatimonadia,Gemmatimonadales,Gemmatimonadaceae,NA,NA
ASV500c45410631,Bacteria,Actinomycetota,Acidimicrobiia,Acidimicrobiales,Acidimicrobiaceae,NA,NA
ASVb7d24342e93c,Bacteria,Patescibacteria,Saccharimonadia,Saccharimonadales,LWQ8,NA,NA
ASVc00018935957,Bacteria,Verrucomicrobiota,Verrucomicrobiia,Pedosphaerales,Pedosphaeraceae,NA,NA
ASV3742cbfe61b9,Bacteria,Chloroflexota,Ktedonobacteria,Ktedonobacterales,JG30-KF-AS9,NA,NA
ASV172d5bbfc98a,Bacteria,Planctomycetota,Phycisphaerae,Tepidisphaerales,WD2101 soil group,NA,NA
ASVa995066fa0f6,Bacteria,Patescibacteria,Saccharimonadia,Saccharimonadales,LWQ8,NA,NA
ASV1dc019c25839,Bacteria,Pseudomonadota,Gammaproteobacteria,Burkholderiales,NA,NA,NA
ASV329bb49b8a35,Bacteria,Pseudomonadota,Alphaproteobacteria,Micropepsales,Micropepsaceae,NA,NA
ASV8305ad79f708,Bacteria,Planctomycetota,Phycisphaerae,Tepidisphaerales,CPla-3 termite group,NA,NA
ASV70800eb69d1d,Bacteria,Bdellovibrionota,Bdellovibrionia,Bdellovibrionales,Pseudobdellovibrionaceae,NA,NA
ASVd5d7b293fe3e,Bacteria,Bdellovibrionota,Oligoflexia,0319-6G20,NA,NA,NA
ASV44908ee63880,Bacteria,Pseudomonadota,Alphaproteobacteria,Hyphomicrobiales,Xanthobacteraceae,NA,NA
ASV3cc75549f284,Bacteria,Verrucomicrobiota,Verrucomicrobiia,Opitutales,Opitutaceae,NA,NA
ASV3853872f0f5b,Bacteria,Pseudomonadota,Gammaproteobacteria,Gammaproteobacteria Incertae Sedis,Unknown Family,Acidibacter,NA
ASV403362994307,Bacteria,Pseudomonadota,Gammaproteobacteria,Lysobacterales,Rhodanobacteraceae,Rhodanobacter,NA
ASVa8b62ba71eb4,Bacteria,Acidobacteriota,Acidobacteriae,Terriglobales,Acidobacteriaceae (Subgroup 1),Terracidiphilus,NA
ASV1800f7445591,Bacteria,RCP2-54,NA,NA,NA,NA,NA
ASV5ab821d3373b,Bacteria,Pseudomonadota,Gammaproteobacteria,Rickettsiellales,Rickettsiellaceae,Aquicella,NA
ASV1e88c5f0667f,Bacteria,Pseudomonadota,Alphaproteobacteria,Acetobacterales,Acetobacteraceae,NA,NA
ASV259fdb031552,Bacteria,Chloroflexota,Chloroflexia,Elev-1554,NA,NA,NA
ASV51bb2367e81e,Bacteria,Pseudomonadota,Alphaproteobacteria,Caulobacterales,Caulobacteraceae,NA,NA
ASVaccc96283dbc,Bacteria,Acidobacteriota,Acidobacteriae,Solibacterales,Solibacteraceae,Candidatus Solibacter,NA
ASVf7925c73610d,Bacteria,Actinomycetota,Actinobacteria,NA,NA,NA,NA
ASV9df0e5a4e3ca,Bacteria,Acidobacteriota,Acidobacteriae,Terriglobales,NA,NA,NA
ASV844fb9bb96dc,Bacteria,Planctomycetota,Planctomycetes,Isosphaerales,Isosphaeraceae,Tautonia,NA
ASV32adf4070a43,Bacteria,Actinomycetota,Acidimicrobiia,Microtrichales,Ilumatobacteraceae,NA,NA
ASV7e1ff2ed731f,Bacteria,Actinomycetota,Thermoleophilia,Solirubrobacterales,Solirubrobacteraceae,Baekduia,NA
ASV0a4606198a29,Bacteria,Pseudomonadota,Alphaproteobacteria,Caulobacterales,Caulobacteraceae,NA,NA
ASV830aef71969b,Bacteria,Pseudomonadota,Alphaproteobacteria,Hyphomicrobiales,Rhizobiaceae,NA,NA
ASVfdec846c3073,Bacteria,Planctomycetota,Planctomycetes,Isosphaerales,Isosphaeraceae,NA,NA
ASV80c45a1baeaf,Bacteria,NA,NA,NA,NA,NA,NA
ASV90b137e959ba,Bacteria,Acidobacteriota,Acidobacteriae,Terriglobales,Acidobacteriaceae (Subgroup 1),NA,NA
ASVc0b71e04e830,Bacteria,Myxococcota,Polyangiia,Haliangiales,Haliangiaceae,NA,NA
ASV62ba3b11dd3a,Bacteria,Acidobacteriota,Acidobacteriae,Subgroup 13,NA,NA,NA
ASV9e733f139dc6,Bacteria,Patescibacteria,Saccharimonadia,Saccharimonadales,WWH38,NA,NA
ASV45d3cf8d5ede,Bacteria,Patescibacteria,Saccharimonadia,Saccharimonadales,LWQ8,NA,NA
ASVca58f9dda7d1,Bacteria,Acidobacteriota,Acidobacteriae,Terriglobales,NA,NA,NA
ASV2187c39c4c77,Bacteria,Myxococcota,Polyangiia,Polyangiales,Polyangiaceae,Pajaroellobacter,NA
ASV43253b1532a8,Bacteria,Thermodesulfobacteriota,Desulfuromonadia,Geobacterales,Geobacteraceae,Geomonas,NA
ASV9dec42e3f5a8,Bacteria,Acidobacteriota,Acidobacteriae,Bryobacterales,Bryobacteraceae,Bryobacter,NA
ASVde725a65b980,Bacteria,Patescibacteria,Saccharimonadia,Saccharimonadales,WWH38,NA,NA
ASVd2078506e5ce,Bacteria,Pseudomonadota,Alphaproteobacteria,Acetobacterales,Acetobacteraceae,NA,NA
ASV9baeefac88b5,Bacteria,Bacteroidota,Bacteroidia,Sphingobacteriales,env.OPS 17,NA,NA
ASVc7999829d7bc,Bacteria,Patescibacteria,Saccharimonadia,Saccharimonadales,NA,NA,NA
ASVd7662bfb7cda,Bacteria,Chloroflexota,Ktedonobacteria,B10-SB3A,NA,NA,NA
ASV6e78d12aa8ad,Bacteria,Pseudomonadota,Alphaproteobacteria,Micropepsales,Micropepsaceae,Micropepsis,NA
ASV32b8b98a6690,Bacteria,Planctomycetota,Planctomycetes,Gemmatales,Gemmataceae,NA,NA
ASVc260f1d040e7,Bacteria,Pseudomonadota,Alphaproteobacteria,Elsterales,Elsteraceae,Aliidongia,NA
ASV16a69179f3d5,Bacteria,Chloroflexota,TK10,NA,NA,NA,NA
ASV178e3f06eb8e,Bacteria,Pseudomonadota,Gammaproteobacteria,Lysobacterales,Rhodanobacteraceae,Frateuria,terrea
ASVdc4798a9ed62,Bacteria,Gemmatimonadota,Gemmatimonadia,Gemmatimonadales,Gemmatimonadaceae,Gemmatimonas,NA
ASVebdd30b7a773,Bacteria,Actinomycetota,Actinobacteria,Frankiales,Geodermatophilaceae,Blastococcus,endophyticus
ASV275607f466c4,Bacteria,Patescibacteria,Microgenomatia,NA,NA,NA,NA
ASVfe30a2b5e796,Bacteria,Pseudomonadota,Alphaproteobacteria,Micropepsales,Micropepsaceae,NA,NA
ASV03fa030eb1f3,Bacteria,Pseudomonadota,Gammaproteobacteria,Enterobacterales,Enterobacteriaceae,Kosakonia,radicincitans
ASV0a32d537289d,Bacteria,Patescibacteria,Saccharimonadia,Saccharimonadales,NA,NA,NA
ASV002cffddae85,Bacteria,Planctomycetota,Phycisphaerae,Tepidisphaerales,WD2101 soil group,NA,NA
ASV93846f013641,Bacteria,Chloroflexota,Chloroflexia,Thermomicrobiales,JG30-KF-CM45,NA,NA
ASVada582739bed,Bacteria,Patescibacteria,Saccharimonadia,Saccharimonadales,LWQ8,NA,NA
ASV3f10a04df60d,Bacteria,Planctomycetota,Phycisphaerae,Tepidisphaerales,Tepidisphaeraceae,Tepidisphaera,NA
ASV8e368d5678fc,Bacteria,Pseudomonadota,Gammaproteobacteria,Burkholderiales,Comamonadaceae,NA,NA
ASVf4a7809da6d2,Bacteria,Patescibacteria,Saccharimonadia,Saccharimonadales,LWQ8,NA,NA
ASV3ad5fe78daf8,Bacteria,NA,NA,NA,NA,NA,NA
ASV665e101c4c8f,Bacteria,Patescibacteria,Saccharimonadia,Saccharimonadales,LWQ8,NA,NA
ASV672c40d3b8eb,Bacteria,NA,NA,NA,NA,NA,NA
ASVb20d6cd26250,Bacteria,Myxococcota,Polyangiia,Polyangiales,Sandaracinaceae,NA,NA
ASV1f096b380731,Bacteria,Pseudomonadota,Gammaproteobacteria,Enterobacterales,Enterobacteriaceae,Kosakonia,sacchari
ASV12626144b39b,Bacteria,Pseudomonadota,Alphaproteobacteria,Azospirillales,Inquilinaceae,Inquilinus,NA
ASV97cf5f4e6f99,Bacteria,Chloroflexota,Ktedonobacteria,B10-SB3A,NA,NA,NA
ASV5024a72b47be,Bacteria,Chloroflexota,NA,NA,NA,NA,NA
ASV278750530b8b,Bacteria,Actinomycetota,Actinobacteria,Catenulisporales,Actinospicaceae,Actinocrinis,NA
ASV0f50bec3389e,Bacteria,Bacillota,Bacilli,Alicyclobacillales,Alicyclobacillaceae,Alicyclobacillus,fastidiosus
ASV9e9cfe779a74,Bacteria,Patescibacteria,Saccharimonadia,Saccharimonadales,NA,NA,NA
ASV1985e3432f82,Bacteria,Actinomycetota,Actinobacteria,Frankiales,Acidothermaceae,Acidothermus,NA
ASVc1622c0d31d7,Bacteria,Pseudomonadota,Gammaproteobacteria,Gammaproteobacteria Incertae Sedis,Unknown Family,Acidibacter,NA
ASV44fa1ab9453f,Bacteria,Pseudomonadota,Alphaproteobacteria,Acetobacterales,Acetobacteraceae,Acidisphaera,NA
ASV760f33a565c9,Bacteria,Chloroflexota,Ktedonobacteria,Ktedonobacterales,JG30-KF-AS9,NA,NA
ASV20ff545aeba1,Bacteria,Pseudomonadota,Alphaproteobacteria,Sphingomonadales,Sphingomonadaceae,Rhizorhabdus,NA
ASV0369d57d53ea,Bacteria,Myxococcota,Polyangiia,Polyangiales,BIrii41,NA,NA
ASV208471c1ccbd,Bacteria,Sumerlaeota,Sumerlaeia,Sumerlaeales,Sumerlaeaceae,Sumerlaea,NA
ASV99f9de33be30,Bacteria,Pseudomonadota,Alphaproteobacteria,Sphingomonadales,Sphingomonadaceae,Sphingoaurantiacus,NA
ASV02b6ed3b59d5,Bacteria,Pseudomonadota,Alphaproteobacteria,Sphingomonadales,Sphingomonadaceae,Sphingobium,NA
ASV62794025d9de,Bacteria,Actinomycetota,Actinobacteria,Mycobacteriales,Mycobacteriaceae,Mycobacterium,nonchromogenicum
ASVf6da3a41969b,Bacteria,Pseudomonadota,Alphaproteobacteria,Parvibaculales,Parvibaculaceae,Parvibaculum,NA
ASVce530447f656,Bacteria,Gemmatimonadota,S0134 terrestrial group,NA,NA,NA,NA
ASV15fe1403e876,Bacteria,Pseudomonadota,Gammaproteobacteria,Burkholderiales,Chromobacteriaceae,Pseudogulbenkiania,NA
ASV5793f8aa5c79,Bacteria,Pseudomonadota,Alphaproteobacteria,Sphingomonadales,Sphingomonadaceae,NA,NA
ASVafd2efcd085e,Bacteria,Pseudomonadota,Alphaproteobacteria,Sphingomonadales,Sphingomonadaceae,NA,NA
ASV3d6dde3f5897,Bacteria,Pseudomonadota,Alphaproteobacteria,Sphingomonadales,Sphingomonadaceae,NA,NA
ASV85f339218421,Bacteria,Pseudomonadota,Alphaproteobacteria,Hyphomicrobiales,Xanthobacteraceae,Pseudolabrys,NA
ASV7ed4ce14f44f,Bacteria,Pseudomonadota,Alphaproteobacteria,Sphingomonadales,Sphingomonadaceae,Sphingopyxis,granuli
ASVae4e3f4cb070,Bacteria,Bacteroidota,Bacteroidia,Sphingobacteriales,Sphingobacteriaceae,Daejeonella,NA
ASVedf8cc995520,Bacteria,Pseudomonadota,Gammaproteobacteria,Lysobacterales,Lysobacteraceae,Thermomonas,NA
ASV597ed04e2b94,Bacteria,Pseudomonadota,Gammaproteobacteria,Pseudomonadales,Pseudomonadaceae,Pseudomonas,NA
ASVbe6fbad2872c,Bacteria,Bacteroidota,Bacteroidia,Flavobacteriales,Flavobacteriaceae,Flavobacterium,cauense
ASVc76e89905e46,Bacteria,Bacteroidota,Bacteroidia,Flavobacteriales,Flavobacteriaceae,Flavobacterium,suncheonense
ASV94b2b57fdffd,Bacteria,Bacteroidota,Bacteroidia,Sphingobacteriales,Sphingobacteriaceae,Arcticibacter,NA
ASVb66f54b59027,Bacteria,Planctomycetota,Planctomycetes,Isosphaerales,Isosphaeraceae,Tautonia,NA
ASV2ae03b29ebe0,Bacteria,Armatimonadota,Chthonomonadia,Chthonomonadales,Chthonomonadaceae,Chthonomonas,NA
ASV2cdca9251ffd,Bacteria,Pseudomonadota,Gammaproteobacteria,Pseudomonadales,Pseudomonadaceae,Pseudomonas,stutzeri
ASV21a5ec340f06,Bacteria,Verrucomicrobiota,Verrucomicrobiia,Opitutales,Opitutaceae,Opitutus,NA
ASV10d960a0a40e,Bacteria,Bacteroidota,Bacteroidia,Flavobacteriales,Flavobacteriaceae,Flavobacterium,suncheonense
ASVdb5d6bb8acce,Bacteria,Planctomycetota,Planctomycetes,Planctomycetales,Rubinisphaeraceae,Planctomicrobium,NA
ASV8ad7d672fef9,Bacteria,Pseudomonadota,Gammaproteobacteria,Lysobacterales,Lysobacteraceae,Luteimonas,marina
ASV57fcad97bab5,Bacteria,Pseudomonadota,Gammaproteobacteria,Lysobacterales,Lysobacteraceae,Thermomonas,NA
ASV8f85b7e243f2,Bacteria,Actinomycetota,Actinobacteria,Micrococcales,Bogoriellaceae,Georgenia,satyanarayanai
ASV3c9f8343fc26,Bacteria,Pseudomonadota,Gammaproteobacteria,Enterobacterales,Enterobacteriaceae,NA,NA
ASVaf106914ff01,Bacteria,Bacteroidota,Bacteroidia,Sphingobacteriales,Sphingobacteriaceae,Parapedobacter,NA
ASV8973412365be,Bacteria,Chloroflexota,Chloroflexia,Thermomicrobiales,Thermomicrobiaceae,NA,NA
ASV29e4cb1921e9,Bacteria,Actinomycetota,Actinobacteria,Frankiales,Acidothermaceae,Acidothermus,NA
ASV96c5ef75df88,Bacteria,Actinomycetota,Actinobacteria,Frankiales,Acidothermaceae,Acidothermus,cellulolyticus
ASVcc09bcd9a046,Bacteria,Pseudomonadota,Gammaproteobacteria,Lysobacterales,Rhodanobacteraceae,Rhodanobacter,NA
ASVeb1fdb31d7a4,Bacteria,Pseudomonadota,Gammaproteobacteria,Burkholderiales,Comamonadaceae,Comamonas,NA
ASV3783bd1ddbcf,Bacteria,Pseudomonadota,Alphaproteobacteria,Hyphomicrobiales,Devosiaceae,NA,NA
ASVbdbd87c29b3e,Bacteria,NA,NA,NA,NA,NA,NA
ASV561e0a55cabe,Bacteria,Planctomycetota,Phycisphaerae,Tepidisphaerales,WD2101 soil group,NA,NA
ASV5592b3995d63,Bacteria,Armatimonadota,Chthonomonadia,Chthonomonadales,Chthonomonadaceae,Chthonomonas,NA
ASV01d20de2d10b,Bacteria,Pseudomonadota,Alphaproteobacteria,Rhodospirillales,Magnetospirillaceae,NA,NA
ASV8397ee499aaf,Bacteria,Elusimicrobiota,Elusimicrobia,Lineage IV,NA,NA,NA
ASV1e50ee439aab,Bacteria,Chloroflexota,TK10,NA,NA,NA,NA
ASV6b9d037633e7,Bacteria,Planctomycetota,Planctomycetes,Isosphaerales,Isosphaeraceae,Tautonia,NA
ASV66e9935efcff,Bacteria,Planctomycetota,Planctomycetes,Isosphaerales,Isosphaeraceae,Tundrisphaera,NA
ASV76f291c5f3c2,Bacteria,Gemmatimonadota,Gemmatimonadia,Gemmatimonadales,Gemmatimonadaceae,Gemmatimonas,NA
ASV1671e5540d1f,Bacteria,Actinomycetota,Thermoleophilia,Solirubrobacterales,Solirubrobacteraceae,NA,NA
ASVa4a35c924ac6,Bacteria,Actinomycetota,Acidimicrobiia,Acidimicrobiales,Acidimicrobiaceae,Acidiferrimicrobium,NA
ASV2b4f2ee41f8e,Bacteria,Planctomycetota,Planctomycetes,Gemmatales,Gemmataceae,NA,NA
ASVec8d3348e12f,Bacteria,Planctomycetota,Planctomycetes,Gemmatales,Gemmataceae,NA,NA
ASV725e541650b0,Bacteria,Pseudomonadota,Gammaproteobacteria,Burkholderiales,Nitrosomonadaceae,MND1,NA
ASV83af1600db44,Bacteria,Patescibacteria,Saccharimonadia,Saccharimonadales,LWQ8,NA,NA
ASV7a05a0ea8040,Bacteria,Planctomycetota,Phycisphaerae,Tepidisphaerales,WD2101 soil group,NA,NA
ASV10ed5551693b,Bacteria,Pseudomonadota,Gammaproteobacteria,Burkholderiales,Nitrosomonadaceae,Ellin6067,NA
ASVa79e2570d239,Bacteria,Myxococcota,Polyangiia,Polyangiales,Polyangiaceae,Sorangium,NA
ASVe890b1ac4e9b,Bacteria,Pseudomonadota,Gammaproteobacteria,Burkholderiales,Burkholderiaceae,Burkholderia-Caballeronia-Paraburkholderia,sprentiae
ASV33d0787bb582,Bacteria,Actinomycetota,Actinobacteria,Mycobacteriales,Nocardiaceae,Nocardia,NA
ASVba74b8519f28,Bacteria,Acidobacteriota,Acidobacteriae,Terriglobales,NA,NA,NA
ASVa4e97a575b98,Bacteria,Chloroflexota,Ktedonobacteria,Ktedonobacterales,Ktedonobacteraceae,NA,NA
ASVe4e3c887f7d5,Bacteria,Verrucomicrobiota,Verrucomicrobiia,Methylacidiphilales,Methylacidiphilaceae,NA,NA
ASV1336afe5ef3f,Bacteria,Chloroflexota,Ktedonobacteria,Ktedonobacterales,JG30-KF-AS9,NA,NA
ASVb40e53ed9847,Bacteria,Bacteroidota,Bacteroidia,Chitinophagales,Chitinophagaceae,NA,NA
ASV55fbf366d6c8,Bacteria,Chloroflexota,Ktedonobacteria,Ktedonobacterales,JG30-KF-AS9,NA,NA
ASV66afc3cb0096,Bacteria,Patescibacteria,Saccharimonadia,Saccharimonadales,NA,NA,NA
ASV2f29b7456fce,Bacteria,Myxococcota,Polyangiia,Polyangiales,Sandaracinaceae,NA,NA
ASV0aeeac15e927,Bacteria,Actinomycetota,Actinobacteria,Frankiales,Acidothermaceae,Acidothermus,NA
ASVc0b2b19ceb86,Bacteria,Acidobacteriota,Acidobacteriae,Terriglobales,NA,NA,NA
ASVa2a0c4f6d68b,Bacteria,Armatimonadota,Armatimonadia,Armatimonadales,Armatimonadaceae,NA,NA
ASVfc929a62e265,Bacteria,Pseudomonadota,Alphaproteobacteria,Acetobacterales,Acetobacteraceae,NA,NA
ASV5eeaf7af9b6e,Bacteria,Planctomycetota,Phycisphaerae,Tepidisphaerales,WD2101 soil group,NA,NA
ASV527ac26122f3,Bacteria,Pseudomonadota,Gammaproteobacteria,Burkholderiales,Comamonadaceae,Azohydromonas,NA
ASV54af9741581b,Bacteria,Verrucomicrobiota,Verrucomicrobiia,Pedosphaerales,Pedosphaeraceae,Ellin516,NA
ASV9586466a3997,Bacteria,Planctomycetota,Phycisphaerae,Tepidisphaerales,WD2101 soil group,NA,NA
ASVdc096d5ee223,Bacteria,Pseudomonadota,Gammaproteobacteria,Burkholderiales,Burkholderiaceae,Burkholderia-Caballeronia-Paraburkholderia,silvatlantica
ASV80abb3db0628,Bacteria,Planctomycetota,Planctomycetes,Isosphaerales,Isosphaeraceae,Tautonia,NA
ASV3e7690019708,Bacteria,Bacteroidota,Bacteroidia,Chitinophagales,Chitinophagaceae,Taibaiella,NA
ASVe72616290127,Bacteria,Pseudomonadota,Gammaproteobacteria,Lysobacterales,Lysobacteraceae,Pseudoxanthomonas,mexicana
ASV302a553c07b1,Bacteria,Actinomycetota,Actinobacteria,Streptosporangiales,Streptosporangiaceae,Microbispora,NA
ASV7bd01a77d6af,Bacteria,Pseudomonadota,Alphaproteobacteria,Rhodospirillales,NA,NA,NA
ASV8a402e255fdc,Bacteria,Actinomycetota,Actinobacteria,Mycobacteriales,Mycobacteriaceae,Mycobacterium,NA
ASV8f45e3505cdb,Bacteria,Chloroflexota,Ktedonobacteria,B10-SB3A,NA,NA,NA
ASV14b56d35d326,Bacteria,Pseudomonadota,Alphaproteobacteria,Hyphomicrobiales,KF-JG30-B3,NA,NA
ASVd99acedbabcc,Bacteria,Armatimonadota,Armatimonadia,Armatimonadales,Armatimonadaceae,NA,NA
ASVcf928155e50e,Bacteria,Actinomycetota,Actinobacteria,Kineosporiales,Kineosporiaceae,Angustibacter,NA
ASV0e08caffa7f7,Bacteria,Chloroflexota,Ktedonobacteria,C0119,NA,NA,NA
ASVa7f1c3c0d860,Bacteria,Pseudomonadota,Gammaproteobacteria,Burkholderiales,Burkholderiaceae,Burkholderia-Caballeronia-Paraburkholderia,NA
ASV627ba9f574cf,Bacteria,Actinomycetota,Actinobacteria,Frankiales,Frankiaceae,Jatrophihabitans,NA
ASV08b93617509d,Bacteria,Planctomycetota,Planctomycetes,Isosphaerales,Isosphaeraceae,Tautonia,NA
ASVe581788116af,Bacteria,Actinomycetota,Thermoleophilia,Solirubrobacterales,Solirubrobacteraceae,Parviterribacter,NA
ASV56abff79070c,Bacteria,Myxococcota,Polyangiia,Polyangiales,Sandaracinaceae,NA,NA
ASV31d4c4cfb410,Bacteria,Actinomycetota,Actinobacteria,Micromonosporales,Micromonosporaceae,Actinoplanes,NA
ASVdfe55c116d98,Bacteria,Actinomycetota,Actinobacteria,Streptosporangiales,Thermomonosporaceae,Actinoallomurus,NA
ASV0872bb9e2692,Bacteria,Patescibacteria,Saccharimonadia,Saccharimonadales,NA,NA,NA
ASV6017a4355e9c,Bacteria,Planctomycetota,Planctomycetes,Isosphaerales,Isosphaeraceae,NA,NA
ASV628053b73714,Bacteria,Actinomycetota,Thermoleophilia,Solirubrobacterales,67-14,NA,NA
ASV597755a82b58,Bacteria,Pseudomonadota,Alphaproteobacteria,Acetobacterales,Acetobacteraceae,Acidicaldus,NA
ASVf5c50c5991ae,Bacteria,Patescibacteria,Saccharimonadia,Saccharimonadales,NA,NA,NA
ASVc0803bcd537a,Bacteria,Gemmatimonadota,Gemmatimonadia,Gemmatimonadales,Gemmatimonadaceae,NA,NA
ASV17a2ec88c59a,Bacteria,Pseudomonadota,Gammaproteobacteria,Enterobacterales,Enterobacteriaceae,Kosakonia,sacchari
ASVc28938786ad4,Bacteria,Actinomycetota,Thermoleophilia,Gaiellales,NA,NA,NA
ASVb20beb59c47b,Bacteria,Pseudomonadota,Gammaproteobacteria,Burkholderiales,Comamonadaceae,NA,NA
ASVa57af8b7e1a5,Bacteria,Planctomycetota,Planctomycetes,Isosphaerales,Isosphaeraceae,Singulisphaera,NA
ASVb77cd5a71e88,Bacteria,Chloroflexota,Ktedonobacteria,Ktedonobacterales,JG30-KF-AS9,NA,NA
ASV4da238719638,Bacteria,Actinomycetota,Actinobacteria,Frankiales,Acidothermaceae,Acidothermus,NA
ASVe3cf21ed4f79,Bacteria,Bacteroidota,Bacteroidia,Chitinophagales,Chitinophagaceae,Edaphobaculum,NA
ASV7b01581b6134,Bacteria,Pseudomonadota,Alphaproteobacteria,Sphingomonadales,Sphingomonadaceae,Sphingoaurantiacus,NA
ASVc71f311a9799,Bacteria,Planctomycetota,Planctomycetes,Pirellulales,Pirellulaceae,Roseimaritima,NA
ASV7a06a440e4b3,Bacteria,Actinomycetota,Acidimicrobiia,Microtrichales,Ilumatobacteraceae,NA,NA
ASV60df5e441888,Bacteria,Pseudomonadota,Alphaproteobacteria,Sphingomonadales,Sphingomonadaceae,Sphingobium,NA
ASV457608c95c17,Bacteria,Pseudomonadota,Alphaproteobacteria,Hyphomicrobiales,Xanthobacteraceae,Pseudolabrys,NA
ASV873f9d8f7cfe,Bacteria,Pseudomonadota,Alphaproteobacteria,Hyphomicrobiales,Xanthobacteraceae,Pseudolabrys,NA
ASVdf387d454e62,Bacteria,Pseudomonadota,Alphaproteobacteria,Sphingomonadales,Sphingomonadaceae,Sphingoaurantiacus,NA
ASVc1a56c158a36,Bacteria,Bacteroidota,Bacteroidia,Chitinophagales,Chitinophagaceae,Flavisolibacter,NA
ASV330fd38bc2ae,Bacteria,Actinomycetota,Actinobacteria,Mycobacteriales,Mycobacteriaceae,Mycobacterium,nonchromogenicum
ASV3910dfc03108,Bacteria,Patescibacteria,Saccharimonadia,Saccharimonadales,LWQ8,NA,NA
ASVada400e46efb,Bacteria,Pseudomonadota,Alphaproteobacteria,Hyphomicrobiales,Rhizobiaceae,Brucella,NA
ASV2108174a528c,Bacteria,Pseudomonadota,Alphaproteobacteria,Sphingomonadales,Sphingomonadaceae,Sphingobium,NA
ASVc54e9d7da483,Bacteria,Gemmatimonadota,Longimicrobiia,Longimicrobiales,Longimicrobiaceae,NA,NA
ASV46046265cea1,Bacteria,Bacteroidota,Bacteroidia,Sphingobacteriales,Sphingobacteriaceae,Sphingobacterium,mizutaii
ASV04471b217bf1,Bacteria,Pseudomonadota,Gammaproteobacteria,Burkholderiales,Chromobacteriaceae,Pseudogulbenkiania,NA
ASV0fd7fb8d484f,Bacteria,Pseudomonadota,Alphaproteobacteria,Hyphomicrobiales,Xanthobacteraceae,Pseudolabrys,NA
ASVb6372aae23a4,Bacteria,Pseudomonadota,Gammaproteobacteria,Pseudomonadales,Pseudomonadaceae,Pseudomonas,NA
ASV3af9c204e5a0,Bacteria,Pseudomonadota,Alphaproteobacteria,Sphingomonadales,Sphingomonadaceae,NA,NA
ASV21b7b0b7c75f,Bacteria,Pseudomonadota,Alphaproteobacteria,Sphingomonadales,Sphingomonadaceae,NA,NA
ASV1574a969eed6,Bacteria,Pseudomonadota,Gammaproteobacteria,Pseudomonadales,Pseudomonadaceae,Pseudomonas,NA
ASV435d31388764,Bacteria,Candidatus Kapabacteria,Kapabacteria,Kapabacteriales,NA,NA,NA
ASV7e963f7621f3,Bacteria,Pseudomonadota,Gammaproteobacteria,Pseudomonadales,Pseudomonadaceae,Pseudomonas,NA
ASV8e37e7dfb9e8,Bacteria,Pseudomonadota,Alphaproteobacteria,Hyphomicrobiales,Rhizobiaceae,NA,NA
ASV572bf36da633,Bacteria,Gemmatimonadota,S0134 terrestrial group,NA,NA,NA,NA
ASVd02a29b14bcc,Bacteria,Bacteroidota,Bacteroidia,Chitinophagales,Chitinophagaceae,NA,NA
ASV63b8211b0a87,Bacteria,Planctomycetota,Planctomycetes,Planctomycetales,NA,NA,NA
ASV536d156be664,Bacteria,Pseudomonadota,Gammaproteobacteria,Burkholderiales,Rhodocyclaceae,Dechloromonas,NA
ASVf03f6482a9f2,Bacteria,Pseudomonadota,Gammaproteobacteria,Lysobacterales,Lysobacteraceae,Thermomonas,NA
ASV530453d7d282,Bacteria,Pseudomonadota,Gammaproteobacteria,Pseudomonadales,Pseudomonadaceae,Pseudomonas,stutzeri
ASV918b308a2d99,Bacteria,Pseudomonadota,Gammaproteobacteria,Lysobacterales,Lysobacteraceae,Thermomonas,NA
ASV185f6f431a76,Bacteria,Pseudomonadota,Gammaproteobacteria,Burkholderiales,Rhodocyclaceae,Dechloromonas,NA
ASV3f0e9ca833b3,Bacteria,Bdellovibrionota,Oligoflexia,Oligoflexales,Oligoflexaceae,NA,NA
ASV9c45eb6a8982,Bacteria,Pseudomonadota,Gammaproteobacteria,Burkholderiales,Alcaligenaceae,Pusillibacter,NA
ASV2056f285b16a,Bacteria,Pseudomonadota,Alphaproteobacteria,Hyphomicrobiales,Rhizobiaceae,NA,NA
ASVbb51db97ce8b,Bacteria,Pseudomonadota,Gammaproteobacteria,Lysobacterales,Lysobacteraceae,Luteimonas,marina
ASV40f5e729fd47,Bacteria,Bacteroidota,Bacteroidia,Chitinophagales,Chitinophagaceae,NA,NA
ASVc1979a623f54,Bacteria,Chloroflexota,Ktedonobacteria,B12-WMSP1,NA,NA,NA
ASVc7a399bb2223,Bacteria,Patescibacteria,Saccharimonadia,Saccharimonadales,NA,NA,NA
ASV6f66e39e6f50,Bacteria,Pseudomonadota,Gammaproteobacteria,Lysobacterales,Rhodanobacteraceae,Rhodanobacter,NA
ASV429ed5fbf18d,Bacteria,Pseudomonadota,Alphaproteobacteria,Micropepsales,Micropepsaceae,NA,NA
ASV5c97e2b18998,Bacteria,Armatimonadota,Chthonomonadia,Chthonomonadales,Chthonomonadaceae,Chthonomonas,NA
ASV8da21205d9cb,Bacteria,Acidobacteriota,Acidobacteriae,Terriglobales,Acidobacteriaceae (Subgroup 1),NA,NA
ASV9815fce58859,Bacteria,Pseudomonadota,Gammaproteobacteria,Gammaproteobacteria Incertae Sedis,Unknown Family,Acidibacter,NA
ASVc205801e2951,Bacteria,Patescibacteria,Saccharimonadia,Saccharimonadales,Saccharimonadaceae,TM7a,NA
ASVd58e81fc2f83,Bacteria,Chloroflexota,Ktedonobacteria,C0119,NA,NA,NA
ASV9d1b091b5c5d,Bacteria,Pseudomonadota,Gammaproteobacteria,Burkholderiales,Comamonadaceae,Rhodoferax,antarcticus
ASV6dc842e11230,Bacteria,Candidatus Eremiobacterota,Eremiobacteria,NA,NA,NA,NA
ASV7b86eadd9b20,Bacteria,Actinomycetota,Thermoleophilia,Gaiellales,NA,NA,NA
ASVceea28ba7971,Bacteria,RCP2-54,NA,NA,NA,NA,NA
ASV66c25bac43b0,Bacteria,NA,NA,NA,NA,NA,NA
ASV542ed0d6f903,Bacteria,Planctomycetota,Phycisphaerae,Tepidisphaerales,WD2101 soil group,NA,NA
ASV32bfd202140c,Bacteria,NA,NA,NA,NA,NA,NA
ASV3c523881dbda,Bacteria,Chloroflexota,Ktedonobacteria,Ktedonobacterales,JG30-KF-AS9,NA,NA
ASVd0f97b65a60f,Bacteria,Verrucomicrobiota,Verrucomicrobiia,Chthoniobacterales,Chthoniobacteraceae,Chthoniobacter,NA
ASVef7c70ef4e2c,Bacteria,Patescibacteria,Saccharimonadia,Saccharimonadales,LWQ8,NA,NA
ASVa517575e452f,Bacteria,Pseudomonadota,Gammaproteobacteria,Burkholderiales,Rhodocyclaceae,NA,NA
ASVbf4e277a4443,Bacteria,Acidobacteriota,Acidobacteriae,Terriglobales,Acidobacteriaceae (Subgroup 1),NA,NA
ASV3a9c96447a08,Bacteria,Armatimonadota,Chthonomonadia,Chthonomonadales,Chthonomonadaceae,Chthonomonas,NA
ASV9656ce1ff269,Bacteria,Actinomycetota,Acidimicrobiia,Acidimicrobiales,Acidimicrobiaceae,Acidiferrimicrobium,NA
ASV7332628d7c72,Bacteria,Verrucomicrobiota,Verrucomicrobiia,Pedosphaerales,Pedosphaeraceae,NA,NA
ASVbcc387ffb6ad,Bacteria,Planctomycetota,Planctomycetes,Gemmatales,Gemmataceae,NA,NA
ASV5f0e79956c6c,Bacteria,Planctomycetota,Planctomycetes,Isosphaerales,Isosphaeraceae,NA,NA
ASVcabd843853ce,Bacteria,Actinomycetota,Actinobacteria,Micrococcales,Microbacteriaceae,Microbacterium,laevaniformans
ASV100c296ff524,Bacteria,Patescibacteria,Saccharimonadia,Saccharimonadales,NA,NA,NA
ASV90844fd80b16,Bacteria,Acidobacteriota,Acidobacteriae,Terriglobales,NA,NA,NA
ASVed8adb9438a2,Bacteria,Gemmatimonadota,Gemmatimonadia,Gemmatimonadales,Gemmatimonadaceae,NA,NA
ASVb647e4dc30e2,Bacteria,Planctomycetota,Phycisphaerae,Tepidisphaerales,WD2101 soil group,NA,NA
ASV1db889d8533a,Bacteria,Planctomycetota,Planctomycetes,Isosphaerales,Isosphaeraceae,NA,NA
ASVaa326ed073d2,Bacteria,Chloroflexota,Ktedonobacteria,Ktedonobacterales,JG30-KF-AS9,NA,NA
ASVd248543ce0da,Bacteria,Bdellovibrionota,Oligoflexia,Oligoflexales,Oligoflexaceae,NA,NA
ASV2133a596635d,Bacteria,NA,NA,NA,NA,NA,NA
ASV9677113dba02,Bacteria,Bacteroidota,Bacteroidia,Chitinophagales,Chitinophagaceae,Chitinophaga,arvensicola
ASVe20106ebff4b,Bacteria,Patescibacteria,Saccharimonadia,Saccharimonadales,Saccharimonadaceae,TM7a,NA
ASV23a9bb2f9fa3,Bacteria,Pseudomonadota,Gammaproteobacteria,Lysobacterales,Lysobacteraceae,Stenotrophomonas,acidaminiphila
ASV8e1656f482cb,Bacteria,Pseudomonadota,Alphaproteobacteria,Hyphomicrobiales,Rhizobiaceae,NA,NA
ASVf50fbefe24fb,Bacteria,Chloroflexota,Ktedonobacteria,Ktedonobacterales,Ktedonobacteraceae,1959-1,NA
ASV7d211178a394,Bacteria,Acidobacteriota,Acidobacteriae,Bryobacterales,Bryobacteraceae,Bryobacter,NA
ASV000792a89052,Bacteria,Armatimonadota,Chthonomonadia,Chthonomonadales,NA,NA,NA
ASV0d360669c28b,Bacteria,Bacteroidota,Bacteroidia,Sphingobacteriales,Sphingobacteriaceae,Pedobacter,NA
ASV0ae31b601d56,Bacteria,Pseudomonadota,Alphaproteobacteria,Micropepsales,Micropepsaceae,NA,NA
ASVf627b0701490,Bacteria,Pseudomonadota,Alphaproteobacteria,Hyphomicrobiales,Beijerinckiaceae,Bosea,NA
ASVf2a4f239b473,Bacteria,Gemmatimonadota,Gemmatimonadia,Gemmatimonadales,Gemmatimonadaceae,NA,NA
ASV93e3d9d3a212,Bacteria,Pseudomonadota,Gammaproteobacteria,Gammaproteobacteria Incertae Sedis,Unknown Family,Acidibacter,NA
ASV1045755f7ed8,Bacteria,Planctomycetota,Planctomycetes,Isosphaerales,Isosphaeraceae,Aquisphaera,NA
ASVd736c132502d,Bacteria,Chloroflexota,NA,NA,NA,NA,NA
ASV22ee85c2296c,Bacteria,Planctomycetota,Phycisphaerae,Tepidisphaerales,WD2101 soil group,NA,NA
ASV6ba3a44e39f4,Bacteria,Bacteroidota,Bacteroidia,Chitinophagales,Chitinophagaceae,NA,NA
ASV4ce370cbddfe,Bacteria,Actinomycetota,Thermoleophilia,Gaiellales,NA,NA,NA
ASVd5ce169dd1cf,Bacteria,Actinomycetota,Thermoleophilia,Solirubrobacterales,Solirubrobacteraceae,Conexibacter,NA
ASV46fc5d99ede5,Bacteria,Acidobacteriota,Acidobacteriae,Terriglobales,NA,NA,NA
ASVca78147c4cc5,Bacteria,Actinomycetota,Acidimicrobiia,Acidimicrobiales,Acidimicrobiaceae,Acidiferrimicrobium,NA
ASV57a49aa334cf,Bacteria,Actinomycetota,Acidimicrobiia,Acidimicrobiales,Acidimicrobiaceae,Acidiferrimicrobium,NA
ASVe2f8359c0e5b,Bacteria,Patescibacteria,Saccharimonadia,Saccharimonadales,LWQ8,NA,NA
ASVf041c392544d,Bacteria,Verrucomicrobiota,Verrucomicrobiia,Chthoniobacterales,Chthoniobacteraceae,Chthoniobacter,NA
ASV5caf3b64b70b,Bacteria,Chloroflexota,Chloroflexia,Thermomicrobiales,JG30-KF-CM45,NA,NA
ASVb7e132adb872,Bacteria,Patescibacteria,Saccharimonadia,Saccharimonadales,LWQ8,NA,NA
ASV9978dbacfcf2,Bacteria,Chloroflexota,Ktedonobacteria,B10-SB3A,NA,NA,NA
ASVac883c9348d4,Bacteria,Patescibacteria,Saccharimonadia,Saccharimonadales,NA,NA,NA
ASV91232959f454,Bacteria,Actinomycetota,Actinobacteria,Micrococcales,Micrococcaceae,Sinomonas,atrocyanea
ASV2c948d8a459d,Bacteria,Pseudomonadota,Gammaproteobacteria,Burkholderiales,Comamonadaceae,NA,NA
ASVfe6bec3b065a,Bacteria,Chloroflexota,Ktedonobacteria,Ktedonobacterales,JG30-KF-AS9,NA,NA
ASV5f502900c3cb,Bacteria,Pseudomonadota,Alphaproteobacteria,Hyphomicrobiales,Rhizobiaceae,Aquamicrobium,NA
ASV7fe57e4ed852,Bacteria,Chloroflexota,Chloroflexia,Thermomicrobiales,JG30-KF-CM45,NA,NA
ASV6b9715d177a5,Bacteria,Planctomycetota,Planctomycetes,Pirellulales,Pirellulaceae,NA,NA
ASVd718669e3154,Bacteria,Pseudomonadota,Gammaproteobacteria,Burkholderiales,Comamonadaceae,NA,NA
ASVc5def216098f,Bacteria,Myxococcota,Polyangiia,Polyangiales,Sandaracinaceae,NA,NA
ASVcea8676719b4,Bacteria,Myxococcota,Polyangiia,Haliangiales,Haliangiaceae,NA,NA
ASVc348e17daf0f,Bacteria,Gemmatimonadota,Longimicrobiia,Longimicrobiales,Longimicrobiaceae,NA,NA
ASVbfdfadda1ca6,Bacteria,Bacteroidota,Bacteroidia,Chitinophagales,Chitinophagaceae,Chitinophaga,NA
ASVf1f3ccf05f1c,Bacteria,Patescibacteria,Saccharimonadia,Saccharimonadales,Saccharimonadaceae,TM7a,NA
ASV183a73883094,Bacteria,Patescibacteria,Saccharimonadia,Saccharimonadales,LWQ8,NA,NA
ASVdc77df3807b8,Bacteria,Pseudomonadota,Alphaproteobacteria,Sphingomonadales,Sphingomonadaceae,Sphingoaurantiacus,NA
ASVf93cbf69504e,Bacteria,Verrucomicrobiota,Verrucomicrobiia,Verrucomicrobiales,Verrucomicrobiaceae,NA,NA
ASV40c078ffda91,Bacteria,NA,NA,NA,NA,NA,NA
ASV8d5c2a354b9f,Bacteria,Pseudomonadota,Alphaproteobacteria,Sphingomonadales,Sphingomonadaceae,Sphingobium,NA
ASV190208210324,Bacteria,Pseudomonadota,Alphaproteobacteria,Rhodospirillales,Rhodospirillaceae,NA,NA
ASV4dc3be3cece6,Bacteria,Actinomycetota,Acidimicrobiia,Microtrichales,Microtrichaceae,NA,NA
ASVfd0e7ffc2ccd,Bacteria,Pseudomonadota,Alphaproteobacteria,Sphingomonadales,Sphingomonadaceae,NA,NA
ASV0a8ec5d1db87,Bacteria,Pseudomonadota,Alphaproteobacteria,Hyphomicrobiales,Rhizobiaceae,NA,NA
ASV73021a326a24,Bacteria,Gemmatimonadota,Longimicrobiia,Longimicrobiales,Longimicrobiaceae,NA,NA
ASV3bca3c99bc07,Bacteria,Pseudomonadota,Alphaproteobacteria,Sphingomonadales,Sphingomonadaceae,DSSF69,NA
ASV89e648fae1ef,Bacteria,Chloroflexota,Ktedonobacteria,Ktedonobacterales,JG30-KF-AS9,NA,NA
ASVc0fd3134696d,Bacteria,Myxococcota,Myxococcia,Myxococcales,Myxococcaceae,P3OB-42,NA
ASVcf0ce171fe3a,Bacteria,Pseudomonadota,Gammaproteobacteria,Lysobacterales,Lysobacteraceae,Stenotrophomonas,acidaminiphila
ASVe49d13d87692,Bacteria,Pseudomonadota,Gammaproteobacteria,Lysobacterales,Lysobacteraceae,Luteimonas,NA
ASV8d379bffc233,Bacteria,Pseudomonadota,Gammaproteobacteria,Lysobacterales,Lysobacteraceae,Luteimonas,marina
ASVfbba56fb0b61,Bacteria,Pseudomonadota,Gammaproteobacteria,Pseudomonadales,Cellvibrionaceae,Cellvibrio,NA
ASVcbd886d4db0b,Bacteria,Pseudomonadota,Gammaproteobacteria,Burkholderiales,Oxalobacteraceae,NA,NA
ASV8885b3ff958c,Bacteria,Pseudomonadota,Gammaproteobacteria,Pseudomonadales,Pseudomonadaceae,Pseudomonas,citronellolis
ASV114ca840b91d,Bacteria,Pseudomonadota,Gammaproteobacteria,Burkholderiales,Oxalobacteraceae,NA,NA
ASV5e09c17940f8,Bacteria,Pseudomonadota,Gammaproteobacteria,Burkholderiales,Alcaligenaceae,Pusillibacter,NA
ASV641281bf2c98,Bacteria,Pseudomonadota,Gammaproteobacteria,Burkholderiales,Rhodocyclaceae,Dechloromonas,NA
ASV04e66e26b8d0,Bacteria,Pseudomonadota,Gammaproteobacteria,Lysobacterales,Lysobacteraceae,NA,NA
ASV243e4ba4aa23,Bacteria,Pseudomonadota,Gammaproteobacteria,Pseudomonadales,Pseudomonadaceae,Pseudomonas,stutzeri
ASVfa751c1f7f1d,Bacteria,Pseudomonadota,Alphaproteobacteria,Hyphomicrobiales,Rhizobiaceae,Aquamicrobium,NA
ASVa174f448be0e,Bacteria,Patescibacteria,Saccharimonadia,Saccharimonadales,LWQ8,NA,NA
ASVd8a9c325b09c,Bacteria,RCP2-54,NA,NA,NA,NA,NA
ASV16ef774dd6c2,Bacteria,Patescibacteria,Saccharimonadia,Saccharimonadales,LWQ8,NA,NA
ASV2421ef5860bf,Bacteria,Pseudomonadota,Alphaproteobacteria,Elsterales,NA,NA,NA
ASVcae39dfca2e0,Bacteria,Actinomycetota,Actinobacteria,Micrococcales,Microbacteriaceae,NA,NA
ASV30474ea1c696,Bacteria,Pseudomonadota,Gammaproteobacteria,Burkholderiales,Alcaligenaceae,Candidimonas,humi
ASV4798569463ad,Bacteria,Pseudomonadota,Alphaproteobacteria,Micropepsales,Micropepsaceae,NA,NA
ASVc1c9fba2ec54,Bacteria,Pseudomonadota,Alphaproteobacteria,Micropepsales,Micropepsaceae,NA,NA
ASVdf7b41ef7f3e,Bacteria,Pseudomonadota,Gammaproteobacteria,Rickettsiellales,Rickettsiellaceae,Aquicella,NA
ASV7454a7668fa6,Bacteria,Gemmatimonadota,Gemmatimonadia,Gemmatimonadales,Gemmatimonadaceae,NA,NA
ASV4cd1dc187698,Bacteria,Chloroflexota,Ktedonobacteria,C0119,NA,NA,NA
ASVf9f688739995,Bacteria,Acidobacteriota,Acidobacteriae,Subgroup 13,NA,NA,NA
ASVc1080860af1d,Bacteria,Pseudomonadota,Gammaproteobacteria,Burkholderiales,Oxalobacteraceae,Herbaspirillum,seropedicae
ASVb7eaf826c191,Bacteria,Acidobacteriota,Acidobacteriae,Subgroup 2,NA,NA,NA
ASV44d12a449853,Bacteria,Chloroflexota,TK10,NA,NA,NA,NA
ASVade4981eb2bc,Bacteria,Pseudomonadota,Gammaproteobacteria,Burkholderiales,Oxalobacteraceae,Herbaspirillum,NA
ASVed16f9ac4a92,Bacteria,Pseudomonadota,Gammaproteobacteria,Burkholderiales,Burkholderiaceae,Burkholderia-Caballeronia-Paraburkholderia,sartisoli
ASVcb1cbfae8d88,Bacteria,RCP2-54,NA,NA,NA,NA,NA
ASVf777856a4eac,Bacteria,Chloroflexota,Chloroflexia,Chloroflexales,Roseiflexaceae,NA,NA
ASV89e380d136da,Bacteria,NA,NA,NA,NA,NA,NA
ASVfa157f58b211,Bacteria,Myxococcota,Myxococcia,Myxococcales,Anaeromyxobacteraceae,Anaeromyxobacter,NA
ASV88dc66bd3e41,Bacteria,Patescibacteria,Saccharimonadia,Saccharimonadales,LWQ8,NA,NA
ASVedc710340aa9,Bacteria,Myxococcota,Myxococcia,Myxococcales,Anaeromyxobacteraceae,Anaeromyxobacter,NA
ASV183237e16454,Bacteria,NA,NA,NA,NA,NA,NA
ASV66b8499fb9e7,Bacteria,Chloroflexota,Dehalococcoidia,S085,NA,NA,NA
ASV976205427af7,Bacteria,Chloroflexota,Ktedonobacteria,B10-SB3A,NA,NA,NA
ASV0652af2885dc,Bacteria,Pseudomonadota,Gammaproteobacteria,Burkholderiales,Burkholderiaceae,Burkholderia-Caballeronia-Paraburkholderia,NA
ASV3144da75ed44,Bacteria,Pseudomonadota,Gammaproteobacteria,Burkholderiales,Burkholderiaceae,Burkholderia-Caballeronia-Paraburkholderia,NA
ASV634fd8603733,Bacteria,Pseudomonadota,Alphaproteobacteria,Elsterales,NA,NA,NA
ASVae784c94c481,Bacteria,Actinomycetota,Acidimicrobiia,Acidimicrobiales,Acidimicrobiaceae,Acidiferrimicrobium,NA
ASVb53961b4583d,Bacteria,Chloroflexota,Ktedonobacteria,C0119,NA,NA,NA
ASV3e46f8382759,Bacteria,Acidobacteriota,Acidobacteriae,Subgroup 13,NA,NA,NA
ASV82680d79cdbd,Bacteria,Bdellovibrionota,Bdellovibrionia,Bdellovibrionales,Pseudobdellovibrionaceae,NA,NA
ASV4afcf6354398,Bacteria,Cyanobacteriota,Cyanobacteriia,Chloroplast,NA,NA,NA
ASVcc9755426af3,Bacteria,Planctomycetota,Phycisphaerae,Tepidisphaerales,WD2101 soil group,NA,NA
ASV6a4e560a9ab3,Bacteria,Chloroflexota,AD3,NA,NA,NA,NA
ASV578cdd15ef92,Bacteria,Myxococcota,Polyangiia,Polyangiales,Polyangiaceae,Pajaroellobacter,NA
ASV5773ec7eff83,Bacteria,Patescibacteria,Saccharimonadia,Saccharimonadales,WWH38,NA,NA
ASV55e742926546,Bacteria,Chloroflexota,OLB14,NA,NA,NA,NA
ASVab177ca9344a,Bacteria,Bacteroidota,Bacteroidia,Cytophagales,Spirosomataceae,NA,NA
ASV7972f9285d6e,Bacteria,Pseudomonadota,Alphaproteobacteria,Hyphomicrobiales,Rhizobiaceae,NA,NA
ASV98d70a148c48,Bacteria,Armatimonadota,Fimbriimonadia,Fimbriimonadales,Fimbriimonadaceae,NA,NA
ASVdcddebda619d,Bacteria,Bacteroidota,Bacteroidia,Sphingobacteriales,Sphingobacteriaceae,Pedobacter,NA
ASVf08d042687b6,Bacteria,Gemmatimonadota,Gemmatimonadia,Gemmatimonadales,Gemmatimonadaceae,Gemmatimonas,NA
ASVa406d0e3092a,Bacteria,Bacteroidota,Bacteroidia,Sphingobacteriales,env.OPS 17,NA,NA
ASV4d914b39aa9c,Bacteria,Patescibacteria,Saccharimonadia,Saccharimonadales,Saccharimonadaceae,TM7a,NA
ASVd3a2154b22f2,Bacteria,Gemmatimonadota,Longimicrobiia,Longimicrobiales,Longimicrobiaceae,YC-ZSS-LKJ147,NA
ASV32b50d5bf3dc,Bacteria,Chloroflexota,TK10,NA,NA,NA,NA
ASV355df260fbc3,Bacteria,Planctomycetota,Planctomycetes,Gemmatales,Gemmataceae,Gemmata,NA
ASVddcf0e46f749,Bacteria,Actinomycetota,Acidimicrobiia,Acidimicrobiales,Acidimicrobiaceae,NA,NA
ASV31146e4b379b,Bacteria,Myxococcota,Polyangiia,mle1-27,NA,NA,NA
ASV862547bcc3b4,Bacteria,Acidobacteriota,Acidobacteriae,Bryobacterales,Bryobacteraceae,Bryobacter,NA
ASV039561f9c369,Bacteria,Patescibacteria,Saccharimonadia,Saccharimonadales,LWQ8,NA,NA
ASV744dd1470f54,Bacteria,Actinomycetota,Actinobacteria,Streptosporangiales,Streptosporangiaceae,Microbispora,NA
ASV1d4b65ceddd1,Bacteria,Actinomycetota,Actinobacteria,Streptosporangiales,Streptosporangiaceae,NA,NA
ASVde75ca098648,Bacteria,Pseudomonadota,Alphaproteobacteria,Acetobacterales,Acetobacteraceae,Acidisoma,NA
ASV5ed605452174,Bacteria,Actinomycetota,Acidimicrobiia,Acidimicrobiales,Acidimicrobiaceae,Acidiferrimicrobium,NA
ASVdfb1d82a5c6b,Bacteria,Actinomycetota,Actinobacteria,Frankiales,Frankiaceae,Jatrophihabitans,NA
ASV46c2d81c7e83,Bacteria,Patescibacteria,Saccharimonadia,Saccharimonadales,LWQ8,NA,NA
ASVa59136c22ea7,Bacteria,Pseudomonadota,Gammaproteobacteria,Burkholderiales,Burkholderiaceae,NA,NA
ASVc5385b57a2c6,Bacteria,Patescibacteria,Microgenomatia,NA,NA,NA,NA
ASV394ad975b9f1,Bacteria,Bacteroidota,Bacteroidia,Chitinophagales,Chitinophagaceae,NA,NA
ASVe7137ca6cd9d,Bacteria,Bacillota,Bacilli,Alicyclobacillales,Alicyclobacillaceae,Alicyclobacillus,NA
ASVf09a7709eb43,Bacteria,Verrucomicrobiota,Verrucomicrobiia,Verrucomicrobiales,Verrucomicrobiaceae,Prosthecobacter,NA
ASVf4d145f83654,Bacteria,Actinomycetota,Actinobacteria,Streptosporangiales,Thermomonosporaceae,Actinomadura,nitritigenes
ASV809921f5635e,Bacteria,Pseudomonadota,Gammaproteobacteria,Lysobacterales,Rhodanobacteraceae,Chujaibacter,NA
ASV10a29376bea4,Bacteria,Chloroflexota,Ktedonobacteria,Ktedonobacterales,Ktedonobacteraceae,1959-1,NA
ASVd8d32810f635,Bacteria,Pseudomonadota,Gammaproteobacteria,Lysobacterales,Rhodanobacteraceae,Chujaibacter,NA
ASV683c66cd3827,Bacteria,Actinomycetota,Actinobacteria,Frankiales,NA,NA,NA
ASV11fa818ea50c,Bacteria,Pseudomonadota,Gammaproteobacteria,Burkholderiales,Comamonadaceae,NA,NA
ASV35c1956e7678,Bacteria,Pseudomonadota,Alphaproteobacteria,Acetobacterales,Acetobacteraceae,NA,NA
ASVf60c44b4797e,Bacteria,Myxococcota,Polyangiia,Polyangiales,Polyangiaceae,Sorangium,NA
ASVfadf2207c6ea,Bacteria,Pseudomonadota,Gammaproteobacteria,Burkholderiales,Alcaligenaceae,Verticiella,NA
ASVa471118ad886,Bacteria,Pseudomonadota,Gammaproteobacteria,Burkholderiales,Chromobacteriaceae,Pseudogulbenkiania,NA
ASVb6108b5a044e,Bacteria,Pseudomonadota,Alphaproteobacteria,Hyphomicrobiales,Devosiaceae,Devosia,NA
ASV33f00e14d1a0,Bacteria,Pseudomonadota,Alphaproteobacteria,Caulobacterales,Caulobacteraceae,Asticcacaulis,solisilvae
ASVd2724c0fe79e,Bacteria,Pseudomonadota,Gammaproteobacteria,Burkholderiales,Chromobacteriaceae,NA,NA
ASV50dc2d7de6f5,Bacteria,Chloroflexota,Ktedonobacteria,Ktedonobacterales,JG30-KF-AS9,NA,NA
ASVb4222a9692d7,Bacteria,Pseudomonadota,Alphaproteobacteria,Hyphomicrobiales,Xanthobacteraceae,Pseudolabrys,NA
ASVd50cdb0b780e,Bacteria,Chloroflexota,Ktedonobacteria,Ktedonobacterales,JG30-KF-AS9,NA,NA
ASV8bfa52061eaf,Bacteria,Pseudomonadota,Alphaproteobacteria,Sphingomonadales,Sphingomonadaceae,Sphingoaurantiacus,NA
ASV6fc063126659,Bacteria,Pseudomonadota,Alphaproteobacteria,Sphingomonadales,Sphingomonadaceae,Sphingobium,NA
ASVe701ba4bffda,Bacteria,Bacteroidota,Bacteroidia,Chitinophagales,Chitinophagaceae,Chitinophaga,terrae
ASV26f8e3a5cb6a,Bacteria,Actinomycetota,Actinobacteria,Micrococcales,Microbacteriaceae,NA,NA
ASVd2bee03329a9,Bacteria,Bacteroidota,Bacteroidia,Flavobacteriales,Flavobacteriaceae,NA,NA
ASV166547de738f,Bacteria,Pseudomonadota,Alphaproteobacteria,Sphingomonadales,Sphingomonadaceae,NA,NA
ASV1bb55ac2eef8,Bacteria,Bacteroidota,Bacteroidia,Sphingobacteriales,Sphingobacteriaceae,Parapedobacter,NA
ASV9ea2426264fd,Bacteria,Pseudomonadota,Alphaproteobacteria,Hyphomicrobiales,Hyphomicrobiaceae,Hyphomicrobium,denitrificans
ASV16433c91a0ea,Bacteria,Pseudomonadota,Gammaproteobacteria,Burkholderiales,Comamonadaceae,NA,NA
ASV0050562e0db2,Bacteria,Pseudomonadota,Gammaproteobacteria,Burkholderiales,Oxalobacteraceae,NA,NA
ASVfadb45fdd2fd,Bacteria,Pseudomonadota,Gammaproteobacteria,Lysobacterales,Lysobacteraceae,Thermomonas,NA
ASV7591426f8e46,Bacteria,Pseudomonadota,Gammaproteobacteria,Pseudomonadales,Pseudomonadaceae,Pseudomonas,NA
ASVef84f39337dc,Bacteria,Pseudomonadota,Alphaproteobacteria,Hyphomicrobiales,Devosiaceae,Devosia,NA
ASV1a2d8f293ee2,Bacteria,Pseudomonadota,Gammaproteobacteria,Burkholderiales,Rhodocyclaceae,Dechloromonas,NA
ASVab3e26218358,Bacteria,Pseudomonadota,Alphaproteobacteria,Sphingomonadales,Sphingomonadaceae,Sphingobium,NA
ASV22bf91adb685,Bacteria,Pseudomonadota,Alphaproteobacteria,Sphingomonadales,Sphingomonadaceae,Sphingobium,NA
ASV94d39030b2c6,Bacteria,Pseudomonadota,Alphaproteobacteria,Sphingomonadales,Sphingomonadaceae,DSSF69,NA
ASV3ed7a0acfc61,Bacteria,Pseudomonadota,Gammaproteobacteria,Lysobacterales,Lysobacteraceae,Thermomonas,NA
ASVad2532915958,Bacteria,Pseudomonadota,Gammaproteobacteria,Pseudomonadales,Pseudomonadaceae,Pseudomonas,NA
ASV7a035f3cd4e7,Bacteria,Pseudomonadota,Alphaproteobacteria,Sphingomonadales,Sphingomonadaceae,Sphingobium,NA
ASVfa22fb19d5b6,Bacteria,Myxococcota,Myxococcia,Myxococcales,Anaeromyxobacteraceae,Anaeromyxobacter,NA
ASV3ddd72b94d41,Bacteria,Planctomycetota,Planctomycetes,Pirellulales,Pirellulaceae,Pir4 lineage,NA
ASV0998b92ce913,Bacteria,Pseudomonadota,Gammaproteobacteria,Burkholderiales,Rhodocyclaceae,NA,NA
ASV70bae35ed02e,Bacteria,Pseudomonadota,Gammaproteobacteria,Pseudomonadales,Pseudomonadaceae,Pseudomonas,NA
ASVf309863d75d3,Bacteria,Pseudomonadota,Gammaproteobacteria,Pseudomonadales,Pseudomonadaceae,Pseudomonas,NA
ASVafa90ee37f2d,Bacteria,Pseudomonadota,Gammaproteobacteria,Burkholderiales,Comamonadaceae,Comamonas,NA
ASVaef4e1fa3348,Bacteria,Pseudomonadota,Gammaproteobacteria,Enterobacterales,Enterobacteriaceae,NA,NA
ASVf0cb92f220d3,Bacteria,Pseudomonadota,Gammaproteobacteria,Burkholderiales,Comamonadaceae,Comamonas,NA
ASV69de65e72b4a,Bacteria,Patescibacteria,Saccharimonadia,Saccharimonadales,NA,NA,NA
ASV15e1fd53a4b4,Bacteria,Actinomycetota,Actinobacteria,Frankiales,Acidothermaceae,Acidothermus,NA
ASV2c513117e901,Bacteria,Actinomycetota,Actinobacteria,Frankiales,Acidothermaceae,Acidothermus,cellulolyticus
ASV5cc8040895b5,Bacteria,Chloroflexota,Chloroflexia,Thermomicrobiales,JG30-KF-CM45,NA,NA
ASVfe97fdcc3631,Bacteria,Chloroflexota,Chloroflexia,Thermomicrobiales,JG30-KF-CM45,NA,NA
ASV3869cbd57734,Bacteria,Planctomycetota,Planctomycetes,Gemmatales,Gemmataceae,Gemmata,NA
ASV9f83a4ce95b0,Bacteria,Gemmatimonadota,S0134 terrestrial group,NA,NA,NA,NA
ASV91ae79fe3697,Bacteria,Actinomycetota,Thermoleophilia,Solirubrobacterales,Solirubrobacteraceae,Baekduia,NA
ASVc668a038638e,Bacteria,Myxococcota,Polyangiia,Haliangiales,Haliangiaceae,NA,NA
ASV3fea9091790f,Bacteria,Acidobacteriota,Acidobacteriae,Terriglobales,NA,NA,NA
ASV53a9ce1dcb2a,Bacteria,Bdellovibrionota,Oligoflexia,0319-6G20,NA,NA,NA
ASVcd55a5fd1156,Bacteria,Armatimonadota,Chthonomonadia,Chthonomonadales,NA,NA,NA
ASV610183ad6f9b,Bacteria,Pseudomonadota,Alphaproteobacteria,Elsterales,NA,NA,NA
ASV832af05094bf,Bacteria,Candidatus Eremiobacterota,Eremiobacteria,NA,NA,NA,NA
ASV72d55a0059b8,Bacteria,Chloroflexota,Chloroflexia,Thermomicrobiales,JG30-KF-CM45,NA,NA
ASV8986d2c763dc,Bacteria,Bacteroidota,Bacteroidia,Chitinophagales,Chitinophagaceae,NA,NA
ASV7632f1916217,Bacteria,Acidobacteriota,Acidobacteriae,Subgroup 2,NA,NA,NA
ASV74202aa0897c,Bacteria,Myxococcota,Myxococcia,Myxococcales,Myxococcaceae,P3OB-42,NA
ASV080de380cbcd,Bacteria,Chloroflexota,TK10,NA,NA,NA,NA
ASV0a9855f86ca5,Bacteria,Planctomycetota,Planctomycetes,Gemmatales,Gemmataceae,NA,NA
ASVcc4140b46662,Bacteria,Planctomycetota,Planctomycetes,Isosphaerales,Isosphaeraceae,Tautonia,NA
ASV939e8990bbde,Bacteria,Myxococcota,Polyangiia,Haliangiales,Haliangiaceae,NA,NA
ASV7625f1690b96,Bacteria,Pseudomonadota,Alphaproteobacteria,Acetobacterales,Acetobacteraceae,NA,NA
ASVed9be5411d0a,Bacteria,Planctomycetota,Phycisphaerae,Tepidisphaerales,WD2101 soil group,NA,NA
ASV36557c6d90fe,Bacteria,Bacteroidota,Bacteroidia,Sphingobacteriales,env.OPS 17,NA,NA
ASV0878772de578,Bacteria,Pseudomonadota,Gammaproteobacteria,Lysobacterales,Lysobacteraceae,Pseudoxanthomonas,mexicana
ASVce98fbc56e95,Bacteria,Myxococcota,Myxococcia,Myxococcales,Myxococcaceae,NA,NA
ASVc5ffd39460bc,Bacteria,Pseudomonadota,Gammaproteobacteria,Lysobacterales,Lysobacteraceae,Pseudoxanthomonas,mexicana
ASV61244a89721c,Bacteria,NA,NA,NA,NA,NA,NA
ASV39817afe0bd6,Bacteria,Pseudomonadota,Alphaproteobacteria,Acetobacterales,Acetobacteraceae,Rhodopila,NA
ASVa9ed7dfad94c,Bacteria,Patescibacteria,Saccharimonadia,Saccharimonadales,LWQ8,NA,NA
ASV17004df845f1,Bacteria,Planctomycetota,Planctomycetes,Isosphaerales,Isosphaeraceae,Tautonia,NA
ASVc78a653798c5,Bacteria,Planctomycetota,Planctomycetes,Isosphaerales,Isosphaeraceae,Aquisphaera,NA
ASV127a8f5f4632,Bacteria,Chloroflexota,Ktedonobacteria,Ktedonobacterales,JG30-KF-AS9,NA,NA
ASV50165fe85dab,Bacteria,NA,NA,NA,NA,NA,NA
ASV9b6aed9420c4,Bacteria,Pseudomonadota,Alphaproteobacteria,Hyphomicrobiales,Devosiaceae,NA,NA
ASVa91c594db8d3,Bacteria,Planctomycetota,Planctomycetes,Isosphaerales,Isosphaeraceae,NA,NA
ASV1239f3a94bdf,Bacteria,Planctomycetota,Phycisphaerae,Tepidisphaerales,WD2101 soil group,NA,NA
ASV564c3e87bc02,Bacteria,Myxococcota,Polyangiia,Polyangiales,Sandaracinaceae,NA,NA
ASV4247de36a359,Bacteria,Chloroflexota,Chloroflexia,Thermomicrobiales,JG30-KF-CM45,NA,NA
ASVd66815d69b28,Bacteria,Actinomycetota,Thermoleophilia,Solirubrobacterales,Solirubrobacteraceae,Conexibacter,NA
ASV1391df6e464d,Bacteria,Pseudomonadota,Alphaproteobacteria,Acetobacterales,Acetobacteraceae,NA,NA
ASVa2c727a4e5e4,Bacteria,Chloroflexota,Ktedonobacteria,B10-SB3A,NA,NA,NA
ASV9de42ef9a057,Bacteria,Planctomycetota,Phycisphaerae,Tepidisphaerales,WD2101 soil group,NA,NA
ASV262247a910d5,Bacteria,Actinomycetota,Thermoleophilia,Solirubrobacterales,67-14,NA,NA
ASV0ec8343e343f,Bacteria,Pseudomonadota,Gammaproteobacteria,Burkholderiales,Comamonadaceae,NA,NA
ASVddf394fee953,Bacteria,Pseudomonadota,Gammaproteobacteria,Lysobacterales,Lysobacteraceae,NA,NA
ASV14bc42b9e5e4,Bacteria,Patescibacteria,Saccharimonadia,Saccharimonadales,NA,NA,NA
ASV467c8481ca17,Bacteria,Chloroflexota,Ktedonobacteria,Ktedonobacterales,JG30-KF-AS9,NA,NA
ASV1c26e1bfdc88,Bacteria,Bacillota,Bacilli,Alicyclobacillales,Alicyclobacillaceae,Alicyclobacillus,NA
ASV6dec1811b42a,Bacteria,Patescibacteria,Saccharimonadia,Saccharimonadales,LWQ8,NA,NA
ASVe08faa71b7fe,Bacteria,Pseudomonadota,Alphaproteobacteria,Sphingomonadales,Sphingomonadaceae,Sphingobium,NA
ASVfc95612e31ca,Bacteria,Pseudomonadota,Alphaproteobacteria,Sphingomonadales,Sphingomonadaceae,Sphingobium,NA
ASVb7013bcd693d,Bacteria,Actinomycetota,Actinobacteria,Frankiales,Frankiaceae,Jatrophihabitans,NA
ASV82af08c19921,Bacteria,Actinomycetota,Actinobacteria,Frankiales,Frankiaceae,Jatrophihabitans,NA
ASV62320e75b497,Bacteria,Verrucomicrobiota,Verrucomicrobiia,Verrucomicrobiales,Verrucomicrobiaceae,NA,NA
ASV227562cc7f13,Bacteria,Verrucomicrobiota,Verrucomicrobiia,Verrucomicrobiales,Verrucomicrobiaceae,NA,NA
ASVf291c20a8a0a,Bacteria,Pseudomonadota,Alphaproteobacteria,Hyphomicrobiales,NA,NA,NA
ASVff0d525303eb,Bacteria,Pseudomonadota,Alphaproteobacteria,Sphingomonadales,Sphingomonadaceae,Sphingobium,NA
ASVd129aabd8e01,Bacteria,Planctomycetota,Planctomycetes,Pirellulales,Pirellulaceae,Pir4 lineage,NA
ASV3ec467a25573,Bacteria,Pseudomonadota,Alphaproteobacteria,Sphingomonadales,Sphingomonadaceae,Sphingobium,NA
ASV2cc6d662715e,Bacteria,Chloroflexota,Chloroflexia,Thermomicrobiales,JG30-KF-CM45,NA,NA
ASVe86343333e0c,Bacteria,Bacteroidota,Bacteroidia,Flavobacteriales,Weeksellaceae,Moheibacter,NA
ASV41b52fc6c64b,Bacteria,Bacteroidota,Bacteroidia,Chitinophagales,Chitinophagaceae,Flavisolibacter,NA
ASV627ae95d1371,Bacteria,Bacteroidota,Bacteroidia,Sphingobacteriales,Sphingobacteriaceae,Parapedobacter,NA
ASVa23e8e958741,Bacteria,Pseudomonadota,Alphaproteobacteria,Caulobacterales,Caulobacteraceae,Brevundimonas,terrae
ASV5dbea5892fd4,Bacteria,Pseudomonadota,Alphaproteobacteria,Sphingomonadales,Sphingomonadaceae,Sphingobium,NA
ASV3a852be49510,Bacteria,Bacillota,Bacilli,Paenibacillales,Paenibacillaceae,Paenibacillus,NA
ASV9f8fd2fd70c7,Bacteria,Pseudomonadota,Alphaproteobacteria,Sphingomonadales,Sphingomonadaceae,Sphingobium,NA
ASV16277d9902db,Bacteria,Bacteroidota,Bacteroidia,Chitinophagales,Chitinophagaceae,Flavisolibacter,NA
ASVc54b3dc1df3e,Bacteria,Actinomycetota,Actinobacteria,Frankiales,Frankiaceae,Jatrophihabitans,NA
ASV4779efdaeead,Bacteria,Pseudomonadota,Alphaproteobacteria,Caulobacterales,Caulobacteraceae,Brevundimonas,terrae
ASV5e5b9de0543e,Bacteria,Actinomycetota,Thermoleophilia,Solirubrobacterales,Solirubrobacteraceae,Solirubrobacter,NA
ASV47a09d477c64,Bacteria,Gemmatimonadota,Gemmatimonadia,Gemmatimonadales,Gemmatimonadaceae,NA,NA
ASV1d7351c73ebd,Bacteria,Bacteroidota,Bacteroidia,Chitinophagales,Chitinophagaceae,NA,NA
ASVcd8fd0a28a18,Bacteria,Cyanobacteriota,Sericytochromatia,NA,NA,NA,NA
ASV4059f41f1c7c,Bacteria,Pseudomonadota,Alphaproteobacteria,Sphingomonadales,Sphingomonadaceae,Sphingopyxis,granuli
ASV52b045d42ec5,Bacteria,Pseudomonadota,Gammaproteobacteria,Burkholderiales,Rhodocyclaceae,Dechloromonas,NA
ASVc5b3015a8fc2,Bacteria,Pseudomonadota,Gammaproteobacteria,Pseudomonadales,Pseudomonadaceae,Pseudomonas,NA
ASVaebb0cdfd58d,Bacteria,Bacillota,Bacilli,Paenibacillales,Paenibacillaceae,Paenibacillus,NA
ASVd399f05dade2,Bacteria,Pseudomonadota,Gammaproteobacteria,Pseudomonadales,Pseudomonadaceae,Pseudomonas,stutzeri
ASV6d821f21424b,Bacteria,Pseudomonadota,Gammaproteobacteria,Lysobacterales,Lysobacteraceae,Thermomonas,NA
ASVfdda488bff37,Bacteria,Gemmatimonadota,S0134 terrestrial group,NA,NA,NA,NA
ASV46fccb4f2765,Bacteria,Gemmatimonadota,S0134 terrestrial group,NA,NA,NA,NA
ASVc3012ced22fc,Bacteria,Pseudomonadota,Gammaproteobacteria,Lysobacterales,Lysobacteraceae,Thermomonas,NA
ASV011c4e7fce2b,Bacteria,Planctomycetota,Planctomycetes,Planctomycetales,Rubinisphaeraceae,Planctomicrobium,NA
ASV26075a4e29a3,Bacteria,Pseudomonadota,Gammaproteobacteria,Lysobacterales,Lysobacteraceae,Luteimonas,marina
ASV21ac9e44a15c,Bacteria,Bacteroidota,Bacteroidia,Sphingobacteriales,Sphingobacteriaceae,Parapedobacter,NA
ASV70f379699480,Bacteria,Pseudomonadota,Gammaproteobacteria,Lysobacterales,Lysobacteraceae,Luteimonas,marina
ASV5d61c7803508,Bacteria,Bacillota,Bacilli,Paenibacillales,Paenibacillaceae,Cohnella,fontinalis
ASV80af6067215c,Bacteria,Pseudomonadota,Gammaproteobacteria,Burkholderiales,Rhodocyclaceae,NA,NA
ASV1ae13117965a,Bacteria,Planctomycetota,Planctomycetes,Isosphaerales,Isosphaeraceae,Tautonia,NA
ASV86cdca3f41f5,Bacteria,Pseudomonadota,Gammaproteobacteria,Burkholderiales,Comamonadaceae,Azohydromonas,NA
ASV1f6fcc77c240,Bacteria,Pseudomonadota,Gammaproteobacteria,Burkholderiales,Comamonadaceae,Comamonas,NA
ASVeb60281f6851,Bacteria,Gemmatimonadota,Gemmatimonadia,Gemmatimonadales,Gemmatimonadaceae,Gemmatimonas,NA
ASV67eeeab93918,Bacteria,Chloroflexota,AD3,NA,NA,NA,NA
ASVf276ed678a49,Bacteria,RCP2-54,NA,NA,NA,NA,NA
ASV1365c863cb75,Bacteria,Gemmatimonadota,Gemmatimonadia,Gemmatimonadales,Gemmatimonadaceae,NA,NA
ASV3ab414cccb94,Bacteria,Pseudomonadota,Alphaproteobacteria,Micropepsales,Micropepsaceae,Rhizomicrobium,NA
ASVbef1fb79a7bd,Bacteria,Myxococcota,Polyangiia,Polyangiales,Polyangiaceae,Pajaroellobacter,NA
ASV8a097784e668,Bacteria,Patescibacteria,Saccharimonadia,Saccharimonadales,NA,NA,NA
ASVb3ebf769f6e0,Bacteria,Bacteroidota,Bacteroidia,Sphingobacteriales,CWT CU03-E12,NA,NA
ASV652adfe954b5,Bacteria,Planctomycetota,vadinHA49,NA,NA,NA,NA
ASVd5a22c0d4dae,Bacteria,Pseudomonadota,Alphaproteobacteria,Acetobacterales,Acetobacteraceae,Rhodopila,NA
ASV6ffa54977dff,Bacteria,Pseudomonadota,Alphaproteobacteria,Acetobacterales,Acetobacteraceae,Rhodovastum,atsumiense
ASVb43b2406a35f,Bacteria,Actinomycetota,Thermoleophilia,Gaiellales,NA,NA,NA
ASV5d9d4ab3caf0,Bacteria,Pseudomonadota,Gammaproteobacteria,Burkholderiales,Burkholderiaceae,Burkholderia-Caballeronia-Paraburkholderia,NA
ASV6010a3635892,Bacteria,Gemmatimonadota,Gemmatimonadia,Gemmatimonadales,Gemmatimonadaceae,NA,NA
ASVb4da1921c0e8,Bacteria,Pseudomonadota,Gammaproteobacteria,Gammaproteobacteria Incertae Sedis,Unknown Family,Acidibacter,NA
ASV672c138f5d42,Bacteria,Patescibacteria,Saccharimonadia,Saccharimonadales,LWQ8,NA,NA
ASV7a26100e90b9,Bacteria,Acidobacteriota,Vicinamibacteria,Subgroup 17,NA,NA,NA
ASV1c8da9c99350,Bacteria,Patescibacteria,Saccharimonadia,Saccharimonadales,NA,NA,NA
ASV345baf7c32b2,Bacteria,Planctomycetota,Planctomycetes,Planctomycetales,NA,NA,NA
ASVd494ab23f8f2,Bacteria,Pseudomonadota,Gammaproteobacteria,Gammaproteobacteria Incertae Sedis,Unknown Family,Acidibacter,NA
ASV3ac00999f4e6,Bacteria,Chloroflexota,AD3,NA,NA,NA,NA
ASV4401c15247a7,Bacteria,Actinomycetota,Actinobacteria,Frankiales,Geodermatophilaceae,Geodermatophilus,NA
ASVf4fba6b5e4d7,Bacteria,Actinomycetota,Actinobacteria,Frankiales,Geodermatophilaceae,Blastococcus,endophyticus
ASVec940900595e,Bacteria,RCP2-54,NA,NA,NA,NA,NA
ASV3500e9892586,Bacteria,Chloroflexota,Ktedonobacteria,Ktedonobacterales,JG30-KF-AS9,NA,NA
ASVb7be21df098b,Bacteria,Patescibacteria,Saccharimonadia,Saccharimonadales,WWH38,NA,NA
ASV38ed31d95d48,Bacteria,Pseudomonadota,Alphaproteobacteria,Caulobacterales,Caulobacteraceae,NA,NA
ASVcaf97fb641b0,Bacteria,Bacteroidota,Bacteroidia,Sphingobacteriales,Sphingobacteriaceae,Mucilaginibacter,kameinonensis
ASV5d277b0f2287,Bacteria,Pseudomonadota,Gammaproteobacteria,Burkholderiales,SC-I-84,NA,NA
ASV1a4df7d54ad6,Bacteria,Gemmatimonadota,Gemmatimonadia,Gemmatimonadales,Gemmatimonadaceae,Gemmatimonas,NA
ASVb24c7f79c3f6,Bacteria,Gemmatimonadota,Gemmatimonadia,Gemmatimonadales,Gemmatimonadaceae,Gemmatimonas,NA
ASVb7c02f0d46bd,Bacteria,Bacteroidota,Bacteroidia,Cytophagales,Cytophagaceae,Cytophaga,NA
ASVf846ada73c5a,Bacteria,Planctomycetota,Phycisphaerae,Tepidisphaerales,WD2101 soil group,NA,NA
ASV156ccf335e20,Bacteria,Pseudomonadota,Gammaproteobacteria,Lysobacterales,Rhodanobacteraceae,Luteibacter,yeojuensis
ASV76c673f3a729,Bacteria,Patescibacteria,Saccharimonadia,Saccharimonadales,NA,NA,NA
ASV3478707c6e1b,Bacteria,Pseudomonadota,Alphaproteobacteria,Elsterales,NA,NA,NA
ASV18717f97f330,Bacteria,Actinomycetota,Thermoleophilia,Solirubrobacterales,67-14,NA,NA
ASVddcab3d9f957,Bacteria,Pseudomonadota,Gammaproteobacteria,Burkholderiales,Comamonadaceae,NA,NA
ASV6a754c89312b,Bacteria,Myxococcota,Polyangiia,mle1-27,NA,NA,NA
ASV0aebf22f39bd,Bacteria,Chloroflexota,AD3,NA,NA,NA,NA
ASV1dff3abc1c7c,Bacteria,Planctomycetota,Planctomycetes,Gemmatales,Gemmataceae,NA,NA
ASV62290fa80fd1,Bacteria,Acidobacteriota,Acidobacteriae,Terriglobales,Acidobacteriaceae (Subgroup 1),Edaphobacter,NA
ASV5d289a87b441,Bacteria,Bacillota,Bacilli,Alicyclobacillales,Alicyclobacillaceae,Alicyclobacillus,NA
ASV00309b479be7,Bacteria,Armatimonadota,NA,NA,NA,NA,NA
ASV543489c5bb2b,Bacteria,Chloroflexota,Ktedonobacteria,Ktedonobacterales,JG30-KF-AS9,NA,NA
ASVb19b4d6cde70,Bacteria,Myxococcota,Polyangiia,Polyangiales,Sandaracinaceae,NA,NA
ASVc66b989876f1,Bacteria,Chloroflexota,TK10,NA,NA,NA,NA
ASVc4f2d1b34998,Bacteria,Bacillota,Bacilli,Alicyclobacillales,Alicyclobacillaceae,Alicyclobacillus,NA
ASV511e0a595336,Bacteria,Bacillota,Bacilli,Alicyclobacillales,Alicyclobacillaceae,Alicyclobacillus,fastidiosus
ASVc86d9fce2373,Bacteria,Chloroflexota,Ktedonobacteria,Ktedonobacterales,JG30-KF-AS9,NA,NA
ASV7c6c0a2bb02c,Bacteria,Actinomycetota,Actinobacteria,Frankiales,Acidothermaceae,Acidothermus,NA
ASV6b53fb93f60b,Bacteria,Bacteroidota,Bacteroidia,Flavobacteriales,Flavobacteriaceae,Confluentibacter,NA
ASV8804713d17b2,Bacteria,Actinomycetota,Actinobacteria,Frankiales,Acidothermaceae,Acidothermus,NA
ASV626d1f68998b,Bacteria,Chloroflexota,Ktedonobacteria,Ktedonobacterales,JG30-KF-AS9,NA,NA
ASV8808695521e4,Bacteria,Bacillota,Desulfitobacteriia,Desulfitobacteriales,Desulfitobacteriaceae,Desulfosporosinus,NA
ASVbb183d443663,Bacteria,Pseudomonadota,Gammaproteobacteria,Burkholderiales,Comamonadaceae,NA,NA
ASV2e778fd9f87f,Bacteria,Pseudomonadota,Alphaproteobacteria,NA,NA,NA,NA
ASV197ecc9bfd47,Bacteria,Actinomycetota,Actinobacteria,Micrococcales,Microbacteriaceae,NA,NA
ASV39b6fa0fff29,Bacteria,Bacteroidota,Bacteroidia,Chitinophagales,Chitinophagaceae,Chitinophaga,arvensicola
ASV24138c81dd50,Bacteria,Patescibacteria,Saccharimonadia,Saccharimonadales,LWQ8,NA,NA
ASV8ca8175321e9,Bacteria,Patescibacteria,Saccharimonadia,Saccharimonadales,Saccharimonadaceae,TM7a,NA
ASVae615be82c01,Bacteria,Pseudomonadota,Alphaproteobacteria,Caulobacterales,Caulobacteraceae,Brevundimonas,terrae
ASV3b870f339472,Bacteria,Pseudomonadota,Alphaproteobacteria,Sphingomonadales,Sphingomonadaceae,Sphingobium,NA
ASV00f9edbdea3f,Bacteria,Actinomycetota,Thermoleophilia,Solirubrobacterales,67-14,NA,NA
ASV525607fc64c2,Bacteria,Patescibacteria,Saccharimonadia,Saccharimonadales,Saccharimonadaceae,TM7a,NA
ASVfe515cfc2f86,Bacteria,Bacillota,Symbiobacteriia,Symbiobacteriales,NA,NA,NA
ASVff2502e0e18e,Bacteria,Bacteroidota,Bacteroidia,Cytophagales,Spirosomataceae,Dyadobacter,fermentans
ASVa30d6df53085,Bacteria,Bacteroidota,Bacteroidia,Chitinophagales,Chitinophagaceae,Flavisolibacter,NA
ASV90bf6f4294b1,Bacteria,NA,NA,NA,NA,NA,NA
ASV348f41bc9bb7,Bacteria,Pseudomonadota,Alphaproteobacteria,Sphingomonadales,Sphingomonadaceae,Sphingobium,NA
ASV0ed8e9d14607,Bacteria,Chloroflexota,Ktedonobacteria,Ktedonobacterales,JG30-KF-AS9,NA,NA
ASV29e40aaec1fb,Bacteria,Pseudomonadota,Alphaproteobacteria,Hyphomicrobiales,Xanthobacteraceae,Rhodopseudomonas,NA
ASVfd27bbc23c8e,Bacteria,Pseudomonadota,Alphaproteobacteria,Hyphomicrobiales,Xanthobacteraceae,Pseudolabrys,NA
ASVaf6ac32a0da8,Bacteria,Pseudomonadota,Gammaproteobacteria,Pseudomonadales,Pseudomonadaceae,Pseudomonas,citronellolis
ASV01fd8a7b4d6d,Bacteria,Pseudomonadota,Gammaproteobacteria,Pseudomonadales,Pseudomonadaceae,Pseudomonas,stutzeri
ASV298d5d1c7b50,Bacteria,Pseudomonadota,Gammaproteobacteria,Pseudomonadales,Pseudomonadaceae,Pseudomonas,stutzeri
ASV457e15cc2939,Bacteria,Verrucomicrobiota,Verrucomicrobiia,Pedosphaerales,Pedosphaeraceae,NA,NA
ASV9189f42bda7d,Bacteria,Pseudomonadota,Alphaproteobacteria,Hyphomicrobiales,Rhizobiaceae,NA,NA
ASV43fc4180c677,Bacteria,Pseudomonadota,Gammaproteobacteria,Burkholderiales,Rhodocyclaceae,Dechloromonas,NA
ASVff82ac464713,Bacteria,Cyanobacteriota,Sericytochromatia,NA,NA,NA,NA
ASV249ee4183b55,Bacteria,Planctomycetota,Planctomycetes,Pirellulales,Pirellulaceae,NA,NA
ASV9de5379c5056,Bacteria,Pseudomonadota,Gammaproteobacteria,Lysobacterales,Lysobacteraceae,Luteimonas,marina
ASV94e94cb91074,Bacteria,Pseudomonadota,Gammaproteobacteria,Lysobacterales,Lysobacteraceae,Luteimonas,marina
ASV34bda7229599,Bacteria,Bacteroidota,Bacteroidia,Cytophagales,Cyclobacteriaceae,NA,NA
ASV5dc9ab216016,Bacteria,Actinomycetota,Actinobacteria,Micrococcales,Microbacteriaceae,NA,NA
ASVeaebc5b89984,Bacteria,Pseudomonadota,Gammaproteobacteria,Lysobacterales,Lysobacteraceae,Thermomonas,NA
ASVbc528bd4129f,Bacteria,Pseudomonadota,Gammaproteobacteria,Burkholderiales,Chromobacteriaceae,Pseudogulbenkiania,NA
ASV451ff7db01aa,Bacteria,Pseudomonadota,Gammaproteobacteria,Lysobacterales,Lysobacteraceae,Luteimonas,marina
ASV6b1d980e0c08,Bacteria,Pseudomonadota,Gammaproteobacteria,Burkholderiales,Oxalobacteraceae,NA,NA
ASVe8e92ab8ba97,Bacteria,Bacteroidota,Bacteroidia,Sphingobacteriales,Sphingobacteriaceae,Sphingobacterium,mizutaii
ASVeb1f0f6942e5,Bacteria,Pseudomonadota,Gammaproteobacteria,Pseudomonadales,Pseudomonadaceae,Pseudomonas,stutzeri
ASV91c05f116edb,Bacteria,Pseudomonadota,Gammaproteobacteria,Pseudomonadales,Pseudomonadaceae,Pseudomonas,NA
ASVf4a25ad05e4d,Bacteria,Pseudomonadota,Gammaproteobacteria,Lysobacterales,Lysobacteraceae,Thermomonas,NA
ASV195c35e679dc,Bacteria,Armatimonadota,NA,NA,NA,NA,NA
ASV5d073a8c416f,Bacteria,Pseudomonadota,Gammaproteobacteria,Lysobacterales,Lysobacteraceae,Thermomonas,NA
ASVd9f6749b72f0,Bacteria,Pseudomonadota,Gammaproteobacteria,Pseudomonadales,Pseudomonadaceae,Pseudomonas,NA
ASVe544e70bf844,Bacteria,Pseudomonadota,Gammaproteobacteria,Pseudomonadales,Pseudomonadaceae,Pseudomonas,NA
ASV244275e31a76,Bacteria,Gemmatimonadota,S0134 terrestrial group,NA,NA,NA,NA
ASVbd0b01fb7be4,Bacteria,Pseudomonadota,Alphaproteobacteria,Sphingomonadales,Sphingomonadaceae,Sphingobium,NA
ASVc3edc7121f9e,Bacteria,Pseudomonadota,Gammaproteobacteria,Pseudomonadales,Pseudomonadaceae,Pseudomonas,NA
ASV508d05315448,Bacteria,Pseudomonadota,Gammaproteobacteria,Burkholderiales,Rhodocyclaceae,Dechloromonas,NA
ASV48f6a61cfccd,Bacteria,Actinomycetota,Actinobacteria,Frankiales,Acidothermaceae,Acidothermus,NA
ASV933382f8eaad,Bacteria,Pseudomonadota,Gammaproteobacteria,Burkholderiales,Alcaligenaceae,Candidimonas,humi
ASVfd782e786193,Bacteria,Patescibacteria,Saccharimonadia,Saccharimonadales,NA,NA,NA
ASVe6194fe59411,Bacteria,Pseudomonadota,Gammaproteobacteria,Enterobacterales,Enterobacteriaceae,NA,NA
ASVf6c185e7ad1f,Bacteria,Pseudomonadota,Gammaproteobacteria,Lysobacterales,Rhodanobacteraceae,Rhodanobacter,NA
ASV2554f1ded2cf,Bacteria,Chloroflexota,Ktedonobacteria,B10-SB3A,NA,NA,NA
ASVf8c60e9bb00d,Bacteria,Bacillota,Bacilli,Lactobacillales,Streptococcaceae,Lactococcus,NA
ASV4d6712dc9051,Bacteria,Pseudomonadota,Alphaproteobacteria,Hyphomicrobiales,Devosiaceae,NA,NA
ASV21a95560ec5b,Bacteria,Verrucomicrobiota,Verrucomicrobiia,Chthoniobacterales,Xiphinematobacteraceae,Candidatus Xiphinematobacter,NA
ASV22b56de0409a,Bacteria,Patescibacteria,Saccharimonadia,Saccharimonadales,NA,NA,NA
ASV7516cddf9f78,Bacteria,Pseudomonadota,Alphaproteobacteria,Caulobacterales,Caulobacteraceae,Asticcacaulis,NA
ASV90db5fe91eb4,Bacteria,Chloroflexota,Ktedonobacteria,Ktedonobacterales,JG30-KF-AS9,NA,NA
ASV378779325b61,Bacteria,Patescibacteria,Saccharimonadia,Saccharimonadales,LWQ8,NA,NA
ASVf402de7c3d05,Bacteria,RCP2-54,NA,NA,NA,NA,NA
ASV2f3d1c4af77c,Bacteria,Armatimonadota,Fimbriimonadia,Fimbriimonadales,Fimbriimonadaceae,NA,NA
ASV1c5e07efd02f,Bacteria,Patescibacteria,Parcubacteria,Candidatus Azambacteria,NA,NA,NA
ASVd605b6dc8904,Bacteria,Actinomycetota,Actinobacteria,Catenulisporales,Catenulisporaceae,Catenulispora,NA
ASV1fd634fdcf09,Bacteria,Planctomycetota,Phycisphaerae,Tepidisphaerales,WD2101 soil group,NA,NA
ASVcaf6e78efa27,Bacteria,Dependentiae,Babeliae,Babeliales,Vermiphilaceae,NA,NA
ASVb460a09e2b6a,Bacteria,Chloroflexota,Chloroflexia,Chloroflexales,Roseiflexaceae,NA,NA
ASV0037a6999941,Bacteria,Chloroflexota,P2-11E,NA,NA,NA,NA
ASV32080d5b390b,Bacteria,Chloroflexota,TK10,NA,NA,NA,NA
ASV3e0a375f12e0,Bacteria,NA,NA,NA,NA,NA,NA
ASVec94cb1b4d28,Bacteria,Acidobacteriota,Holophagae,Subgroup 7,NA,NA,NA
ASVa92179c0fec5,Bacteria,Actinomycetota,Actinobacteria,Frankiales,Geodermatophilaceae,Blastococcus,NA
ASV41d66bd5d33a,Bacteria,Planctomycetota,Phycisphaerae,Tepidisphaerales,CPla-3 termite group,NA,NA
ASV731ac86607b3,Bacteria,Gemmatimonadota,Gemmatimonadia,Gemmatimonadales,Gemmatimonadaceae,NA,NA
ASV142dc7414869,Bacteria,Gemmatimonadota,Gemmatimonadia,Gemmatimonadales,Gemmatimonadaceae,NA,NA
ASV853faa9d966e,Bacteria,Pseudomonadota,Gammaproteobacteria,Burkholderiales,Oxalobacteraceae,Massilia,putida
ASV6f5ee909064c,Bacteria,NA,NA,NA,NA,NA,NA
ASV635d27642d90,Bacteria,Chloroflexota,Chloroflexia,Elev-1554,NA,NA,NA
ASV36cf378631b4,Bacteria,Myxococcota,Myxococcia,Myxococcales,Anaeromyxobacteraceae,Anaeromyxobacter,NA
ASV6b0496304330,Bacteria,NA,NA,NA,NA,NA,NA
ASV089b824d2f13,Bacteria,Armatimonadota,Armatimonadia,Armatimonadales,Armatimonadaceae,Armatimonas,NA
ASV32f27e005e9a,Bacteria,NA,NA,NA,NA,NA,NA
ASVb3ece3050622,Bacteria,Pseudomonadota,Alphaproteobacteria,Rickettsiales,SM2D12,NA,NA
ASVcb3a26843709,Bacteria,Myxococcota,Polyangiia,Haliangiales,Haliangiaceae,NA,NA
ASVc9cb39ad7c72,Bacteria,Acidobacteriota,Acidobacteriae,NA,NA,NA,NA
ASVf6bdf498dc5a,Bacteria,Acidobacteriota,Acidobacteriae,Terriglobales,NA,NA,NA
ASV10b59bcf64ca,Bacteria,Chloroflexota,JG30-KF-CM66,NA,NA,NA,NA
ASV32c88102a2c1,Bacteria,Acidobacteriota,Acidobacteriae,Terriglobales,NA,NA,NA
ASV88140a05148e,Bacteria,Pseudomonadota,Alphaproteobacteria,Elsterales,NA,NA,NA
ASV1b7e6c191350,Bacteria,Bacteroidota,Bacteroidia,Chitinophagales,Chitinophagaceae,NA,NA
ASV93d1931bb19e,Bacteria,Pseudomonadota,Alphaproteobacteria,Elsterales,NA,NA,NA
ASV326a37b04193,Bacteria,Actinomycetota,Actinobacteria,Micromonosporales,Micromonosporaceae,Actinoplanes,NA
ASVff1604649aa4,Bacteria,Pseudomonadota,Gammaproteobacteria,Pseudomonadales,Moraxellaceae,NA,NA
ASV220a024a282d,Bacteria,Armatimonadota,Armatimonadia,Armatimonadales,Armatimonadaceae,NA,NA
ASV29f05df4fa45,Bacteria,Planctomycetota,Phycisphaerae,Tepidisphaerales,CPla-3 termite group,NA,NA
ASVef4c0069e5c5,Bacteria,Gemmatimonadota,Gemmatimonadia,Gemmatimonadales,Gemmatimonadaceae,Gemmatimonas,NA
ASV8df948f29a37,Bacteria,Myxococcota,Polyangiia,Polyangiales,Polyangiaceae,Minicystis,NA
ASV943cc7528d7d,Bacteria,Chloroflexota,Chloroflexia,Thermomicrobiales,Thermomicrobiaceae,NA,NA
ASV95ad9f6863f1,Bacteria,Gemmatimonadota,Longimicrobiia,Longimicrobiales,Longimicrobiaceae,YC-ZSS-LKJ147,NA
ASVc999b3cb7af5,Bacteria,Pseudomonadota,Alphaproteobacteria,Rhodospirillales,NA,NA,NA
ASV27ff3c25bd50,Bacteria,Armatimonadota,Fimbriimonadia,Fimbriimonadales,Fimbriimonadaceae,Fimbriimonas,NA
ASV97a731a7e281,Bacteria,Planctomycetota,Planctomycetes,Gemmatales,Gemmataceae,Gemmata,NA
ASVab8236aaeb0e,Bacteria,Actinomycetota,Actinobacteria,Frankiales,Geodermatophilaceae,Geodermatophilus,NA
ASVb1de9b5b1525,Bacteria,Bdellovibrionota,Bdellovibrionia,Bdellovibrionales,Pseudobdellovibrionaceae,NA,NA
ASV280626014add,Bacteria,Planctomycetota,Planctomycetes,Isosphaerales,Isosphaeraceae,NA,NA
ASVde6b410a3f3a,Bacteria,Pseudomonadota,Gammaproteobacteria,Burkholderiales,NA,NA,NA
ASV14d99343d055,Bacteria,Armatimonadota,Armatimonadia,Armatimonadales,Armatimonadaceae,NA,NA
ASVe6b6872ebe0f,Bacteria,Actinomycetota,Thermoleophilia,Gaiellales,NA,NA,NA
ASV433672e18625,Bacteria,Pseudomonadota,Alphaproteobacteria,Rickettsiales,Mitochondria,NA,NA
ASV000453b60295,Bacteria,Chloroflexota,TK10,NA,NA,NA,NA
ASV4d9b3714fc38,Bacteria,Pseudomonadota,Gammaproteobacteria,Pseudomonadales,Cellvibrionaceae,Cellvibrio,NA
ASV025a633d6c4f,Bacteria,Verrucomicrobiota,Verrucomicrobiia,Chthoniobacterales,Chthoniobacteraceae,Chthoniobacter,NA
ASV4861f07a015f,Bacteria,Planctomycetota,Phycisphaerae,Tepidisphaerales,CPla-3 termite group,NA,NA
ASV629db842f0ff,Bacteria,Actinomycetota,Actinobacteria,Micrococcales,Cellulomonadaceae,Cellulomonas,flavigena
ASV742295bc38c5,Bacteria,Actinomycetota,Actinobacteria,Frankiales,Geodermatophilaceae,Blastococcus,NA
ASVcdcdd622dcb5,Bacteria,Pseudomonadota,Gammaproteobacteria,Burkholderiales,Comamonadaceae,NA,NA
ASVb276ff75f2fa,Bacteria,Pseudomonadota,Alphaproteobacteria,Hyphomicrobiales,Beijerinckiaceae,Psychroglaciecola,NA
ASV51925a8a36dc,Bacteria,Acidobacteriota,Acidobacteriae,Bryobacterales,Bryobacteraceae,Bryobacter,NA
ASV3da84a2daa56,Bacteria,Myxococcota,Polyangiia,Polyangiales,Polyangiaceae,Pajaroellobacter,NA
ASV9bdaca21e113,Bacteria,Bacteroidota,Bacteroidia,Chitinophagales,Chitinophagaceae,NA,NA
ASVeaa8d7f6c7b6,Bacteria,Bacteroidota,Bacteroidia,Flavobacteriales,Flavobacteriaceae,Confluentibacter,NA
ASV17adae6de059,Bacteria,Pseudomonadota,Gammaproteobacteria,Burkholderiales,Comamonadaceae,NA,NA
ASV85024fead955,Bacteria,NA,NA,NA,NA,NA,NA
ASV2f0c6731beb6,Bacteria,Pseudomonadota,Gammaproteobacteria,Burkholderiales,Alcaligenaceae,Castellaniella,defragrans
ASVdef6992cee27,Bacteria,Chloroflexota,Ktedonobacteria,Ktedonobacterales,JG30-KF-AS9,NA,NA
ASV0854f1da2436,Bacteria,Pseudomonadota,Gammaproteobacteria,Burkholderiales,Alcaligenaceae,Castellaniella,NA
ASV6dbeb2c97b44,Bacteria,Myxococcota,Polyangiia,Polyangiales,Sandaracinaceae,Sandaracinus,amylolyticus
ASV950c0669127c,Bacteria,Gemmatimonadota,Longimicrobiia,Longimicrobiales,Longimicrobiaceae,NA,NA
ASVdd7de9379c64,Bacteria,Bacillota,Bacilli,Thermoactinomycetales,Thermoactinomycetaceae,Thermoactinomyces,vulgaris
ASV31d995ac06ca,Bacteria,Bacteroidota,Bacteroidia,Chitinophagales,Chitinophagaceae,Flavitalea,NA
ASVed90e65aaa8b,Bacteria,Bacillota,Bacilli,Bacillales,Bacillaceae,NA,NA
ASVa40c0dc66632,Bacteria,Pseudomonadota,Gammaproteobacteria,Burkholderiales,Alcaligenaceae,Castellaniella,NA
ASVdbd33cd70416,Bacteria,Pseudomonadota,Alphaproteobacteria,Sphingomonadales,Sphingomonadaceae,Sphingoaurantiacus,NA
ASV89d2817cd55c,Bacteria,Verrucomicrobiota,Verrucomicrobiia,Verrucomicrobiales,Verrucomicrobiaceae,NA,NA
ASVcdcae43deb48,Bacteria,Verrucomicrobiota,Verrucomicrobiia,Chthoniobacterales,Chthoniobacteraceae,Chthoniobacter,flavus
ASVa463fb069d51,Bacteria,Pseudomonadota,Alphaproteobacteria,Hyphomicrobiales,Xanthobacteraceae,Pseudolabrys,NA
ASV10b99b6f05f3,Bacteria,Pseudomonadota,Alphaproteobacteria,Hyphomicrobiales,Rhizobiaceae,NA,NA
ASVa65311f1a5c9,Bacteria,Bacteroidota,Bacteroidia,Chitinophagales,Chitinophagaceae,NA,NA
ASV3f4dd38567b4,Bacteria,NA,NA,NA,NA,NA,NA
ASV81bccc7fd69a,Bacteria,Pseudomonadota,Gammaproteobacteria,Pseudomonadales,Pseudomonadaceae,Pseudomonas,NA
ASVe5861684e499,Bacteria,Pseudomonadota,Gammaproteobacteria,Lysobacterales,Lysobacteraceae,Luteimonas,marina
ASVc902291c71af,Bacteria,Pseudomonadota,Gammaproteobacteria,Burkholderiales,Rhodocyclaceae,NA,NA
ASVe49f4a2625ef,Bacteria,Pseudomonadota,Gammaproteobacteria,Lysobacterales,Lysobacteraceae,Luteimonas,marina
ASVafa695c8b75c,Bacteria,Pseudomonadota,Gammaproteobacteria,Lysobacterales,Lysobacteraceae,Thermomonas,fusca
ASV25a4340b81be,Bacteria,Pseudomonadota,Gammaproteobacteria,Burkholderiales,Rhodocyclaceae,NA,NA
ASV7eb02b7ddb77,Bacteria,Pseudomonadota,Gammaproteobacteria,Burkholderiales,Oxalobacteraceae,NA,NA
ASVec02c6d49fb8,Bacteria,Pseudomonadota,Alphaproteobacteria,Hyphomicrobiales,Xanthobacteraceae,Pseudolabrys,NA
ASV6f4e1a7b3d15,Bacteria,Pseudomonadota,Alphaproteobacteria,Sphingomonadales,Sphingomonadaceae,Sphingobium,NA
ASV487fcaed38bd,Bacteria,Pseudomonadota,Alphaproteobacteria,Micropepsales,Micropepsaceae,NA,NA
ASV45b20290e936,Bacteria,Pseudomonadota,Gammaproteobacteria,Pseudomonadales,Pseudomonadaceae,Pseudomonas,NA
ASV16d2303fe043,Bacteria,Pseudomonadota,Gammaproteobacteria,Pseudomonadales,Pseudomonadaceae,Pseudomonas,stutzeri
ASVd53fca504924,Bacteria,Pseudomonadota,Alphaproteobacteria,Sphingomonadales,Sphingomonadaceae,Croceibacterium,NA
ASV09a08257f1fd,Bacteria,Pseudomonadota,Alphaproteobacteria,Hyphomicrobiales,Devosiaceae,Devosia,riboflavina
ASVcce95f2c81d3,Bacteria,Pseudomonadota,Alphaproteobacteria,Sphingomonadales,Sphingomonadaceae,DSSF69,NA
ASVbcef62407d49,Bacteria,Pseudomonadota,Alphaproteobacteria,Reyranellales,Reyranellaceae,Reyranella,NA
ASVab31592134c7,Bacteria,Pseudomonadota,Gammaproteobacteria,Burkholderiales,Comamonadaceae,Comamonas,NA
ASVa41aeb4024ca,Bacteria,Actinomycetota,Thermoleophilia,Solirubrobacterales,Solirubrobacteraceae,NA,NA
ASV4c2a9e0bc357,Bacteria,Pseudomonadota,Gammaproteobacteria,Lysobacterales,Rhodanobacteraceae,Rhodanobacter,NA
ASV0bc4e8a17301,Bacteria,Pseudomonadota,Gammaproteobacteria,Burkholderiales,Burkholderiaceae,Burkholderia-Caballeronia-Paraburkholderia,NA
ASVb5400a239f64,Bacteria,Planctomycetota,Phycisphaerae,Tepidisphaerales,WD2101 soil group,NA,NA
ASV454876dd8309,Bacteria,Armatimonadota,Fimbriimonadia,Fimbriimonadales,Fimbriimonadaceae,NA,NA
ASVbac30508202a,Bacteria,NA,NA,NA,NA,NA,NA
ASV8f23f929ca3b,Bacteria,Myxococcota,Polyangiia,Haliangiales,Haliangiaceae,NA,NA
ASVa7eaacaa7654,Bacteria,Patescibacteria,Saccharimonadia,Saccharimonadales,LWQ8,NA,NA
ASV7f02af01ec01,Bacteria,Pseudomonadota,Gammaproteobacteria,Burkholderiales,Nitrosomonadaceae,Ellin6067,NA
ASVe7ba86621c6f,Bacteria,Pseudomonadota,Gammaproteobacteria,Burkholderiales,Nitrosomonadaceae,Ellin6067,NA
ASV084068140a6f,Bacteria,Chloroflexota,Anaerolineae,Aggregatilineales,A4b,NA,NA
ASV348c2db4f729,Bacteria,Planctomycetota,Planctomycetes,Gemmatales,Gemmataceae,NA,NA
ASV2245505c5469,Bacteria,NA,NA,NA,NA,NA,NA
ASVaa096fc4bc62,Bacteria,Planctomycetota,Phycisphaerae,Phycisphaerales,Phycisphaeraceae,SM1A02,NA
ASV4d64ec96e3d1,Bacteria,Acidobacteriota,Acidobacteriae,Terriglobales,NA,NA,NA
ASV6c78deadaff0,Bacteria,Pseudomonadota,Alphaproteobacteria,Azospirillales,Azospirillaceae,Azospirillum,NA
ASV69ce35995c78,Bacteria,Gemmatimonadota,Gemmatimonadia,Gemmatimonadales,Gemmatimonadaceae,NA,NA
ASVb70532ec0f2f,Bacteria,Gemmatimonadota,S0134 terrestrial group,NA,NA,NA,NA
ASVe11ba64075f4,Bacteria,Bacteroidota,Bacteroidia,Chitinophagales,NA,NA,NA
ASVd73586163fb2,Bacteria,Chloroflexota,NA,NA,NA,NA,NA
ASV7da437504482,Bacteria,Pseudomonadota,Gammaproteobacteria,Enterobacterales,NA,NA,NA
ASVe47d0bad4995,Bacteria,Acidobacteriota,Acidobacteriae,Bryobacterales,Bryobacteraceae,Bryobacter,NA
ASV8791b51ccbf3,Bacteria,NA,NA,NA,NA,NA,NA
ASV8b22b2c25de4,Bacteria,Acidobacteriota,Holophagae,Subgroup 7,NA,NA,NA
ASV54e2781d2574,Bacteria,Patescibacteria,Saccharimonadia,Saccharimonadales,LWQ8,NA,NA
ASV3db19bf83664,Bacteria,Acidobacteriota,Acidobacteriae,Terriglobales,NA,NA,NA
ASV0fa3e8c173de,Bacteria,Chloroflexota,Chloroflexia,Thermomicrobiales,JG30-KF-CM45,NA,NA
ASV9042bf866e74,Bacteria,Armatimonadota,Armatimonadia,Armatimonadales,Armatimonadaceae,NA,NA
ASVe57c531ba614,Bacteria,Patescibacteria,Saccharimonadia,Saccharimonadales,NA,NA,NA
ASV870653280325,Bacteria,Planctomycetota,Planctomycetes,Isosphaerales,Isosphaeraceae,Tautonia,NA
ASV1f1bd6c9eeb7,Bacteria,Bacteroidota,Bacteroidia,Sphingobacteriales,Sphingobacteriaceae,Olivibacter,NA
ASVa888c472a335,Bacteria,Patescibacteria,Saccharimonadia,Saccharimonadales,Saccharimonadaceae,TM7a,NA
ASV44b82988b768,Bacteria,Bacteroidota,Bacteroidia,Sphingobacteriales,Sphingobacteriaceae,Pedobacter,NA
ASV481b3d353801,Bacteria,Gemmatimonadota,Gemmatimonadia,Gemmatimonadales,Gemmatimonadaceae,NA,NA
ASV16ab2d3657cf,Bacteria,Bacteroidota,Bacteroidia,Chitinophagales,Chitinophagaceae,Agriterribacter,NA
ASV175eed006f16,Bacteria,Pseudomonadota,Gammaproteobacteria,Lysobacterales,Lysobacteraceae,Pseudoxanthomonas,mexicana
ASV6ec03046b8f0,Bacteria,Armatimonadota,NA,NA,NA,NA,NA
ASV7d61ef6fa284,Bacteria,Gemmatimonadota,Gemmatimonadia,Gemmatimonadales,Gemmatimonadaceae,Gemmatimonas,NA
ASV5744427bb014,Bacteria,Planctomycetota,Planctomycetes,Pirellulales,Pirellulaceae,NA,NA
ASVf679dfd4fe2e,Bacteria,Patescibacteria,Saccharimonadia,Saccharimonadales,LWQ8,NA,NA
ASV48d23b20de46,Bacteria,Pseudomonadota,Gammaproteobacteria,Lysobacterales,Lysobacteraceae,Pseudoxanthomonas,mexicana
ASV6c922725fb52,Bacteria,Chloroflexota,TK10,NA,NA,NA,NA
ASVa349f0c7df19,Bacteria,Pseudomonadota,Alphaproteobacteria,NA,NA,NA,NA
ASVe28250b6b27f,Bacteria,Acidobacteriota,Acidobacteriae,Terriglobales,Acidobacteriaceae (Subgroup 1),Granulicella,NA
ASVbb6ac96a1c89,Bacteria,Actinomycetota,Thermoleophilia,Solirubrobacterales,NA,NA,NA
ASVd8eaec34463d,Bacteria,Actinomycetota,Actinobacteria,Mycobacteriales,Nocardiaceae,Nocardia,jiangxiensis
ASVf37c05d443c1,Bacteria,Patescibacteria,Saccharimonadia,Saccharimonadales,NA,NA,NA
ASV6a2b99e8680e,Bacteria,RCP2-54,NA,NA,NA,NA,NA
ASV33e181b95b64,Bacteria,Actinomycetota,Actinobacteria,Micromonosporales,Micromonosporaceae,Actinoplanes,ferrugineus
ASV0887d0a047d0,Bacteria,Pseudomonadota,Alphaproteobacteria,Caulobacterales,Caulobacteraceae,Phenylobacterium,NA
ASV36b17f449015,Bacteria,Thermodesulfobacteriota,Desulfuromonadia,Geobacterales,Geobacteraceae,Geomonas,NA
ASVb1553b0bc68c,Bacteria,Pseudomonadota,Alphaproteobacteria,Hyphomicrobiales,Beijerinckiaceae,Microvirga,NA
ASVcd30b0754786,Bacteria,Patescibacteria,Saccharimonadia,Saccharimonadales,NA,NA,NA
ASV5a94d6b38a89,Bacteria,Actinomycetota,Actinobacteria,Kitasatosporales,Streptomycetaceae,Streptomyces,NA
ASV98dd60863641,Bacteria,Pseudomonadota,Gammaproteobacteria,Burkholderiales,Comamonadaceae,NA,NA
ASVc76382d73fe2,Bacteria,Acidobacteriota,Acidobacteriae,Terriglobales,Acidobacteriaceae (Subgroup 1),NA,NA
ASVcbf387a78807,Bacteria,Chloroflexota,Ktedonobacteria,Ktedonobacterales,JG30-KF-AS9,NA,NA
ASV3be80d85ca53,Bacteria,Actinomycetota,Actinobacteria,Frankiales,Geodermatophilaceae,Geodermatophilus,NA
ASV23f05cb6a71b,Bacteria,Chloroflexota,KD4-96,NA,NA,NA,NA
ASVa7ffe21aedff,Bacteria,Bacillota,Bacilli,Alicyclobacillales,Alicyclobacillaceae,Alicyclobacillus,NA
ASV47fa9c538f6e,Bacteria,Chloroflexota,Chloroflexia,Thermomicrobiales,Thermomicrobiaceae,Nitrolancea,NA
ASV0845e6879380,Bacteria,Patescibacteria,Saccharimonadia,Saccharimonadales,Saccharimonadaceae,TM7a,NA
ASVa24aa611dbd7,Bacteria,Bacteroidota,Bacteroidia,Chitinophagales,Chitinophagaceae,NA,NA
ASVbd4e3917784e,Bacteria,Gemmatimonadota,Longimicrobiia,Longimicrobiales,Longimicrobiaceae,NA,NA
ASV86a5893e7e72,Bacteria,Actinomycetota,Thermoleophilia,Solirubrobacterales,67-14,NA,NA
ASVf95f8b81da8d,Bacteria,Bacteroidota,Bacteroidia,Chitinophagales,Chitinophagaceae,NA,NA
ASVb73f443fadd9,Bacteria,Pseudomonadota,Gammaproteobacteria,Burkholderiales,Alcaligenaceae,Pusillibacter,NA
ASVf82ce6b8f0ca,Bacteria,Pseudomonadota,Alphaproteobacteria,Sphingomonadales,Sphingomonadaceae,Sphingobium,NA
ASVfac5010b0495,Bacteria,Bacteroidota,Bacteroidia,Chitinophagales,Chitinophagaceae,Niabella,aurantiaca
ASV5fa666e08b71,Bacteria,Pseudomonadota,Alphaproteobacteria,Sphingomonadales,Sphingomonadaceae,Sphingobium,NA
ASVc9705d606e0c,Bacteria,Gemmatimonadota,Gemmatimonadia,Gemmatimonadales,Gemmatimonadaceae,NA,NA
ASV5a0e1161155d,Bacteria,Verrucomicrobiota,Verrucomicrobiia,Verrucomicrobiales,Verrucomicrobiaceae,NA,NA
ASV7bb6fcbe1251,Bacteria,Bacillota,Bacilli,Bacillales,Bacillaceae,NA,NA
ASVac4f7e6a4f76,Bacteria,Pseudomonadota,Gammaproteobacteria,Pseudomonadales,Pseudomonadaceae,Pseudomonas,NA
ASV3a0cde8324a2,Bacteria,Pseudomonadota,Gammaproteobacteria,Burkholderiales,Comamonadaceae,NA,NA
ASVebfc1d2d50f3,Bacteria,Pseudomonadota,Alphaproteobacteria,Hyphomicrobiales,Devosiaceae,Devosia,NA
ASVfb046c01b190,Bacteria,Myxococcota,Polyangiia,Polyangiales,Polyangiaceae,Pajaroellobacter,NA
ASVdb761a41e26c,Bacteria,Pseudomonadota,Gammaproteobacteria,Lysobacterales,Lysobacteraceae,NA,NA
ASVf56204245211,Bacteria,Pseudomonadota,Gammaproteobacteria,Pseudomonadales,Pseudomonadaceae,Pseudomonas,stutzeri
ASVcb2561d44295,Bacteria,Gemmatimonadota,S0134 terrestrial group,NA,NA,NA,NA
ASVde0a3c5a787f,Bacteria,Patescibacteria,Saccharimonadia,Saccharimonadales,NA,NA,NA
ASVea6781427f26,Bacteria,Pseudomonadota,Gammaproteobacteria,Pseudomonadales,Pseudomonadaceae,Pseudomonas,NA
ASV2d1b0b0f0ab1,Bacteria,Bdellovibrionota,Bdellovibrionia,Bdellovibrionales,Pseudobdellovibrionaceae,OM27 clade,NA
ASV539192c0c98a,Bacteria,Pseudomonadota,Gammaproteobacteria,Pseudomonadales,Pseudomonadaceae,Pseudomonas,NA
ASV452f2d048ba9,Bacteria,Pseudomonadota,Gammaproteobacteria,Lysobacterales,Lysobacteraceae,Thermomonas,NA
ASV760d459eac6a,Bacteria,Pseudomonadota,Gammaproteobacteria,Pseudomonadales,Pseudomonadaceae,Pseudomonas,stutzeri
ASVb311dee824af,Bacteria,Pseudomonadota,Gammaproteobacteria,Lysobacterales,Lysobacteraceae,Thermomonas,NA
ASV07a1b65f901a,Bacteria,Pseudomonadota,Gammaproteobacteria,Lysobacterales,Rhodanobacteraceae,Rhodanobacter,NA
ASV29d56877b53d,Bacteria,Pseudomonadota,Gammaproteobacteria,Lysobacterales,Rhodanobacteraceae,Rhodanobacter,NA
ASVe5424da6e3d5,Bacteria,Pseudomonadota,Gammaproteobacteria,Lysobacterales,Rhodanobacteraceae,Rhodanobacter,NA
ASV69eac3c620d4,Bacteria,Chloroflexota,Ktedonobacteria,Ktedonobacterales,JG30-KF-AS9,NA,NA
ASVd050929e073d,Bacteria,Pseudomonadota,Gammaproteobacteria,Burkholderiales,Comamonadaceae,Comamonas,NA
ASVa8aec6c7be2f,Bacteria,Pseudomonadota,Gammaproteobacteria,Lysobacterales,Rhodanobacteraceae,Rhodanobacter,NA
ASV26472360294d,Bacteria,Patescibacteria,Saccharimonadia,Saccharimonadales,NA,NA,NA
ASV389cdd852bcc,Bacteria,Pseudomonadota,Alphaproteobacteria,Caulobacterales,Caulobacteraceae,NA,NA
ASVc8a0a2faa23d,Bacteria,Pseudomonadota,Gammaproteobacteria,Rickettsiellales,Rickettsiellaceae,NA,NA
ASV6a216d88bae1,Bacteria,Pseudomonadota,Gammaproteobacteria,Burkholderiales,Oxalobacteraceae,Herbaspirillum,seropedicae
ASV5a96bc3f1169,Bacteria,Bacteroidota,Bacteroidia,Chitinophagales,NA,NA,NA
ASV7f8bf835a2a7,Bacteria,Bdellovibrionota,Oligoflexia,0319-6G20,NA,NA,NA
ASV59b34846d270,Bacteria,Pseudomonadota,Alphaproteobacteria,Caulobacterales,Caulobacteraceae,Caulobacter,NA
ASVce8bd52c7854,Bacteria,Pseudomonadota,Gammaproteobacteria,Burkholderiales,Burkholderiaceae,Burkholderia-Caballeronia-Paraburkholderia,sprentiae
ASVbe0f1b1363ef,Bacteria,Pseudomonadota,Alphaproteobacteria,Dongiales,Dongiaceae,Dongia,NA
ASVafac815a109a,Bacteria,Planctomycetota,Planctomycetes,Gemmatales,Gemmataceae,NA,NA
ASV3ec7fca6cb25,Bacteria,Planctomycetota,Planctomycetes,Isosphaerales,Isosphaeraceae,NA,NA
ASV7b0481836a43,Bacteria,Acidobacteriota,Acidobacteriae,Bryobacterales,Bryobacteraceae,Bryobacter,NA
ASV87ffae326832,Bacteria,Myxococcota,Polyangiia,Polyangiales,NA,NA,NA
ASVed6201e21721,Bacteria,Verrucomicrobiota,Verrucomicrobiia,Opitutales,Opitutaceae,NA,NA
ASV3e6d02512ec4,Bacteria,Acidobacteriota,Acidobacteriae,Solibacterales,Solibacteraceae,Candidatus Solibacter,NA
ASVc66452ab98e0,Bacteria,Actinomycetota,Actinobacteria,NA,NA,NA,NA
ASVd57cb0519ed1,Bacteria,Bacteroidota,Bacteroidia,Chitinophagales,Chitinophagaceae,NA,NA
ASVd0c4b1a314e2,Bacteria,Chloroflexota,JG30-KF-CM66,NA,NA,NA,NA
ASV8adf0644dd6a,Bacteria,Pseudomonadota,Gammaproteobacteria,Burkholderiales,Sutterellaceae,NA,NA
ASVcda17075fd68,Bacteria,Myxococcota,Polyangiia,NA,NA,NA,NA
ASV8a26b15a5ff3,Bacteria,Pseudomonadota,Gammaproteobacteria,Burkholderiales,Nitrosomonadaceae,Ellin6067,NA
ASV1d5ddef48a6f,Bacteria,Planctomycetota,Planctomycetes,Gemmatales,Gemmataceae,NA,NA
ASV3ff92f6801ca,Bacteria,Actinomycetota,Acidimicrobiia,Microtrichales,NA,NA,NA
ASV8b3d97c5cf74,Bacteria,Latescibacterota,NA,NA,NA,NA,NA
ASVef300449f17c,Bacteria,Pseudomonadota,Gammaproteobacteria,Enterobacterales,Yersiniaceae,Serratia,NA
ASV2aab2b16f11e,Bacteria,NA,NA,NA,NA,NA,NA
ASV92d1b0784fe3,Bacteria,Bacteroidota,Bacteroidia,Chitinophagales,Chitinophagaceae,Chitinophaga,NA
ASV2f335280bd93,Bacteria,Patescibacteria,Saccharimonadia,Saccharimonadales,LWQ8,NA,NA
ASV01a0d8c1e931,Bacteria,Patescibacteria,Saccharimonadia,Saccharimonadales,LWQ8,NA,NA
ASV06e208b64769,Bacteria,Dependentiae,Babeliae,Babeliales,Vermiphilaceae,NA,NA
ASV08e27efebd1f,Bacteria,Pseudomonadota,Gammaproteobacteria,Burkholderiales,SC-I-84,NA,NA
ASV424592fec0e1,Bacteria,Planctomycetota,Planctomycetes,Gemmatales,Gemmataceae,NA,NA
ASV8a3295514cd7,Bacteria,Bacteroidota,Bacteroidia,Chitinophagales,Chitinophagaceae,NA,NA
ASV340f6e9a79ae,Bacteria,Planctomycetota,Planctomycetes,Gemmatales,Gemmataceae,NA,NA
ASV69fc9e0259b0,Bacteria,Planctomycetota,BD7-11,NA,NA,NA,NA
ASVfd55259b1d4c,Bacteria,Cyanobacteriota,Cyanobacteriia,Synechococcales,Cyanobiaceae,Cyanobium PCC-6307,NA
ASV285bd39c2454,Bacteria,Chloroflexota,Anaerolineae,Anaerolineales,Anaerolineaceae,NA,NA
ASVf5d074aa5f7e,Bacteria,Pseudomonadota,Gammaproteobacteria,Enterobacterales,NA,NA,NA
ASVd9ab514b4c98,Bacteria,Acidobacteriota,Acidobacteriae,Terriglobales,NA,NA,NA
ASVb55bb90bead1,Bacteria,Chloroflexota,Ktedonobacteria,Ktedonobacterales,JG30-KF-AS9,NA,NA
ASVcba1729ba984,Bacteria,Chloroflexota,Ktedonobacteria,Ktedonobacterales,Ktedonobacteraceae,NA,NA
ASV6cd66d0dfee8,Bacteria,Patescibacteria,Saccharimonadia,Saccharimonadales,LWQ8,NA,NA
ASV8cc7a0414857,Bacteria,Chloroflexota,Ktedonobacteria,Ktedonobacterales,JG30-KF-AS9,NA,NA
ASV1aa12069fc83,Bacteria,Patescibacteria,Saccharimonadia,Saccharimonadales,LWQ8,NA,NA
ASV5512073056bc,Bacteria,Planctomycetota,Planctomycetes,Gemmatales,Gemmataceae,NA,NA
ASV6ac6a085a7a5,Bacteria,Pseudomonadota,Gammaproteobacteria,Lysobacterales,Lysobacteraceae,Pseudoxanthomonas,mexicana
ASVcbfc0ce133f4,Bacteria,Myxococcota,Polyangiia,Haliangiales,Haliangiaceae,NA,NA
ASV958aa23e7d19,Bacteria,NA,NA,NA,NA,NA,NA
ASV2df0a43f2ce7,Bacteria,Planctomycetota,Planctomycetes,Gemmatales,Gemmataceae,Gemmata,NA
ASV62c687960741,Bacteria,Planctomycetota,Planctomycetes,Gemmatales,Gemmataceae,Gemmata,NA
ASV735ddb47f1fb,Bacteria,Planctomycetota,Planctomycetes,Gemmatales,Gemmataceae,Gemmata,NA
ASV2d56bdc86ad9,Bacteria,Pseudomonadota,Gammaproteobacteria,Burkholderiales,TRA3-20,NA,NA
ASV168217c911bc,Bacteria,Gemmatimonadota,Gemmatimonadia,Gemmatimonadales,Gemmatimonadaceae,NA,NA
ASVf4bb02d02444,Bacteria,Actinomycetota,Actinobacteria,Kineosporiales,Kineosporiaceae,Quadrisphaera,granulorum
ASVf5419b55f867,Bacteria,Bacillota,Clostridia,Clostridiales,Clostridiaceae,Clostridium,swellfunianum
ASVdb36d80849fa,Bacteria,Patescibacteria,Saccharimonadia,Saccharimonadales,LWQ8,NA,NA
ASVe485d5088342,Bacteria,Chloroflexota,Ktedonobacteria,B10-SB3A,NA,NA,NA
ASV18ac58d9f6e9,Bacteria,Actinomycetota,Actinobacteria,Frankiales,Frankiaceae,Jatrophihabitans,NA
ASV8348ae3038f1,Bacteria,Actinomycetota,Actinobacteria,Micromonosporales,Micromonosporaceae,Actinoplanes,ferrugineus
ASV3f7a5f044c51,Bacteria,Pseudomonadota,Gammaproteobacteria,Lysobacterales,Rhodanobacteraceae,Rhodanobacter,lindaniclasticus
ASVe5a7b040550a,Bacteria,Actinomycetota,Actinobacteria,Streptosporangiales,Streptosporangiaceae,Nonomuraea,NA
ASV1626a373dd84,Bacteria,Patescibacteria,Saccharimonadia,Saccharimonadales,LWQ8,NA,NA
ASV038b7621301b,Bacteria,Patescibacteria,Saccharimonadia,Saccharimonadales,LWQ8,NA,NA
ASVb60090ff4fc6,Bacteria,Abditibacteriota,Abditibacteriia,Abditibacteriales,Abditibacteriaceae,Abditibacterium,NA
ASVe7e38a70733e,Bacteria,Bacteroidota,Bacteroidia,Chitinophagales,Chitinophagaceae,NA,NA
ASVdd6294466755,Bacteria,Pseudomonadota,Gammaproteobacteria,Burkholderiales,SC-I-84,NA,NA
ASV8b874c92f912,Bacteria,Myxococcota,Polyangiia,Polyangiales,BIrii41,NA,NA
ASVf9d334e5e37c,Bacteria,Chloroflexota,Ktedonobacteria,C0119,NA,NA,NA
ASVff9b28f66d82,Bacteria,Verrucomicrobiota,Verrucomicrobiia,Chthoniobacterales,Chthoniobacteraceae,LD29,NA
ASV3edf30deb51e,Bacteria,Bdellovibrionota,Bdellovibrionia,Bdellovibrionales,Pseudobdellovibrionaceae,NA,NA
ASVbda72f8b0ef0,Bacteria,Actinomycetota,Acidimicrobiia,Acidimicrobiales,Acidimicrobiaceae,NA,NA
ASV3119748ac63d,Bacteria,Chloroflexota,Ktedonobacteria,C0119,NA,NA,NA
ASVb4b0a5edfcb0,Bacteria,Pseudomonadota,Alphaproteobacteria,Sphingomonadales,Sphingomonadaceae,NA,NA
ASV0d0f3efe445d,Bacteria,Bdellovibrionota,Bdellovibrionia,Bdellovibrionales,Pseudobdellovibrionaceae,NA,NA
ASVf7c61fc81561,Bacteria,Planctomycetota,Planctomycetes,Gemmatales,Gemmataceae,NA,NA
ASV51085aafbb58,Bacteria,Chloroflexota,Ktedonobacteria,Ktedonobacterales,JG30-KF-AS9,NA,NA
ASVf60558f13da5,Bacteria,Bacteroidota,Bacteroidia,Flavobacteriales,Crocinitomicaceae,Fluviicola,riflensis
ASVd2e10254c7e7,Bacteria,Cyanobacteriota,Cyanobacteriia,Synechococcales,Cyanobiaceae,Cyanobium PCC-6307,NA
ASVb18429ca2326,Bacteria,Planctomycetota,Planctomycetes,Isosphaerales,Isosphaeraceae,Tautonia,NA
ASVb9726d0ae2fa,Bacteria,Bacillota,Bacilli,Alicyclobacillales,Alicyclobacillaceae,Alicyclobacillus,NA
ASV0047b4b0f878,Bacteria,Bacteroidota,Bacteroidia,Chitinophagales,Chitinophagaceae,NA,NA
ASV44c2569b3f46,Bacteria,Pseudomonadota,Gammaproteobacteria,Burkholderiales,Comamonadaceae,NA,NA
ASVd16026e5328d,Bacteria,Bacillota,Bacilli,Alicyclobacillales,Alicyclobacillaceae,Alicyclobacillus,fastidiosus
ASV225c4fd6b56e,Bacteria,Actinomycetota,Actinobacteria,Frankiales,Acidothermaceae,Acidothermus,NA
ASVf8ce0076c310,Bacteria,Bacteroidota,Bacteroidia,Flavobacteriales,Flavobacteriaceae,Confluentibacter,NA
ASV3cf37e0055c8,Bacteria,Pseudomonadota,Gammaproteobacteria,Lysobacterales,Rhodanobacteraceae,Chujaibacter,NA
ASV8ca8fd2a202a,Bacteria,Pseudomonadota,Gammaproteobacteria,Burkholderiales,Comamonadaceae,NA,NA
ASVd788267c341d,Bacteria,Pseudomonadota,Alphaproteobacteria,NA,NA,NA,NA
ASV6644d8208f9f,Bacteria,Pseudomonadota,Alphaproteobacteria,Caulobacterales,Caulobacteraceae,Asticcacaulis,NA
ASV76788a920698,Bacteria,Actinomycetota,Actinobacteria,Frankiales,Acidothermaceae,Acidothermus,NA
ASV346dedcca24c,Bacteria,Patescibacteria,Saccharimonadia,Saccharimonadales,LWQ8,NA,NA
ASV1ff597dc0f2b,Bacteria,Armatimonadota,Armatimonadia,Armatimonadales,Armatimonadaceae,NA,NA
ASVa245a546a006,Bacteria,Chloroflexota,Chloroflexia,Chloroflexales,Roseiflexaceae,NA,NA
ASVa7534fca9112,Bacteria,Bacteroidota,Bacteroidia,Chitinophagales,Chitinophagaceae,NA,NA
ASV5241909b9aeb,Bacteria,Verrucomicrobiota,Verrucomicrobiia,Chthoniobacterales,Xiphinematobacteraceae,Candidatus Xiphinematobacter,NA
ASVdb7abf941c32,Bacteria,Verrucomicrobiota,Verrucomicrobiia,Verrucomicrobiales,Verrucomicrobiaceae,NA,NA
ASVea26774cab20,Bacteria,Pseudomonadota,Gammaproteobacteria,Burkholderiales,Alcaligenaceae,Castellaniella,NA
ASV19a2cb31e741,Bacteria,Bacteroidota,Bacteroidia,Cytophagales,Microscillaceae,NA,NA
ASV977d2bbdfdce,Bacteria,Bacillota,Bacilli,Paenibacillales,Paenibacillaceae,NA,NA
ASVd9f8d804b8bc,Bacteria,Myxococcota,Polyangiia,Polyangiales,Sandaracinaceae,NA,NA
ASV9085cb53b259,Bacteria,Pseudomonadota,Alphaproteobacteria,Acetobacterales,Acetobacteraceae,NA,NA
ASV983892b18011,Bacteria,Planctomycetota,Planctomycetes,Isosphaerales,Isosphaeraceae,Tautonia,NA
ASV8cb49841753e,Bacteria,Cyanobacteriota,Cyanobacteriia,Synechococcales,Cyanobiaceae,Cyanobium PCC-6307,NA
ASV6ad6159b491c,Bacteria,Pseudomonadota,Gammaproteobacteria,Pseudomonadales,Cellvibrionaceae,Cellvibrio,NA
ASVcdf93cb76d2f,Bacteria,Chloroflexota,Ktedonobacteria,Ktedonobacterales,JG30-KF-AS9,NA,NA
ASV378b386bfa85,Bacteria,Bacillota,NA,NA,NA,NA,NA
ASV161acaf4ddcf,Bacteria,Chloroflexota,Ktedonobacteria,Ktedonobacterales,JG30-KF-AS9,NA,NA
ASV8d837a0fcfb1,Bacteria,Pseudomonadota,Gammaproteobacteria,Pseudomonadales,Pseudomonadaceae,Pseudomonas,citronellolis
ASV201b513b16ff,Bacteria,Pseudomonadota,Gammaproteobacteria,Lysobacterales,Lysobacteraceae,Luteimonas,marina
ASV9d74baf0413f,Bacteria,Planctomycetota,Planctomycetes,Planctomycetales,Rubinisphaeraceae,Planctomicrobium,NA
ASV6f9bca031646,Bacteria,Pseudomonadota,Gammaproteobacteria,Pseudomonadales,Pseudomonadaceae,Pseudomonas,NA
ASV37e3ee475248,Bacteria,Chloroflexota,Ktedonobacteria,Ktedonobacterales,JG30-KF-AS9,NA,NA
ASV23d58a84bea3,Bacteria,Pseudomonadota,Gammaproteobacteria,Burkholderiales,Rhodocyclaceae,NA,NA
ASV6305de5ebc11,Bacteria,Pseudomonadota,Alphaproteobacteria,Sphingomonadales,Sphingomonadaceae,Sphingopyxis,granuli
ASV92dd8eff3233,Bacteria,Pseudomonadota,Gammaproteobacteria,Burkholderiales,Rhodocyclaceae,Dechloromonas,NA
ASV2e89d3d2c9f9,Bacteria,Pseudomonadota,Gammaproteobacteria,Lysobacterales,Lysobacteraceae,Stenotrophomonas,acidaminiphila
ASV854d2de62d46,Bacteria,Pseudomonadota,Gammaproteobacteria,Burkholderiales,Rhodocyclaceae,NA,NA
ASVed3bfa00f507,Bacteria,Pseudomonadota,Gammaproteobacteria,Pseudomonadales,Pseudomonadaceae,Pseudomonas,stutzeri
ASV4d89c60a83a2,Bacteria,Chloroflexota,Ktedonobacteria,Ktedonobacterales,JG30-KF-AS9,NA,NA
ASV25a7b11a0ff7,Bacteria,Pseudomonadota,Gammaproteobacteria,Lysobacterales,Lysobacteraceae,Luteimonas,NA
ASV64772908338f,Bacteria,Myxococcota,Polyangiia,NA,NA,NA,NA
ASV9cf5063aa96f,Bacteria,Pseudomonadota,Gammaproteobacteria,Burkholderiales,Rhodocyclaceae,Dechloromonas,NA
ASVb40896230d48,Bacteria,Acidobacteriota,Vicinamibacteria,Vicinamibacterales,NA,NA,NA
ASV33baa221c716,Bacteria,Chloroflexota,Ktedonobacteria,Ktedonobacterales,JG30-KF-AS9,NA,NA
ASVb0fcbd0e6ae9,Bacteria,Chloroflexota,Chloroflexia,Chloroflexales,Roseiflexaceae,NA,NA
ASVbb296c71f858,Bacteria,Pseudomonadota,Gammaproteobacteria,Burkholderiales,Comamonadaceae,Comamonas,NA
ASVae846489c0ba,Bacteria,Pseudomonadota,Gammaproteobacteria,Lysobacterales,Rhodanobacteraceae,Rhodanobacter,NA
ASV40c062f3b9b5,Bacteria,Pseudomonadota,Gammaproteobacteria,Lysobacterales,Rhodanobacteraceae,Rhodanobacter,NA
ASV1f9085b68d26,Bacteria,Chloroflexota,Chloroflexia,Thermomicrobiales,Thermomicrobiaceae,Sphaerobacter,NA
ASV658401ea7b5b,Bacteria,Pseudomonadota,Gammaproteobacteria,Lysobacterales,Rhodanobacteraceae,Rhodanobacter,NA
ASVa984e809dbaa,Bacteria,Actinomycetota,Actinobacteria,Frankiales,Acidothermaceae,Acidothermus,NA
ASV8fa2ba5edd73,Bacteria,Myxococcota,Polyangiia,Polyangiales,Polyangiaceae,Pajaroellobacter,NA
ASVb7349edee899,Bacteria,Pseudomonadota,Gammaproteobacteria,Lysobacterales,Rhodanobacteraceae,Rhodanobacter,lindaniclasticus
ASV58895c1f2ea1,Bacteria,Pseudomonadota,Gammaproteobacteria,Lysobacterales,Rhodanobacteraceae,Rhodanobacter,NA
ASVb819ed440ad5,Bacteria,Chloroflexota,NA,NA,NA,NA,NA
ASV94082e92bfaa,Bacteria,Patescibacteria,Saccharimonadia,Saccharimonadales,LWQ8,NA,NA
ASV141a76d88932,Bacteria,Pseudomonadota,Alphaproteobacteria,Micropepsales,Micropepsaceae,NA,NA
ASV549d1fce3c81,Bacteria,Bacteroidota,Bacteroidia,Chitinophagales,Chitinophagaceae,Puia,NA
ASVbb079b7adbf5,Bacteria,Acidobacteriota,Acidobacteriae,Terriglobales,NA,NA,NA
ASV4a4e79135dda,Bacteria,Patescibacteria,Saccharimonadia,Saccharimonadales,LWQ8,NA,NA
ASVc64a16e8803d,Bacteria,Myxococcota,Polyangiia,Haliangiales,Haliangiaceae,NA,NA
ASVac02008cc039,Bacteria,Planctomycetota,Planctomycetes,Isosphaerales,Isosphaeraceae,Tautonia,NA
ASV75e9bd8e9207,Bacteria,Pseudomonadota,Alphaproteobacteria,Elsterales,NA,NA,NA
ASV8e20d9cf02dc,Bacteria,Verrucomicrobiota,Verrucomicrobiia,Chthoniobacterales,Chthoniobacteraceae,Candidatus Udaeobacter,NA
ASV328329f76ec7,Bacteria,Myxococcota,Polyangiia,Blfdi19,NA,NA,NA
ASV403da1c14098,Bacteria,Verrucomicrobiota,Verrucomicrobiia,Pedosphaerales,Pedosphaeraceae,NA,NA
ASVea8c6f0a474f,Bacteria,Acidobacteriota,Vicinamibacteria,Subgroup 17,NA,NA,NA
ASV1051d6c6c372,Bacteria,Cyanobacteriota,Vampirivibrionia,Obscuribacterales,Obscuribacteraceae,NA,NA
ASV9911c0e63243,Bacteria,Actinomycetota,MB-A2-108,NA,NA,NA,NA
ASV2f029b347b3f,Bacteria,Gemmatimonadota,Gemmatimonadia,Gemmatimonadales,Gemmatimonadaceae,NA,NA
ASVde58a4359fa9,Bacteria,Patescibacteria,Saccharimonadia,Saccharimonadales,LWQ8,NA,NA
ASVda4792ae63c5,Bacteria,Armatimonadota,Fimbriimonadia,Fimbriimonadales,Fimbriimonadaceae,NA,NA
ASV4a4633a03e91,Bacteria,Candidatus Eremiobacterota,Eremiobacteria,NA,NA,NA,NA
ASVad3b125275ac,Bacteria,Pseudomonadota,Gammaproteobacteria,Burkholderiales,Burkholderiaceae,Burkholderia-Caballeronia-Paraburkholderia,sprentiae
ASVde86a2661c67,Bacteria,Pseudomonadota,Alphaproteobacteria,Rhodospirillales,NA,NA,NA
ASV02b87225302e,Bacteria,Pseudomonadota,Gammaproteobacteria,Burkholderiales,NA,NA,NA
ASV9d545c3915e3,Bacteria,NA,NA,NA,NA,NA,NA
ASVd6545d78f4cb,Bacteria,Chloroflexota,Dehalococcoidia,S085,NA,NA,NA
ASVc10442571212,Bacteria,Actinomycetota,Actinobacteria,Frankiales,Acidothermaceae,Acidothermus,NA
ASV65620446780b,Bacteria,Pseudomonadota,Gammaproteobacteria,Legionellales,Legionellaceae,Legionella,NA
ASVff8bfc92cf58,Bacteria,Pseudomonadota,Alphaproteobacteria,Hyphomicrobiales,Rhizobiaceae,Mesorhizobium,NA
ASV45ab9008bb1f,Bacteria,Bacteroidota,Bacteroidia,Sphingobacteriales,env.OPS 17,NA,NA
ASV7555869ef24c,Bacteria,Elusimicrobiota,Lineage IIa,NA,NA,NA,NA
ASV7b0c4621824b,Bacteria,Pseudomonadota,Alphaproteobacteria,Elsterales,NA,NA,NA
ASV48babb267af2,Bacteria,Acidobacteriota,Acidobacteriae,Bryobacterales,Bryobacteraceae,Bryobacter,NA
ASVc8226f7d263a,Bacteria,Bacteroidota,Bacteroidia,Chitinophagales,Chitinophagaceae,Niabella,aurantiaca
ASV0a24bb631bb0,Bacteria,Pseudomonadota,Gammaproteobacteria,Pseudomonadales,NA,NA,NA
ASV66d96ac18fda,Bacteria,Gemmatimonadota,Gemmatimonadia,Gemmatimonadales,Gemmatimonadaceae,Gemmatimonas,NA
ASVe7b194a2a326,Bacteria,Pseudomonadota,Gammaproteobacteria,Burkholderiales,Burkholderiaceae,Burkholderia-Caballeronia-Paraburkholderia,silvatlantica
ASV97155bef801f,Bacteria,Patescibacteria,Saccharimonadia,Saccharimonadales,Saccharimonadaceae,TM7a,NA
ASVf2e4a9a4e10f,Bacteria,Pseudomonadota,Alphaproteobacteria,Hyphomicrobiales,Rhizobiaceae,Brucella,NA
ASV59dbd5797c7c,Bacteria,Bacteroidota,Bacteroidia,Sphingobacteriales,Sphingobacteriaceae,Pedobacter,NA
ASV42e008374d3f,Bacteria,Patescibacteria,Saccharimonadia,Saccharimonadales,WWH38,NA,NA
ASV98d2bd1f0869,Bacteria,Bdellovibrionota,Bdellovibrionia,Bdellovibrionales,Pseudobdellovibrionaceae,NA,NA
ASV293f4c7c162e,Bacteria,Myxococcota,Polyangiia,Blfdi19,NA,NA,NA
ASV6961622a7c05,Bacteria,NA,NA,NA,NA,NA,NA
ASVac31214ec5e6,Bacteria,Patescibacteria,Saccharimonadia,Saccharimonadales,LWQ8,NA,NA
ASVa9450af4c110,Bacteria,Patescibacteria,Saccharimonadia,Saccharimonadales,LWQ8,NA,NA
ASVe02eafea0a24,Bacteria,Chloroflexota,Ktedonobacteria,B10-SB3A,NA,NA,NA
ASV1b25b0aa23f9,Bacteria,Chloroflexota,AD3,NA,NA,NA,NA
ASV598e04e4179d,Bacteria,Armatimonadota,Fimbriimonadia,Fimbriimonadales,Fimbriimonadaceae,NA,NA
ASV79376dd6e479,Bacteria,Patescibacteria,Saccharimonadia,Saccharimonadales,WWH38,NA,NA
ASV38807c09cb58,Bacteria,Pseudomonadota,Alphaproteobacteria,Elsterales,NA,NA,NA
ASVf52af129b716,Bacteria,Gemmatimonadota,Gemmatimonadia,Gemmatimonadales,Gemmatimonadaceae,NA,NA
ASVeaf07b25e4f0,Bacteria,Actinomycetota,Actinobacteria,Micrococcales,Micrococcaceae,Sinomonas,atrocyanea
ASV09456fb53db4,Bacteria,Patescibacteria,Saccharimonadia,Saccharimonadales,NA,NA,NA
ASV30189f3dc130,Bacteria,NA,NA,NA,NA,NA,NA
ASVa10ecf040a7f,Bacteria,NA,NA,NA,NA,NA,NA
ASVd96e339e474f,Bacteria,Actinomycetota,Acidimicrobiia,Microtrichales,Ilumatobacteraceae,NA,NA
ASVe9df9a4b38ee,Bacteria,NA,NA,NA,NA,NA,NA
ASV98ada7edac06,Bacteria,NA,NA,NA,NA,NA,NA
ASV5c9f7bffc12a,Bacteria,Planctomycetota,Planctomycetes,Isosphaerales,Isosphaeraceae,Singulisphaera,NA
ASVbaf111104acb,Bacteria,Gemmatimonadota,Gemmatimonadia,Gemmatimonadales,Gemmatimonadaceae,NA,NA
ASV48839bffa6b6,Bacteria,NA,NA,NA,NA,NA,NA
ASVef12911f52fd,Bacteria,Candidatus Eremiobacterota,Eremiobacteria,NA,NA,NA,NA
ASVb0630cf96d38,Bacteria,Myxococcota,Polyangiia,Haliangiales,Haliangiaceae,NA,NA
ASV22ae7e2cdbfd,Bacteria,Chloroflexota,Ktedonobacteria,Ktedonobacterales,JG30-KF-AS9,NA,NA
ASVf89216d8c66f,Bacteria,Pseudomonadota,Gammaproteobacteria,Lysobacterales,Rhodanobacteraceae,Chujaibacter,NA
ASV109c5437cc69,Bacteria,Chloroflexota,Chloroflexia,Elev-1554,NA,NA,NA
ASV28247b190e87,Bacteria,Pseudomonadota,Gammaproteobacteria,Burkholderiales,Comamonadaceae,NA,NA
ASV63b0191c6ece,Bacteria,Pseudomonadota,Alphaproteobacteria,Caulobacterales,Caulobacteraceae,NA,NA
ASV234db6f34059,Bacteria,Patescibacteria,Saccharimonadia,Saccharimonadales,NA,NA,NA
ASVe1b0a6492765,Bacteria,Actinomycetota,Actinobacteria,Frankiales,Frankiaceae,Jatrophihabitans,NA
ASVe8b6e3813036,Bacteria,Bacteroidota,Bacteroidia,Cytophagales,Microscillaceae,NA,NA
ASV03d980e296c2,Bacteria,Bacteroidota,Bacteroidia,Flavobacteriales,Flavobacteriaceae,Flavobacterium,NA
ASVb4cf670a4547,Bacteria,Bacteroidota,Bacteroidia,Bacteroidales,Marinilabiliaceae,Ruminofilibacter,NA
ASV795e31e8bc65,Bacteria,Bdellovibrionota,Bdellovibrionia,Bdellovibrionales,Pseudobdellovibrionaceae,Bdellovibrio,bacteriovorus
ASV4101086b4321,Bacteria,Verrucomicrobiota,Verrucomicrobiia,Verrucomicrobiales,Verrucomicrobiaceae,NA,NA
ASV64445c14c4f1,Bacteria,Bacteroidota,Bacteroidia,Chitinophagales,Chitinophagaceae,Parafilimonas,NA
ASV5997c8f308d1,Bacteria,Verrucomicrobiota,Verrucomicrobiia,Verrucomicrobiales,Verrucomicrobiaceae,NA,NA
ASV919af52d9e1d,Bacteria,Pseudomonadota,Gammaproteobacteria,Burkholderiales,Alcaligenaceae,Castellaniella,defragrans
ASVc18628b37497,Bacteria,Chloroflexota,Chloroflexia,Thermomicrobiales,JG30-KF-CM45,NA,NA
ASV81bc88c1e742,Bacteria,Bacillota,Bacilli,Paenibacillales,Paenibacillaceae,Paenibacillus,NA
ASVe45f5a11edaf,Bacteria,Pseudomonadota,Gammaproteobacteria,Pseudomonadales,Pseudomonadaceae,Pseudomonas,pertucinogena
ASV58438a7fe838,Bacteria,Verrucomicrobiota,Verrucomicrobiia,Verrucomicrobiales,Verrucomicrobiaceae,NA,NA
ASV465e72812a96,Bacteria,Bdellovibrionota,Bdellovibrionia,Bdellovibrionales,Pseudobdellovibrionaceae,NA,NA
ASV88e49ef6c306,Bacteria,Pseudomonadota,Gammaproteobacteria,Burkholderiales,Alcaligenaceae,Castellaniella,defragrans
ASV9938ca064ab6,Bacteria,Pseudomonadota,Alphaproteobacteria,Sphingomonadales,Sphingomonadaceae,Sphingobium,NA
ASV8c7426e1e9e0,Bacteria,Pseudomonadota,Gammaproteobacteria,Burkholderiales,Rhodocyclaceae,NA,NA
ASVc91bc9831096,Bacteria,Pseudomonadota,Gammaproteobacteria,Burkholderiales,Rhodocyclaceae,NA,NA
ASV73dc6ebfd746,Bacteria,Pseudomonadota,Gammaproteobacteria,Burkholderiales,Comamonadaceae,NA,NA
ASV7ab4316050c4,Bacteria,Bacteroidota,Bacteroidia,Chitinophagales,Chitinophagaceae,Flavitalea,NA
ASV9a7878123404,Bacteria,Pseudomonadota,Alphaproteobacteria,Sphingomonadales,Sphingomonadaceae,DSSF69,NA
ASVa0985bc81342,Bacteria,Verrucomicrobiota,Verrucomicrobiia,Verrucomicrobiales,DEV007,NA,NA
ASV2a28f4023b1c,Bacteria,Pseudomonadota,Gammaproteobacteria,Burkholderiales,Oxalobacteraceae,Massilia,putida
ASV1513eaa0086f,Bacteria,Myxococcota,Myxococcia,Myxococcales,Myxococcaceae,NA,NA
ASV4939ff7dcc77,Bacteria,Pseudomonadota,Alphaproteobacteria,Sphingomonadales,Sphingomonadaceae,Sphingobium,NA
ASV3d0164b5c25e,Bacteria,Pseudomonadota,Gammaproteobacteria,Burkholderiales,Rhodocyclaceae,Dechloromonas,NA
ASV8e6260760249,Bacteria,Pseudomonadota,Alphaproteobacteria,Hyphomicrobiales,Rhizobiaceae,NA,NA
ASV3e86e533424c,Bacteria,Pseudomonadota,Gammaproteobacteria,Lysobacterales,Lysobacteraceae,Luteimonas,marina
ASVac38b7d5e4c0,Bacteria,Pseudomonadota,Gammaproteobacteria,Burkholderiales,Rhodocyclaceae,Dechloromonas,NA
ASV1644390347fc,Bacteria,Cyanobacteriota,Sericytochromatia,NA,NA,NA,NA
ASV8e5bf7cf3e41,Bacteria,Actinomycetota,Actinobacteria,Streptosporangiales,Thermomonosporaceae,[Streptomyces] thermoautotrophicus,NA
ASV94c7a7313fe3,Bacteria,Verrucomicrobiota,Verrucomicrobiia,Verrucomicrobiales,Rubritaleaceae,Luteolibacter,pohnpeiensis
ASVf00387f40109,Bacteria,Pseudomonadota,Alphaproteobacteria,Sphingomonadales,Sphingomonadaceae,NA,NA
ASVbed7cd4ee522,Bacteria,Chloroflexota,Chloroflexia,Thermomicrobiales,JG30-KF-CM45,NA,NA
ASV0dd86a19f0da,Bacteria,Pseudomonadota,Alphaproteobacteria,Hyphomicrobiales,Hyphomicrobiaceae,Hyphomicrobium,denitrificans
ASV47a3dc4c813e,Bacteria,Pseudomonadota,Gammaproteobacteria,Burkholderiales,Comamonadaceae,Comamonas,NA
ASVa2fa5c1622b7,Bacteria,Pseudomonadota,Gammaproteobacteria,Lysobacterales,Rhodanobacteraceae,Rhodanobacter,NA
ASVe5524d9b09ef,Bacteria,Gemmatimonadota,Gemmatimonadia,Gemmatimonadales,Gemmatimonadaceae,NA,NA
ASV4ba17adf4c4c,Bacteria,Pseudomonadota,Gammaproteobacteria,Enterobacterales,Idiomarinaceae,Pseudidiomarina,NA
ASVe781f2187da5,Bacteria,Pseudomonadota,Alphaproteobacteria,Caulobacterales,Caulobacteraceae,NA,NA
ASV52d958b3f04d,Bacteria,Bacteroidota,Bacteroidia,Sphingobacteriales,env.OPS 17,NA,NA
ASV0979122b20b1,Bacteria,Planctomycetota,Planctomycetes,Gemmatales,Gemmataceae,NA,NA
ASV0572802dfb4c,Bacteria,Gemmatimonadota,Gemmatimonadia,Gemmatimonadales,Gemmatimonadaceae,Gemmatimonas,NA
ASVc333baff37f3,Bacteria,Candidatus Eremiobacterota,Eremiobacteria,NA,NA,NA,NA
ASV48d7bc927ef4,Bacteria,Planctomycetota,Pla4 lineage,NA,NA,NA,NA
ASVfafe368727dd,Bacteria,NA,NA,NA,NA,NA,NA
ASV5c61519aa492,Bacteria,Gemmatimonadota,Gemmatimonadia,Gemmatimonadales,Gemmatimonadaceae,NA,NA
ASV856f66d6bfe1,Bacteria,Gemmatimonadota,Gemmatimonadia,Gemmatimonadales,Gemmatimonadaceae,NA,NA
ASV4f61411b2617,Bacteria,Chloroflexota,Chloroflexia,Chloroflexales,Roseiflexaceae,NA,NA
ASVd334fe4c6c30,Bacteria,Gemmatimonadota,Longimicrobiia,Longimicrobiales,Longimicrobiaceae,YC-ZSS-LKJ147,NA
ASVb008e60f635f,Bacteria,Pseudomonadota,Alphaproteobacteria,Incertae Sedis,Incertae Sedis,Hypericibacter,NA
ASVfecc13eb19b8,Bacteria,Planctomycetota,Planctomycetes,Gemmatales,Gemmataceae,NA,NA
ASVb172751b7e0a,Bacteria,Acidobacteriota,Acidobacteriae,NA,NA,NA,NA
ASV498034e7bd92,Bacteria,Acidobacteriota,Vicinamibacteria,Subgroup 17,NA,NA,NA
ASV161d6a7959ed,Bacteria,Bacillota,Bacilli,Mycoplasmatales,Mycoplasmataceae,type III,NA
ASVe2a77560b9df,Bacteria,Chloroflexota,AD3,NA,NA,NA,NA
ASV7db64746fcce,Bacteria,Planctomycetota,Planctomycetes,Gemmatales,Gemmataceae,Gemmata,NA
ASV96576161660d,Bacteria,Myxococcota,Myxococcia,Myxococcales,Anaeromyxobacteraceae,Anaeromyxobacter,NA
ASV4390825040f1,Bacteria,Planctomycetota,Phycisphaerae,Tepidisphaerales,WD2101 soil group,NA,NA
ASVdbf30c877040,Bacteria,Planctomycetota,Planctomycetes,Isosphaerales,Isosphaeraceae,Tundrisphaera,NA
ASV684a5292b259,Bacteria,Pseudomonadota,Gammaproteobacteria,Lysobacterales,Rhodanobacteraceae,Rhodanobacter,NA
ASV17f18cbb18fb,Bacteria,Myxococcota,Polyangiia,Haliangiales,Haliangiaceae,NA,NA
ASV82deba0c7254,Bacteria,Verrucomicrobiota,Verrucomicrobiia,Pedosphaerales,Pedosphaeraceae,NA,NA
ASV3b29f568689b,Bacteria,Planctomycetota,Phycisphaerae,Tepidisphaerales,WD2101 soil group,NA,NA
ASVd5ecd8505067,Bacteria,Actinomycetota,Acidimicrobiia,Acidimicrobiales,Acidimicrobiaceae,NA,NA
ASVdf6b978c8da8,Bacteria,Pseudomonadota,Gammaproteobacteria,Rickettsiellales,Rickettsiellaceae,NA,NA
ASV5770e77a26b0,Bacteria,Pseudomonadota,Alphaproteobacteria,Rickettsiales,SM2D12,NA,NA
ASVb52a40b6cca4,Bacteria,Patescibacteria,Parcubacteria,Candidatus Azambacteria,NA,NA,NA
ASVc8f3212f1168,Bacteria,Patescibacteria,Saccharimonadia,Saccharimonadales,LWQ8,NA,NA
ASVa80471d15ecd,Bacteria,Acidobacteriota,Acidobacteriae,Terriglobales,NA,NA,NA
ASV6356c92027fc,Bacteria,Candidatus Eremiobacterota,Eremiobacteria,NA,NA,NA,NA
ASVc0d4b7643e01,Bacteria,NA,NA,NA,NA,NA,NA
ASV245d0da4cf0c,Bacteria,Chlamydiota,Chlamydiia,Chlamydiales,cvE6,NA,NA
ASVd9889a09536f,Bacteria,Pseudomonadota,Alphaproteobacteria,Rhodospirillales,NA,NA,NA
ASVec6a8298320d,Bacteria,Patescibacteria,Saccharimonadia,Saccharimonadales,LWQ8,NA,NA
ASV8cbc5d7d9de2,Bacteria,Planctomycetota,Phycisphaerae,Tepidisphaerales,WD2101 soil group,NA,NA
ASV9b9079ae1edf,Bacteria,Bacteroidota,Bacteroidia,Sphingobacteriales,env.OPS 17,NA,NA
ASVf63d54e6ac8f,Bacteria,Actinomycetota,Acidimicrobiia,Acidimicrobiales,Acidimicrobiaceae,NA,NA
ASVcf34b6e2b90d,Bacteria,Armatimonadota,NA,NA,NA,NA,NA
ASV286c0fe90f1b,Bacteria,Patescibacteria,Saccharimonadia,Saccharimonadales,Saccharimonadaceae,TM7a,NA
ASVf45a7efdf1f4,Bacteria,Armatimonadota,NA,NA,NA,NA,NA
ASVc46b531facf7,Bacteria,Pseudomonadota,Gammaproteobacteria,Pseudomonadales,Moraxellaceae,Acinetobacter,baumannii
ASV9969d58685f1,Bacteria,NA,NA,NA,NA,NA,NA
ASV66c66f163578,Bacteria,Armatimonadota,Armatimonadia,Armatimonadales,Armatimonadaceae,NA,NA
ASV6497b50e9d3c,Bacteria,Planctomycetota,Phycisphaerae,Phycisphaerales,Phycisphaeraceae,SM1A02,NA
ASV98d4f06a243d,Bacteria,Patescibacteria,Saccharimonadia,Saccharimonadales,Saccharimonadaceae,TM7a,NA
ASV6cb08e8260bb,Bacteria,Patescibacteria,Saccharimonadia,Saccharimonadales,NA,NA,NA
ASV7471b9851cc1,Bacteria,NA,NA,NA,NA,NA,NA
ASV5437e0aeabfc,Bacteria,Gemmatimonadota,Gemmatimonadia,Gemmatimonadales,Gemmatimonadaceae,Gemmatimonas,NA
ASVf244777cad62,Bacteria,Bdellovibrionota,Oligoflexia,0319-6G20,NA,NA,NA
ASV62bc72e11011,Bacteria,Chloroflexota,Ktedonobacteria,C0119,NA,NA,NA
ASV225af61e1cf3,Bacteria,Chloroflexota,Chloroflexia,Kallotenuales,AKIW781,NA,NA
ASVef8adf4f252d,Bacteria,Armatimonadota,Armatimonadia,Armatimonadales,Armatimonadaceae,NA,NA
ASV932e10a839d7,Bacteria,Gemmatimonadota,Gemmatimonadia,Gemmatimonadales,Gemmatimonadaceae,Gemmatimonas,NA
ASV23c591804e37,Bacteria,Planctomycetota,Phycisphaerae,Tepidisphaerales,WD2101 soil group,NA,NA
ASV94388f8c8eea,Bacteria,Chloroflexota,Anaerolineae,Anaerolineales,Anaerolineaceae,NA,NA
ASVf102ebe13fe8,Bacteria,Bacillota,Clostridia,Clostridiales,Clostridiaceae,Clostridium,magnum
ASVc342383f0356,Bacteria,Pseudomonadota,Alphaproteobacteria,Micavibrionales,NA,NA,NA
ASV9fbc884056f7,Bacteria,Actinomycetota,Acidimicrobiia,Acidimicrobiales,Acidimicrobiaceae,NA,NA
ASVd0868bc334fa,Bacteria,Bacteroidota,Bacteroidia,Chitinophagales,Chitinophagaceae,Pseudobacter,NA
ASVa300d6c49fe6,Bacteria,NA,NA,NA,NA,NA,NA
ASV1f3ac049092a,Bacteria,Pseudomonadota,Alphaproteobacteria,Caulobacterales,Caulobacteraceae,NA,NA
ASVb012ea316729,Bacteria,Gemmatimonadota,S0134 terrestrial group,NA,NA,NA,NA
ASV8b6829cd2787,Bacteria,Chloroflexota,Ktedonobacteria,Ktedonobacterales,JG30-KF-AS9,NA,NA
ASV45fd6ba84508,Bacteria,Chloroflexota,Ktedonobacteria,Ktedonobacterales,JG30-KF-AS9,NA,NA
ASV8df45868d839,Bacteria,Chloroflexota,Ktedonobacteria,Ktedonobacterales,JG30-KF-AS9,NA,NA
ASVdd2995ad22c2,Bacteria,Verrucomicrobiota,Verrucomicrobiia,Pedosphaerales,Pedosphaeraceae,NA,NA
ASV657603fa80a9,Bacteria,Bacillota,Clostridia,Clostridiales,Clostridiaceae,Clostridium,NA
ASVaf9ea820b195,Bacteria,Pseudomonadota,Gammaproteobacteria,Burkholderiales,Alcaligenaceae,Castellaniella,defragrans
ASVeb21a0e812ba,Bacteria,Myxococcota,Polyangiia,Haliangiales,Haliangiaceae,NA,NA
ASV7011dc9208c3,Bacteria,Pseudomonadota,Gammaproteobacteria,Burkholderiales,Comamonadaceae,NA,NA
ASV6cf870fd142a,Bacteria,Pseudomonadota,Alphaproteobacteria,Hyphomicrobiales,Beijerinckiaceae,Microvirga,NA
ASVae77c71e66a6,Bacteria,Bacteroidota,Bacteroidia,Chitinophagales,Chitinophagaceae,Flavisolibacter,NA
ASVf9954d0bc995,Bacteria,Planctomycetota,Planctomycetes,Pirellulales,Pirellulaceae,NA,NA
ASV6a57ee295975,Bacteria,Verrucomicrobiota,Verrucomicrobiia,Verrucomicrobiales,Verrucomicrobiaceae,NA,NA
ASV4ada5e76aa3f,Bacteria,Verrucomicrobiota,Verrucomicrobiia,Verrucomicrobiales,Verrucomicrobiaceae,NA,NA
ASVbfdac82e8f46,Bacteria,Pseudomonadota,Alphaproteobacteria,Hyphomicrobiales,Devosiaceae,Devosia,NA
ASV9b615619abf2,Bacteria,Planctomycetota,Planctomycetes,Isosphaerales,Isosphaeraceae,NA,NA
ASV5c6d69fe81a9,Bacteria,Bacteroidota,Bacteroidia,Chitinophagales,Chitinophagaceae,Flavisolibacter,NA
ASV2dba97560c71,Bacteria,Pseudomonadota,Alphaproteobacteria,Elsterales,NA,NA,NA
ASV3a5dda2c6efc,Bacteria,Pseudomonadota,Gammaproteobacteria,NA,NA,NA,NA
ASVe25b3cb5c87c,Bacteria,Pseudomonadota,Alphaproteobacteria,Sphingomonadales,Sphingomonadaceae,Sphingomonas,NA
ASV33f78cbbb55b,Bacteria,Acidobacteriota,Vicinamibacteria,Vicinamibacterales,NA,NA,NA
ASV38adb3831121,Bacteria,Bacteroidota,Bacteroidia,Flavobacteriales,Flavobacteriaceae,Flavobacterium,NA
ASV77e4de1d8055,Bacteria,Chloroflexota,TK10,NA,NA,NA,NA
ASVc1ac836d3c67,Bacteria,Pseudomonadota,Alphaproteobacteria,Sphingomonadales,Sphingomonadaceae,Hephaestia,NA
ASV52b9a5cad554,Bacteria,Verrucomicrobiota,Verrucomicrobiia,Verrucomicrobiales,Verrucomicrobiaceae,NA,NA
ASV578ba6508e34,Bacteria,Chloroflexota,Ktedonobacteria,Ktedonobacterales,Ktedonobacteraceae,NA,NA
ASV9304305395f4,Bacteria,Pseudomonadota,Gammaproteobacteria,Burkholderiales,Oxalobacteraceae,NA,NA
ASV0a89662df768,Bacteria,Pseudomonadota,Alphaproteobacteria,Sphingomonadales,Sphingomonadaceae,DSSF69,NA
ASV31fcd936db86,Bacteria,Pseudomonadota,Gammaproteobacteria,Burkholderiales,Rhodocyclaceae,NA,NA
ASVe70f5ba9943c,Bacteria,Pseudomonadota,Gammaproteobacteria,Burkholderiales,Rhodocyclaceae,NA,NA
ASVc96ad940039d,Bacteria,Pseudomonadota,Gammaproteobacteria,Burkholderiales,Rhodocyclaceae,NA,NA
ASV0c4c13061d00,Bacteria,Pseudomonadota,Gammaproteobacteria,Pseudomonadales,Marinobacteraceae,Marinobacter,NA
ASVa9b0662b14e3,Bacteria,Pseudomonadota,Gammaproteobacteria,Burkholderiales,Oxalobacteraceae,NA,NA
ASV6a9bce6b4779,Bacteria,Pseudomonadota,Gammaproteobacteria,Lysobacterales,Rhodanobacteraceae,Rhodanobacter,NA
ASV2ae21115a232,Bacteria,Pseudomonadota,Gammaproteobacteria,Burkholderiales,Rhodocyclaceae,NA,NA
ASV91fd52ec6e07,Bacteria,Pseudomonadota,Gammaproteobacteria,Burkholderiales,Rhodocyclaceae,NA,NA
ASVf690062d3b3e,Bacteria,Pseudomonadota,Alphaproteobacteria,Sphingomonadales,Sphingomonadaceae,DSSF69,NA
ASV8f1956f2ddd9,Bacteria,Pseudomonadota,Gammaproteobacteria,Lysobacterales,Rhodanobacteraceae,Rhodanobacter,NA
ASV159c0d873886,Bacteria,Chloroflexota,Ktedonobacteria,Ktedonobacterales,JG30-KF-AS9,NA,NA
ASV95953be776d6,Bacteria,Pseudomonadota,Alphaproteobacteria,Sphingomonadales,Sphingomonadaceae,DSSF69,NA
ASVc62c881bae3c,Bacteria,Pseudomonadota,Gammaproteobacteria,Lysobacterales,Lysobacteraceae,Luteimonas,marina
ASV8bae3f4e3625,Bacteria,Pseudomonadota,Alphaproteobacteria,Micavibrionales,NA,NA,NA
ASV3bed9a01ca64,Bacteria,Chloroflexota,Ktedonobacteria,Ktedonobacterales,JG30-KF-AS9,NA,NA
ASV8d2164864135,Bacteria,Pseudomonadota,Gammaproteobacteria,Lysobacterales,Rhodanobacteraceae,Rhodanobacter,NA
ASV2cbfd548ca87,Bacteria,Pseudomonadota,Gammaproteobacteria,Burkholderiales,NA,NA,NA
ASVfdcc88816761,Bacteria,Planctomycetota,Phycisphaerae,Tepidisphaerales,WD2101 soil group,NA,NA
ASV5174295c8152,Bacteria,Pseudomonadota,Alphaproteobacteria,Micropepsales,Micropepsaceae,NA,NA
ASV734aa47c5512,Bacteria,Bdellovibrionota,Oligoflexia,0319-6G20,NA,NA,NA
ASVc985fd911c64,Bacteria,Planctomycetota,Phycisphaerae,Tepidisphaerales,WD2101 soil group,NA,NA
ASVfd60b66878d7,Bacteria,Actinomycetota,Acidimicrobiia,Microtrichales,NA,NA,NA
ASVe7348c43bb06,Bacteria,Chloroflexota,Chloroflexia,Chloroflexales,Roseiflexaceae,NA,NA
ASV03bedeed16b2,Bacteria,Acidobacteriota,Vicinamibacteria,Subgroup 17,NA,NA,NA
ASVff28bb4bd93c,Bacteria,Planctomycetota,Planctomycetes,Gemmatales,Gemmataceae,NA,NA
ASV930db4786228,Bacteria,Myxococcota,Polyangiia,Polyangiales,BIrii41,NA,NA
ASV2fd77b82d76e,Bacteria,Patescibacteria,Saccharimonadia,Saccharimonadales,LWQ8,NA,NA
ASV688312a6cb7e,Bacteria,Gemmatimonadota,Gemmatimonadia,Gemmatimonadales,Gemmatimonadaceae,NA,NA
ASV3b91261d9641,Bacteria,Latescibacterota,NA,NA,NA,NA,NA
ASV88f48a569d84,Bacteria,Chloroflexota,NA,NA,NA,NA,NA
ASV092dbcdc5c4a,Bacteria,NA,NA,NA,NA,NA,NA
ASVe332b163378a,Bacteria,Pseudomonadota,Alphaproteobacteria,Rhodospirillales,Magnetospirillaceae,NA,NA
ASV35802c17d557,Bacteria,Candidatus Kapabacteria,Kapabacteria,Kapabacteriales,NA,NA,NA
ASVeb5dfa728de4,Eukaryota,NA,NA,NA,NA,NA,NA
ASV7f382a96097c,Bacteria,Planctomycetota,Planctomycetes,Isosphaerales,Isosphaeraceae,Singulisphaera,NA
ASV80c17cd6588e,Bacteria,Pseudomonadota,Gammaproteobacteria,Rickettsiellales,Rickettsiellaceae,Aquicella,NA
ASV8f3c497c9402,Bacteria,Patescibacteria,Saccharimonadia,Saccharimonadales,LWQ8,NA,NA
ASVea0599ff48b5,Bacteria,Planctomycetota,Planctomycetes,Gemmatales,Gemmataceae,Gemmata,NA
ASVe996678cc1bd,Bacteria,Chloroflexota,AD3,NA,NA,NA,NA
ASVc8d84d1af2e9,Bacteria,Pseudomonadota,Alphaproteobacteria,Hyphomicrobiales,Xanthobacteraceae,Pseudolabrys,NA
ASV606af7bd5f0f,Bacteria,Bacillota,Bacilli,Bacillales,Planococcaceae,Lysinibacillus,massiliensis
ASV8013f1d3458c,Bacteria,Pseudomonadota,Gammaproteobacteria,Legionellales,Legionellaceae,Legionella,feeleii
ASV048d7545136b,Bacteria,Bacteroidota,Bacteroidia,Sphingobacteriales,env.OPS 17,NA,NA
ASVfefaa4bc01eb,Bacteria,Bacteroidota,Bacteroidia,Sphingobacteriales,env.OPS 17,NA,NA
ASVb83962cb6f0b,Bacteria,Actinomycetota,Actinobacteria,Streptosporangiales,Streptosporangiaceae,Microbispora,NA
ASV8f2422aa2cb7,Bacteria,Bacteroidota,Bacteroidia,Sphingobacteriales,env.OPS 17,NA,NA
ASVe52b61923c4b,Bacteria,Bacteroidota,Bacteroidia,Chitinophagales,Chitinophagaceae,Chitinophaga,NA
ASV4f2355db4374,Bacteria,Pseudomonadota,Gammaproteobacteria,Rickettsiellales,Rickettsiellaceae,Aquicella,NA
ASV6e660314cc74,Bacteria,NA,NA,NA,NA,NA,NA
ASV143e20a97a43,Bacteria,Actinomycetota,Thermoleophilia,Solirubrobacterales,67-14,NA,NA
ASVba49f1cc83b2,Bacteria,Actinomycetota,Thermoleophilia,Gaiellales,NA,NA,NA
ASVbd2b81074b77,Bacteria,Patescibacteria,Saccharimonadia,Saccharimonadales,Saccharimonadaceae,TM7a,NA
ASV3cbd91e61d80,Bacteria,Chloroflexota,Ktedonobacteria,Ktedonobacterales,JG30-KF-AS9,NA,NA
ASV60aed8c318da,Bacteria,Pseudomonadota,Alphaproteobacteria,Hyphomicrobiales,Hyphomicrobiaceae,Hyphomicrobium,denitrificans
ASV1542adc2bf3f,Bacteria,Actinomycetota,Acidimicrobiia,Microtrichales,Ilumatobacteraceae,NA,NA
ASV828174eda7b5,Bacteria,Acidobacteriota,Blastocatellia,Blastocatellales,Blastocatellaceae,NA,NA
ASV1865c4dce15b,Bacteria,Verrucomicrobiota,Verrucomicrobiia,Chthoniobacterales,Xiphinematobacteraceae,Candidatus Xiphinematobacter,NA
ASV57955194c76b,Bacteria,Pseudomonadota,Alphaproteobacteria,Hyphomicrobiales,Beijerinckiaceae,Microvirga,NA
ASV19937e468d6f,Bacteria,Bacillota,Desulfitobacteriia,Desulfitobacteriales,Desulfitobacteriaceae,Desulfosporosinus,NA
ASVfab36ed6d01f,Bacteria,Planctomycetota,Planctomycetes,Gemmatales,Gemmataceae,Gemmata,NA
ASVef98b0486288,Bacteria,Chloroflexota,Chloroflexia,Chloroflexales,Roseiflexaceae,NA,NA
ASV2f0a42166001,Bacteria,Pseudomonadota,Alphaproteobacteria,Acetobacterales,Acetobacteraceae,Rhodopila,NA
ASVea3320dc0f3f,Bacteria,Planctomycetota,Planctomycetes,Gemmatales,Gemmataceae,NA,NA
ASVc216fb708f93,Bacteria,NA,NA,NA,NA,NA,NA
ASVdf21f8ed4764,Bacteria,NA,NA,NA,NA,NA,NA
ASV3c810617d4cd,Bacteria,Planctomycetota,Planctomycetes,Planctomycetales,NA,NA,NA
ASVcebddc0d60cf,Bacteria,Bacteroidota,Bacteroidia,Chitinophagales,Chitinophagaceae,NA,NA
ASVf2ff8880f2c6,Bacteria,Planctomycetota,Planctomycetes,Isosphaerales,Isosphaeraceae,NA,NA
ASV22de4e8fc92c,Bacteria,Pseudomonadota,Gammaproteobacteria,Burkholderiales,Alcaligenaceae,Bordetella,NA
ASVd180a68ece21,Bacteria,NA,NA,NA,NA,NA,NA
ASVe329ecd29c36,Bacteria,Bacteroidota,Bacteroidia,Flavobacteriales,Flavobacteriaceae,Confluentibacter,NA
ASV0904e270d2ba,Bacteria,Actinomycetota,Actinobacteria,Micrococcales,NA,NA,NA
ASVf02a8fb657f3,Bacteria,Pseudomonadota,Alphaproteobacteria,Hyphomicrobiales,Devosiaceae,Devosia,neptuniae
ASV860a1a66e6e7,Bacteria,Verrucomicrobiota,Verrucomicrobiia,Verrucomicrobiales,Verrucomicrobiaceae,NA,NA
ASV8ecce36746c0,Bacteria,Patescibacteria,Saccharimonadia,Saccharimonadales,NA,NA,NA
ASVa2f318d01d4e,Bacteria,Deinococcota,Deinococci,Deinococcales,Trueperaceae,Truepera,NA
ASVcca3eb30fae9,Bacteria,Pseudomonadota,Gammaproteobacteria,Burkholderiales,Alcaligenaceae,Castellaniella,defragrans
ASV15cd72477fb8,Bacteria,Verrucomicrobiota,Verrucomicrobiia,Verrucomicrobiales,Verrucomicrobiaceae,Verrucomicrobium,NA
ASV88570e76a784,Bacteria,Pseudomonadota,Alphaproteobacteria,Caulobacterales,Caulobacteraceae,Brevundimonas,terrae
ASV364bab86d844,Bacteria,Pseudomonadota,Alphaproteobacteria,Hyphomicrobiales,Xanthobacteraceae,Rhodopseudomonas,palustris
ASVadca257ed3e4,Bacteria,NA,NA,NA,NA,NA,NA
ASV894e1060c364,Bacteria,Pseudomonadota,Gammaproteobacteria,Burkholderiales,Rhodocyclaceae,NA,NA
ASV0143196734ab,Bacteria,Pseudomonadota,Gammaproteobacteria,Burkholderiales,Rhodocyclaceae,Dechloromonas,NA
ASV497df0e9dbf1,Bacteria,Pseudomonadota,Gammaproteobacteria,Lysobacterales,Lysobacteraceae,Luteimonas,marina
ASV85dd58d8a37f,Bacteria,Pseudomonadota,Alphaproteobacteria,Acetobacterales,Acetobacteraceae,Roseicella,NA
ASV5bb73932f39a,Bacteria,Pseudomonadota,Gammaproteobacteria,Lysobacterales,Lysobacteraceae,Luteimonas,marina
ASV7284281b7adf,Bacteria,Pseudomonadota,Gammaproteobacteria,Burkholderiales,Oxalobacteraceae,NA,NA
ASV8a73005f4101,Bacteria,Planctomycetota,Planctomycetes,Pirellulales,Pirellulaceae,Pirellula,NA
ASV5f95a5b5035c,Bacteria,Pseudomonadota,Alphaproteobacteria,Hyphomicrobiales,Xanthobacteraceae,Pseudolabrys,NA
ASV2e566fd5a6e1,Bacteria,Pseudomonadota,Gammaproteobacteria,Burkholderiales,Oxalobacteraceae,Massilia,putida
ASVf96e1f4f6aba,Bacteria,Bacteroidota,Bacteroidia,Flavobacteriales,Flavobacteriaceae,Flavobacterium,cauense
ASV4614dbf52bc2,Bacteria,Pseudomonadota,Gammaproteobacteria,Lysobacterales,Lysobacteraceae,Luteimonas,marina
ASVcbf70f1233c1,Bacteria,Pseudomonadota,Gammaproteobacteria,Burkholderiales,Oxalobacteraceae,NA,NA
ASV5d3dce2502d8,Bacteria,Myxococcota,Polyangiia,Polyangiales,Sandaracinaceae,Sandaracinus,NA
ASV458b74a33014,Bacteria,Pseudomonadota,Gammaproteobacteria,Burkholderiales,Rhodocyclaceae,Dechloromonas,NA
ASV1741e6b5f543,Bacteria,Pseudomonadota,Gammaproteobacteria,Burkholderiales,Rhodocyclaceae,Dechloromonas,NA
ASVf894cce86d24,Bacteria,Pseudomonadota,Gammaproteobacteria,Lysobacterales,Lysobacteraceae,Luteimonas,marina
ASVc7016dbabf7b,Bacteria,Myxococcota,Myxococcia,Myxococcales,Vulgatibacteraceae,Vulgatibacter,NA
ASV8a9d382385fb,Bacteria,Pseudomonadota,Alphaproteobacteria,Hyphomicrobiales,Rhizobiaceae,NA,NA
ASV3e5de451b78b,Bacteria,NA,NA,NA,NA,NA,NA
ASV991abebe82f8,Bacteria,Pseudomonadota,Gammaproteobacteria,Lysobacterales,Rhodanobacteraceae,Rhodanobacter,NA
ASV751c8a4b4d24,Bacteria,Pseudomonadota,Gammaproteobacteria,Burkholderiales,Comamonadaceae,Comamonas,NA
ASV9547ccac4287,Bacteria,Pseudomonadota,Gammaproteobacteria,Burkholderiales,Comamonadaceae,Comamonas,NA
ASV97f880b315b9,Bacteria,Planctomycetota,Planctomycetes,Isosphaerales,Isosphaeraceae,Aquisphaera,NA
ASV71423cab92c3,Bacteria,Patescibacteria,Saccharimonadia,Saccharimonadales,WWH38,NA,NA
ASV404ac1ff7a80,Bacteria,Planctomycetota,Planctomycetes,Isosphaerales,Isosphaeraceae,Tautonia,NA
ASVf7d3690a7589,Bacteria,Patescibacteria,Saccharimonadia,Saccharimonadales,NA,NA,NA
ASV8662804c6f20,Bacteria,Actinomycetota,Acidimicrobiia,Acidimicrobiales,Acidimicrobiaceae,Acidiferrimicrobium,NA
ASV23e8e78a9fe9,Bacteria,Chloroflexota,Ktedonobacteria,Ktedonobacterales,Ktedonobacteraceae,Thermosporothrix,NA
ASVe45bada07d4e,Bacteria,Actinomycetota,Actinobacteria,Frankiales,Acidothermaceae,Acidothermus,NA
ASVde72ac38af31,Bacteria,Actinomycetota,Actinobacteria,Micrococcales,Microbacteriaceae,Leifsonia,xyli
ASVf396bd6885b3,Bacteria,Patescibacteria,Saccharimonadia,Saccharimonadales,LWQ8,NA,NA
ASV8635b2641e48,Bacteria,Gemmatimonadota,Gemmatimonadia,Gemmatimonadales,Gemmatimonadaceae,NA,NA
ASV8a96a9f28c31,Bacteria,Actinomycetota,Actinobacteria,Frankiales,NA,NA,NA
ASVe7716d35fa2f,Bacteria,Planctomycetota,Planctomycetes,Gemmatales,Gemmataceae,Fimbriiglobus,NA
ASVad5f90284849,Bacteria,Chloroflexota,Anaerolineae,Aggregatilineales,A4b,NA,NA
ASVe1740787364e,Bacteria,Gemmatimonadota,Gemmatimonadia,Gemmatimonadales,Gemmatimonadaceae,NA,NA
ASV486d18ebb68a,Bacteria,Acidobacteriota,Acidobacteriae,Terriglobales,NA,NA,NA
ASV5f3066803ac8,Bacteria,Gemmatimonadota,Gemmatimonadia,Gemmatimonadales,Gemmatimonadaceae,NA,NA
ASV3b01e6bf3072,Bacteria,NA,NA,NA,NA,NA,NA
ASVfa295564400c,Bacteria,Bacteroidota,Bacteroidia,Chitinophagales,NA,NA,NA
ASV7fa7cc6f8427,Bacteria,Planctomycetota,Phycisphaerae,Tepidisphaerales,CPla-3 termite group,NA,NA
ASV208d45c1811d,Bacteria,Actinomycetota,Actinobacteria,Mycobacteriales,Mycobacteriaceae,Mycobacterium,NA
ASVa271cfe19c8d,Bacteria,Gemmatimonadota,Gemmatimonadia,Gemmatimonadales,Gemmatimonadaceae,NA,NA
ASV69a0888f0eb4,Bacteria,Entotheonellaeota,Entotheonellia,Entotheonellales,Entotheonellaceae,NA,NA
ASV3ab13bbcd653,Bacteria,Patescibacteria,Saccharimonadia,Saccharimonadales,LWQ8,NA,NA
ASVe57dd7e5eb1c,Bacteria,Armatimonadota,Chthonomonadia,Chthonomonadales,Chthonomonadaceae,Chthonomonas,NA
ASV1f10517eb6e4,Bacteria,Chloroflexota,TK10,NA,NA,NA,NA
ASVe15a10198552,Bacteria,Pseudomonadota,Gammaproteobacteria,Burkholderiales,A21b,NA,NA
ASV09cfba0aa8c5,Bacteria,Planctomycetota,BD7-11,NA,NA,NA,NA
ASV7bbd9bfc6f01,Bacteria,Candidatus Eremiobacterota,Eremiobacteria,NA,NA,NA,NA
ASV38ca5a7d4983,Bacteria,Actinomycetota,Thermoleophilia,NA,NA,NA,NA
ASV70016a093054,Bacteria,Pseudomonadota,Alphaproteobacteria,Elsterales,NA,NA,NA
ASVbc706741ae12,Bacteria,Myxococcota,Polyangiia,Polyangiales,BIrii41,NA,NA
ASVdae9905e2e69,Bacteria,Pseudomonadota,Alphaproteobacteria,Hyphomicrobiales,Hyphomicrobiaceae,Hyphomicrobium,facile
ASVf22e6a18c8c2,Bacteria,Planctomycetota,Planctomycetes,Gemmatales,Gemmataceae,NA,NA
ASV4e836087b083,Bacteria,Pseudomonadota,Alphaproteobacteria,Dongiales,Dongiaceae,Dongia,NA
ASV78fb29b673b4,Bacteria,Chloroflexota,NA,NA,NA,NA,NA
ASV3506acd81055,Bacteria,Actinomycetota,Acidimicrobiia,Acidimicrobiales,Acidimicrobiaceae,Acidiferrimicrobium,NA
ASVa70dcb324d5c,Bacteria,Myxococcota,Polyangiia,Polyangiales,BIrii41,NA,NA
ASV6a7e5dd4d350,Bacteria,Pseudomonadota,Gammaproteobacteria,Lysobacterales,Rhodanobacteraceae,Dyella,nitratireducens
ASVbebf95ba8f5f,Bacteria,Actinomycetota,Actinobacteria,Streptosporangiales,Streptosporangiaceae,Microbispora,NA
ASVbdf43d01e476,Bacteria,Pseudomonadota,Alphaproteobacteria,Acetobacterales,Acetobacteraceae,NA,NA
ASV2b94c928c7be,Bacteria,Verrucomicrobiota,Verrucomicrobiia,Chthoniobacterales,Chthoniobacteraceae,Chthoniobacter,NA
ASVbea12c065607,Bacteria,Chloroflexota,Chloroflexia,Chloroflexales,Roseiflexaceae,NA,NA
ASV56663c71e776,Bacteria,Bacteroidota,Bacteroidia,Sphingobacteriales,Sphingobacteriaceae,Pedobacter,NA
ASV6855c230038a,Bacteria,Planctomycetota,Phycisphaerae,Tepidisphaerales,WD2101 soil group,NA,NA
ASV3ae539ae9d64,Bacteria,Bacteroidota,Bacteroidia,Sphingobacteriales,Sphingobacteriaceae,Pedobacter,NA
ASV9b7d4ca698bb,Bacteria,Bacteroidota,Bacteroidia,Sphingobacteriales,env.OPS 17,NA,NA
ASV2a61a56a0857,Bacteria,Chloroflexota,Ktedonobacteria,Ktedonobacterales,JG30-KF-AS9,NA,NA
ASV6b44806a08cc,Bacteria,Pseudomonadota,Alphaproteobacteria,Acetobacterales,Acetobacteraceae,NA,NA
ASVc8c076f0280a,Bacteria,Pseudomonadota,Gammaproteobacteria,Rickettsiellales,Rickettsiellaceae,NA,NA
ASV00c489f34c88,Bacteria,Pseudomonadota,Gammaproteobacteria,Pseudomonadales,Pseudomonadaceae,Pseudomonas,psychrotolerans
ASV8857361b3eee,Bacteria,Planctomycetota,Phycisphaerae,Tepidisphaerales,WD2101 soil group,NA,NA
ASVa5fdf8eb8404,Bacteria,Patescibacteria,Saccharimonadia,Saccharimonadales,NA,NA,NA
ASV716e8b465d14,Bacteria,Pseudomonadota,Alphaproteobacteria,Acetobacterales,Acetobacteraceae,Acidisoma,NA
ASVbc2ead490a2c,Bacteria,Planctomycetota,Planctomycetes,Gemmatales,Gemmataceae,NA,NA
ASV9a43238a235d,Bacteria,Chloroflexota,Ktedonobacteria,Ktedonobacterales,JG30-KF-AS9,NA,NA
ASV726baa144e17,Bacteria,Planctomycetota,Phycisphaerae,Tepidisphaerales,WD2101 soil group,NA,NA
ASV203f82e80aa4,Bacteria,Myxococcota,Polyangiia,Polyangiales,Polyangiaceae,NA,NA
ASVcda9f2e35d95,Bacteria,Cyanobacteriota,Cyanobacteriia,Synechococcales,Cyanobiaceae,Cyanobium PCC-6307,NA
ASV056d38bf9d5f,Bacteria,Pseudomonadota,Gammaproteobacteria,Enterobacterales,Enterobacteriaceae,Kosakonia,sacchari
ASV38c1ae8b1ddb,Bacteria,Acidobacteriota,Acidobacteriae,Subgroup 13,NA,NA,NA
ASV6cbc90b330a8,Archaea,Thermoproteota,Nitrososphaeria,Nitrososphaerales,Nitrososphaeraceae,Candidatus Nitrososphaera,NA
ASV254fbf5f115c,Bacteria,Gemmatimonadota,Longimicrobiia,Longimicrobiales,Longimicrobiaceae,NA,NA
ASV0612f64bb854,Bacteria,Bacteroidota,Bacteroidia,Cytophagales,Spirosomataceae,Larkinella,NA
ASV3306d108e71f,Bacteria,Planctomycetota,Planctomycetes,Gemmatales,Gemmataceae,NA,NA
ASVfc505546d522,Bacteria,Planctomycetota,Planctomycetes,Gemmatales,Gemmataceae,NA,NA
ASVab2115339ba6,Bacteria,Planctomycetota,Phycisphaerae,Tepidisphaerales,WD2101 soil group,NA,NA
ASV62b16201e38e,Bacteria,Patescibacteria,Saccharimonadia,Saccharimonadales,WWH38,NA,NA
ASVff5a2ea4490a,Bacteria,Planctomycetota,Phycisphaerae,Tepidisphaerales,Tepidisphaeraceae,NA,NA
ASVe65550134beb,Bacteria,Bacteroidota,Bacteroidia,Sphingobacteriales,Sphingobacteriaceae,Sphingobacterium,mizutaii
ASV1e9af29872bb,Bacteria,Myxococcota,Myxococcia,Myxococcales,Myxococcaceae,P3OB-42,NA
ASV82143d9e23f3,Bacteria,Chloroflexota,TK10,NA,NA,NA,NA
ASV85e7d6608862,Bacteria,Bacteroidota,Bacteroidia,Flavobacteriales,Flavobacteriaceae,Confluentibacter,NA
ASVeb66d07dc307,Bacteria,Patescibacteria,Saccharimonadia,Saccharimonadales,NA,NA,NA
ASV272bbda46fb4,Bacteria,Actinomycetota,Actinobacteria,Frankiales,Acidothermaceae,Acidothermus,NA
ASVa54df6305e7a,Bacteria,Chloroflexota,Ktedonobacteria,B10-SB3A,NA,NA,NA
ASVc823a1494a94,Bacteria,Pseudomonadota,Alphaproteobacteria,Acetobacterales,Acetobacteraceae,NA,NA
ASV0f313659ada4,Bacteria,Pseudomonadota,Gammaproteobacteria,Ectothiorhodospirales,Thioalkalispiraceae,NA,NA
ASV23fb97df9957,Bacteria,Pseudomonadota,Alphaproteobacteria,Sphingomonadales,Sphingomonadaceae,Sphingobium,NA
ASVbcb6cb124108,Bacteria,Pseudomonadota,Alphaproteobacteria,Sphingomonadales,Sphingomonadaceae,NA,NA
ASV8d3c3cbf6c2f,Bacteria,Verrucomicrobiota,Verrucomicrobiia,Verrucomicrobiales,Verrucomicrobiaceae,NA,NA
ASVe9d5c6b0d483,Bacteria,Verrucomicrobiota,Verrucomicrobiia,Verrucomicrobiales,Verrucomicrobiaceae,NA,NA
ASV3c61f4cba990,Bacteria,Verrucomicrobiota,Verrucomicrobiia,Verrucomicrobiales,Verrucomicrobiaceae,NA,NA
ASV0323b4153fde,Bacteria,Verrucomicrobiota,Verrucomicrobiia,Verrucomicrobiales,Verrucomicrobiaceae,NA,NA
ASV468802424a27,Bacteria,Armatimonadota,Armatimonadia,Armatimonadales,Armatimonadaceae,NA,NA
ASVe543007e2936,Bacteria,Pseudomonadota,Alphaproteobacteria,Sphingomonadales,Sphingomonadaceae,Sphingobium,NA
ASVb7f2737cd8b7,Bacteria,Pseudomonadota,Gammaproteobacteria,Lysobacterales,Rhodanobacteraceae,Frateuria,terrea
ASV3b558cade5d6,Bacteria,Gemmatimonadota,Longimicrobiia,Longimicrobiales,Longimicrobiaceae,NA,NA
ASVf80b9e08dda2,Bacteria,Patescibacteria,Saccharimonadia,Saccharimonadales,LWQ8,NA,NA
ASV508934789503,Bacteria,Verrucomicrobiota,Verrucomicrobiia,Verrucomicrobiales,Verrucomicrobiaceae,NA,NA
ASV4c1d8a3a718d,Bacteria,Verrucomicrobiota,Verrucomicrobiia,Verrucomicrobiales,Verrucomicrobiaceae,NA,NA
ASV6a334245254f,Bacteria,Pseudomonadota,Gammaproteobacteria,Lysobacterales,Lysobacteraceae,Luteimonas,marina
ASVcfeb69ed1b21,Bacteria,Bacteroidota,Bacteroidia,Sphingobacteriales,Sphingobacteriaceae,NA,NA
ASV0a313b75a205,Bacteria,Pseudomonadota,Gammaproteobacteria,Burkholderiales,Comamonadaceae,NA,NA
ASVe9269a84623f,Bacteria,Pseudomonadota,Gammaproteobacteria,Burkholderiales,Oxalobacteraceae,NA,NA
ASVada80ef79639,Bacteria,Pseudomonadota,Gammaproteobacteria,Burkholderiales,Comamonadaceae,NA,NA
ASV44d3a1411747,Bacteria,Bdellovibrionota,Oligoflexia,0319-6G20,NA,NA,NA
ASV9744aaf71f01,Bacteria,Pseudomonadota,Gammaproteobacteria,Lysobacterales,Lysobacteraceae,Luteimonas,marina
ASVed7bef90b46c,Bacteria,Pseudomonadota,Gammaproteobacteria,Burkholderiales,Rhodocyclaceae,NA,NA
ASV81d709dfc86d,Bacteria,Pseudomonadota,Gammaproteobacteria,Pseudomonadales,Pseudohongiellaceae,Pseudohongiella,NA
ASVf00d7d0a4c27,Bacteria,Pseudomonadota,Gammaproteobacteria,Burkholderiales,Rhodocyclaceae,Dechloromonas,NA
ASVb917c17e36b1,Bacteria,Pseudomonadota,Gammaproteobacteria,Burkholderiales,Rhodocyclaceae,NA,NA
ASV9a900c43ce63,Bacteria,Pseudomonadota,Alphaproteobacteria,Hyphomicrobiales,Kaistiaceae,Kaistia,NA
ASVecf74495bbc0,Bacteria,Pseudomonadota,Gammaproteobacteria,Burkholderiales,Rhodocyclaceae,NA,NA
ASVb28865ef7d87,Bacteria,Actinomycetota,Actinobacteria,Frankiales,Geodermatophilaceae,NA,NA
ASV52d1b9718180,Bacteria,Pseudomonadota,Gammaproteobacteria,Burkholderiales,Comamonadaceae,Comamonas,NA
ASVe61aa49a0eda,Bacteria,Pseudomonadota,Gammaproteobacteria,Lysobacterales,Rhodanobacteraceae,Rhodanobacter,NA
ASV29a689e834cf,Bacteria,Bacillota,Clostridia,Clostridiales,Clostridiaceae,Clostridium,NA
ASV00a04ee5a6ef,Bacteria,Pseudomonadota,Gammaproteobacteria,Burkholderiales,Comamonadaceae,Comamonas,NA
ASVdef7045e9a46,Bacteria,Pseudomonadota,Gammaproteobacteria,Burkholderiales,Comamonadaceae,Comamonas,NA
ASV4ded43f7ef4a,Bacteria,Patescibacteria,Saccharimonadia,Saccharimonadales,Saccharimonadaceae,NA,NA
ASV0998bb2016f5,Bacteria,Planctomycetota,Planctomycetes,Isosphaerales,Isosphaeraceae,Tautonia,NA
ASV0cca724699ac,Bacteria,Pseudomonadota,Gammaproteobacteria,Lysobacterales,Rhodanobacteraceae,Chujaibacter,NA
ASV2ffc41215b84,Bacteria,NA,NA,NA,NA,NA,NA
ASV8e1c7e0079d2,Bacteria,Gemmatimonadota,Gemmatimonadia,Gemmatimonadales,Gemmatimonadaceae,NA,NA
ASV8042e70310d6,Bacteria,Actinomycetota,Acidimicrobiia,Microtrichales,Ilumatobacteraceae,NA,NA
ASV5634ccbace39,Bacteria,NA,NA,NA,NA,NA,NA
ASVe8a93e3902cd,Bacteria,Bdellovibrionota,Bdellovibrionia,Bdellovibrionales,Pseudobdellovibrionaceae,NA,NA
ASV785d69129a7f,Bacteria,Myxococcota,Myxococcia,Myxococcales,Myxococcaceae,KD3-10,NA
ASV3c4a6fc1ec35,Bacteria,Pseudomonadota,Gammaproteobacteria,Legionellales,Legionellaceae,Legionella,feeleii
ASVb140fee39ff8,Bacteria,Gemmatimonadota,Gemmatimonadia,Gemmatimonadales,Gemmatimonadaceae,NA,NA
ASV32e859633111,Bacteria,Chloroflexota,Chloroflexia,Thermomicrobiales,AKYG1722,NA,NA
ASVc3359ecac58e,Bacteria,Pseudomonadota,Alphaproteobacteria,Sphingomonadales,Sphingomonadaceae,Sphingomonas,NA
ASVde855f00b404,Bacteria,Chloroflexota,Anaerolineae,RBG-13-54-9,NA,NA,NA
ASV29a1aff8aad9,Bacteria,Gemmatimonadota,Gemmatimonadia,Gemmatimonadales,Gemmatimonadaceae,NA,NA
ASVe29752eff246,Bacteria,Chloroflexota,JG30-KF-CM66,NA,NA,NA,NA
ASV922814410ace,Bacteria,NA,NA,NA,NA,NA,NA
ASVcc2dd2e395cc,Bacteria,Acidobacteriota,Blastocatellia,11-24,NA,NA,NA
ASV1151d833c6cb,Bacteria,Bacteroidota,Bacteroidia,Chitinophagales,Chitinophagaceae,NA,NA
ASV7f7bfaa854ab,Bacteria,Pseudomonadota,Alphaproteobacteria,Acetobacterales,Acetobacteraceae,NA,NA
ASV280e7ad90b50,Bacteria,Actinomycetota,Actinobacteria,Frankiales,NA,NA,NA
ASVc67a7f8d64f4,Bacteria,Bacillota,Clostridia,Clostridiales,Clostridiaceae,Clostridium,swellfunianum
ASV0f99fb636377,Bacteria,Pseudomonadota,Alphaproteobacteria,Dongiales,Dongiaceae,Dongia,NA
ASVea68d2533040,Bacteria,Actinomycetota,Thermoleophilia,Gaiellales,NA,NA,NA
ASVda981440777c,Bacteria,Patescibacteria,Saccharimonadia,Saccharimonadales,NA,NA,NA
ASV30720a8630d3,Bacteria,Actinomycetota,Acidimicrobiia,Acidimicrobiales,Acidimicrobiaceae,NA,NA
ASV50250b72fb30,Bacteria,Armatimonadota,Fimbriimonadia,Fimbriimonadales,Fimbriimonadaceae,NA,NA
ASV47204ee6c46a,Bacteria,Pseudomonadota,Alphaproteobacteria,Acetobacterales,Acetobacteraceae,NA,NA
ASVafc5cbe59890,Bacteria,Pseudomonadota,Gammaproteobacteria,Rickettsiellales,Rickettsiellaceae,NA,NA
ASV5361a3470edc,Bacteria,Acidobacteriota,Acidobacteriae,Terriglobales,NA,NA,NA
ASV5a8a8db02a0c,Bacteria,NA,NA,NA,NA,NA,NA
ASVd1185c6c3a09,Bacteria,Pseudomonadota,Alphaproteobacteria,NA,NA,NA,NA
ASV8ac2fc1d583f,Bacteria,Actinomycetota,Acidimicrobiia,Acidimicrobiales,Acidimicrobiaceae,Acidiferrimicrobium,NA
ASVa7e23b6b0c04,Bacteria,Pseudomonadota,Alphaproteobacteria,Caulobacterales,Caulobacteraceae,Phenylobacterium,hankyongense
ASV5047d6baa052,Bacteria,Patescibacteria,Saccharimonadia,Saccharimonadales,LWQ8,NA,NA
ASVbf7a793f87c1,Bacteria,Bacteroidota,Bacteroidia,Cytophagales,Microscillaceae,NA,NA
ASV44626a53a1f8,Bacteria,Bacteroidota,Bacteroidia,Chitinophagales,Chitinophagaceae,Niastella,koreensis
ASV3bee15a06145,Bacteria,Bacteroidota,Bacteroidia,Chitinophagales,Chitinophagaceae,Edaphobaculum,NA
ASVcdc882a6721d,Bacteria,Cyanobacteriota,Cyanobacteriia,Synechococcales,Cyanobiaceae,Cyanobium PCC-6307,NA
ASV679cfa97bf29,Bacteria,Pseudomonadota,Alphaproteobacteria,Hyphomicrobiales,Rhizobiaceae,NA,NA
ASVfb386b830de0,Bacteria,Abditibacteriota,Abditibacteriia,Abditibacteriales,Abditibacteriaceae,Abditibacterium,NA
ASV32e9d502d912,Bacteria,Pseudomonadota,Alphaproteobacteria,Dongiales,Dongiaceae,Dongia,soli
ASV1fc8842d0c4c,Bacteria,Armatimonadota,Armatimonadia,Armatimonadales,Armatimonadaceae,Armatimonas,NA
ASV34084749e015,Bacteria,Bacteroidota,Bacteroidia,Cytophagales,Microscillaceae,Ohtaekwangia,NA
ASV4bde913876f6,Bacteria,Actinomycetota,Actinobacteria,Streptosporangiales,Streptosporangiaceae,Microbispora,NA
ASV0d222bfaf291,Bacteria,NA,NA,NA,NA,NA,NA
ASVd6603fc6220a,Bacteria,Actinomycetota,Thermoleophilia,Gaiellales,NA,NA,NA
ASVa752ec08338b,Bacteria,Gemmatimonadota,Gemmatimonadia,Gemmatimonadales,Gemmatimonadaceae,NA,NA
ASV7067f81f2573,Bacteria,Chloroflexota,TK10,NA,NA,NA,NA
ASVfd8a8e76c018,Bacteria,Chloroflexota,Ktedonobacteria,Ktedonobacterales,JG30-KF-AS9,NA,NA
ASV48271d5f4701,Bacteria,Myxococcota,Myxococcia,Myxococcales,Myxococcaceae,NA,NA
ASVde5cf866a287,Bacteria,Myxococcota,Polyangiia,Polyangiales,NA,NA,NA
ASV353130ae7ef3,Bacteria,Patescibacteria,Saccharimonadia,Saccharimonadales,NA,NA,NA
ASV7cc4ef219c97,Bacteria,NA,NA,NA,NA,NA,NA
ASV03f70b07ff90,Bacteria,Bacillota,Bacilli,Paenibacillales,Paenibacillaceae,Paenibacillus,NA
ASVdf1e17e5e283,Bacteria,Planctomycetota,Planctomycetes,Gemmatales,Gemmataceae,NA,NA
ASV28d1e9631cd8,Bacteria,Pseudomonadota,Alphaproteobacteria,Caulobacterales,Caulobacteraceae,Caulobacter,NA
ASVf261f6f669ed,Bacteria,Actinomycetota,Thermoleophilia,Solirubrobacterales,Solirubrobacteraceae,NA,NA
ASVbdff18908f7d,Bacteria,Actinomycetota,Thermoleophilia,Gaiellales,NA,NA,NA
ASV1802c5633fc2,Bacteria,Planctomycetota,Planctomycetes,Gemmatales,Gemmataceae,NA,NA
ASVf16a06413ba8,Bacteria,Planctomycetota,Phycisphaerae,Tepidisphaerales,WD2101 soil group,NA,NA
ASVc08e1b198ca9,Bacteria,Planctomycetota,Planctomycetes,Gemmatales,Gemmataceae,Gemmata,NA
ASVfe5f13ffc89a,Bacteria,Chloroflexota,JG30-KF-CM66,NA,NA,NA,NA
ASVc6d17d1706a6,Bacteria,Chloroflexota,OLB14,NA,NA,NA,NA
ASV256909600194,Bacteria,Actinomycetota,Actinobacteria,Frankiales,Geodermatophilaceae,NA,NA
ASV8047da83efc6,Bacteria,Acidobacteriota,Acidobacteriae,Subgroup 13,NA,NA,NA
ASV2b86ff45a8df,Bacteria,Chloroflexota,Ktedonobacteria,Ktedonobacterales,Ktedonobacteraceae,NA,NA
ASV39f5797b8959,Bacteria,NA,NA,NA,NA,NA,NA
ASV3871327431e0,Bacteria,Patescibacteria,Saccharimonadia,Saccharimonadales,Saccharimonadaceae,TM7a,NA
ASV48e5586cd566,Bacteria,Acidobacteriota,Acidobacteriae,Terriglobales,NA,NA,NA
ASV439ddae32dd3,Bacteria,Actinomycetota,Actinobacteria,Streptosporangiales,Thermomonosporaceae,[Streptomyces] thermoautotrophicus,NA
ASVf21d740b07bf,Bacteria,Verrucomicrobiota,Verrucomicrobiia,Chthoniobacterales,Chthoniobacteraceae,Chthoniobacter,NA
ASV70c376497b3f,Bacteria,Patescibacteria,Saccharimonadia,Saccharimonadales,WWH38,NA,NA
ASVea060e358bb8,Bacteria,Verrucomicrobiota,Verrucomicrobiia,Verrucomicrobiales,Verrucomicrobiaceae,NA,NA
ASV0c6f47973eb3,Bacteria,Bacteroidota,Bacteroidia,Flavobacteriales,Crocinitomicaceae,Fluviicola,NA
ASV887878202fed,Bacteria,Pseudomonadota,Alphaproteobacteria,Defluviicoccales,NA,NA,NA
ASV399e51759f16,Bacteria,Pseudomonadota,Alphaproteobacteria,Caulobacterales,Caulobacteraceae,Caulobacter,NA
ASV053c8ec25dae,Bacteria,Chloroflexota,KD4-96,NA,NA,NA,NA
ASVcb3276861e96,Bacteria,Bacteroidota,Bacteroidia,Sphingobacteriales,Sphingobacteriaceae,Mucilaginibacter,NA
ASV70a4ebf56646,Bacteria,Pseudomonadota,Alphaproteobacteria,Hyphomicrobiales,Hyphomicrobiaceae,Hyphomicrobium,NA
ASV7e8c96b9a6bc,Bacteria,Patescibacteria,Saccharimonadia,Saccharimonadales,NA,NA,NA
ASV0db17355f33b,Bacteria,Bacteroidota,Bacteroidia,Chitinophagales,Chitinophagaceae,Nemorincola,NA
ASVffd47a25407a,Bacteria,Pseudomonadota,Gammaproteobacteria,Burkholderiales,Burkholderiaceae,Burkholderia-Caballeronia-Paraburkholderia,tuberum
ASVeef66a4c2fff,Bacteria,Verrucomicrobiota,Verrucomicrobiia,Chthoniobacterales,Chthoniobacteraceae,Chthoniobacter,NA
ASVce3a989cc5d4,Bacteria,Armatimonadota,Armatimonadia,Armatimonadales,Armatimonadaceae,NA,NA
ASV65c02a75c708,Bacteria,Verrucomicrobiota,Verrucomicrobiia,Verrucomicrobiales,Verrucomicrobiaceae,NA,NA
ASV0ee38978a36c,Bacteria,Verrucomicrobiota,Verrucomicrobiia,Verrucomicrobiales,Verrucomicrobiaceae,NA,NA
ASV4320bf36fc44,Bacteria,Verrucomicrobiota,Verrucomicrobiia,Verrucomicrobiales,Verrucomicrobiaceae,NA,NA
ASV3423bdefd764,Bacteria,Bacillota,Limnochordia,MBA03,NA,NA,NA
ASV2ffe46c21d61,Bacteria,Pseudomonadota,Alphaproteobacteria,Acetobacterales,Acetobacteraceae,NA,NA
ASVefef6848a3f6,Bacteria,Bacteroidota,Bacteroidia,Chitinophagales,Chitinophagaceae,Flavisolibacter,NA
ASV97e154a43c1b,Bacteria,Acidobacteriota,Holophagae,Holophagales,Holophagaceae,Geothrix,NA
ASV1780c15bd4b0,Bacteria,Actinomycetota,Actinobacteria,Micromonosporales,Micromonosporaceae,Micromonospora,NA
ASV56b1f5f40f4b,Bacteria,Pseudomonadota,Gammaproteobacteria,Lysobacterales,Lysobacteraceae,Luteimonas,marina
ASVa185bff28c4a,Bacteria,Pseudomonadota,Alphaproteobacteria,Sphingomonadales,Sphingomonadaceae,Sphingobium,NA
ASVa6038b5219f2,Bacteria,Gemmatimonadota,S0134 terrestrial group,NA,NA,NA,NA
ASV2967fc228d59,Bacteria,Bacteroidota,Bacteroidia,Chitinophagales,Chitinophagaceae,NA,NA
ASVe52aab3d1de0,Bacteria,Pseudomonadota,Gammaproteobacteria,Lysobacterales,Lysobacteraceae,Luteimonas,marina
ASV1bbdf61e35a4,Bacteria,Pseudomonadota,Gammaproteobacteria,Lysobacterales,Lysobacteraceae,Stenotrophomonas,acidaminiphila
ASVb54be26e0247,Bacteria,Cyanobacteriota,Sericytochromatia,NA,NA,NA,NA
ASVdf9e3a356d46,Bacteria,Pseudomonadota,Gammaproteobacteria,Burkholderiales,Rhodocyclaceae,NA,NA
ASV773a87614942,Bacteria,Pseudomonadota,Gammaproteobacteria,Burkholderiales,Nitrosomonadaceae,Nitrosomonas,stercoris
ASVe7cea5bf4dff,Bacteria,Pseudomonadota,Gammaproteobacteria,Lysobacterales,Lysobacteraceae,Stenotrophomonas,acidaminiphila
ASV2eb265051367,Bacteria,Armatimonadota,NA,NA,NA,NA,NA
ASV6e4754e05c43,Bacteria,Pseudomonadota,Gammaproteobacteria,Burkholderiales,Alcaligenaceae,Pusillimonas,NA
ASVe504292e1067,Bacteria,NA,NA,NA,NA,NA,NA
ASVaab3064e76b5,Bacteria,Pseudomonadota,Gammaproteobacteria,Burkholderiales,Rhodocyclaceae,Dechloromonas,NA
ASVcf4382ad0214,Bacteria,Candidatus Eremiobacterota,Eremiobacteria,NA,NA,NA,NA
ASVcc95fe28d8f7,Bacteria,NA,NA,NA,NA,NA,NA
ASVc3b12fdb7194,Bacteria,Bacteroidota,Bacteroidia,Cytophagales,Hymenobacteraceae,Pontibacter,NA
ASV1a6fd7d73ea8,Bacteria,Patescibacteria,Saccharimonadia,Saccharimonadales,LWQ8,NA,NA
ASV54234e411236,Bacteria,Pseudomonadota,Gammaproteobacteria,Burkholderiales,A21b,NA,NA
ASVdc94a7532646,Bacteria,Armatimonadota,NA,NA,NA,NA,NA
ASV63e7e85644ce,Bacteria,Chlamydiota,Chlamydiia,Chlamydiales,cvE6,NA,NA
ASV6874385b0136,Bacteria,Pseudomonadota,Alphaproteobacteria,Sphingomonadales,Sphingomonadaceae,NA,NA
ASV18ca385fdf9b,Bacteria,Planctomycetota,Planctomycetes,Gemmatales,Gemmataceae,NA,NA
ASVda57a695551f,Bacteria,Cyanobacteriota,Sericytochromatia,NA,NA,NA,NA
ASVc510c887d1e2,Bacteria,Actinomycetota,Acidimicrobiia,Acidimicrobiales,Acidimicrobiaceae,NA,NA
ASV4fd7c1ee39c0,Bacteria,Planctomycetota,Phycisphaerae,Tepidisphaerales,WD2101 soil group,NA,NA
ASV854ce623aa99,Bacteria,Chloroflexota,Ktedonobacteria,Ktedonobacterales,Ktedonobacteraceae,NA,NA
ASV9a4b59f0b710,Bacteria,Actinomycetota,Actinobacteria,Micromonosporales,Micromonosporaceae,Actinoplanes,NA
ASVc8441cc19aad,Bacteria,Pseudomonadota,Alphaproteobacteria,Rhodospirillales,Magnetospirillaceae,Magnetospirillum,NA
ASVdeacdc47f404,Bacteria,Chloroflexota,Ktedonobacteria,C0119,NA,NA,NA
ASV0ef9c2e0a07d,Bacteria,Planctomycetota,Planctomycetes,Gemmatales,Gemmataceae,Gemmata,NA
ASVa48917f1f47b,Bacteria,Bacillota,Bacilli,Paenibacillales,Paenibacillaceae,Paenibacillus,pectinilyticus
ASVce504a59e4de,Bacteria,Actinomycetota,Actinobacteria,Micrococcales,Dermacoccaceae,Flexivirga,NA
ASV2cb7aa21e152,Bacteria,Chloroflexota,Chloroflexia,Chloroflexales,Roseiflexaceae,NA,NA
ASVd1e673836837,Bacteria,Pseudomonadota,Gammaproteobacteria,Burkholderiales,Rhodocyclaceae,NA,NA
ASV3a3af9600e5e,Bacteria,Thermodesulfobacteriota,NA,NA,NA,NA,NA
ASVa63ff2780d1e,Bacteria,Cyanobacteriota,Cyanobacteriia,Chloroplast,NA,NA,NA
ASVfec64b23d39c,Bacteria,Armatimonadota,Chthonomonadia,Chthonomonadales,Chthonomonadaceae,Chthonomonas,NA
ASV3531e3172ae0,Bacteria,Bacillota,Bacilli,Mycoplasmatales,Mycoplasmataceae,type III,NA
ASVf52a063be103,Bacteria,NA,NA,NA,NA,NA,NA
ASV664c432bce2c,Bacteria,Acidobacteriota,Vicinamibacteria,Vicinamibacterales,NA,NA,NA
ASV560af1fe12cb,Bacteria,Armatimonadota,NA,NA,NA,NA,NA
ASV6569e0aec22d,Bacteria,Pseudomonadota,Alphaproteobacteria,Caulobacterales,Caulobacteraceae,NA,NA
ASVaf919ef3b75c,Bacteria,Actinomycetota,Acidimicrobiia,Acidimicrobiales,Acidimicrobiaceae,NA,NA
ASV54a51cdd74b4,Bacteria,NA,NA,NA,NA,NA,NA
ASV1a5525b6c5b6,Bacteria,Gemmatimonadota,Gemmatimonadia,Gemmatimonadales,Gemmatimonadaceae,NA,NA
ASV9fb58520e491,Bacteria,Pseudomonadota,Gammaproteobacteria,Burkholderiales,A21b,NA,NA
ASVe9c22ef4c299,Bacteria,Patescibacteria,Saccharimonadia,Saccharimonadales,LWQ8,NA,NA
ASVb87a65f246da,Bacteria,Armatimonadota,Fimbriimonadia,Fimbriimonadales,Fimbriimonadaceae,NA,NA
ASVd4bb23876cd3,Bacteria,Bacteroidota,Bacteroidia,Flavobacteriales,Flavobacteriaceae,Flavobacterium,lindanitolerans
ASVf8b7c5b98401,Bacteria,Pseudomonadota,Alphaproteobacteria,Hyphomicrobiales,Hyphomicrobiales Incertae Sedis,Bauldia,NA
ASVd9e9cafba628,Bacteria,Abditibacteriota,Abditibacteriia,Abditibacteriales,Abditibacteriaceae,Abditibacterium,NA
ASV147728c5c98c,Bacteria,Patescibacteria,Saccharimonadia,Saccharimonadales,NA,NA,NA
ASV80edea797644,Bacteria,Planctomycetota,Planctomycetes,Isosphaerales,Isosphaeraceae,Paludisphaera,NA
ASVc3b1182b5b42,Bacteria,NA,NA,NA,NA,NA,NA
ASV514b2ff8ae75,Bacteria,Pseudomonadota,Alphaproteobacteria,Hyphomicrobiales,Labraceae,Labrys,miyagiensis
ASVf06e1a8eec53,Bacteria,Bacteroidota,Bacteroidia,Sphingobacteriales,Sphingobacteriaceae,Pedobacter,NA
ASVec23221f991d,Bacteria,Chloroflexota,Ktedonobacteria,Ktedonobacterales,Ktedonobacteraceae,Thermosporothrix,NA
ASV996db15a5cbb,Bacteria,Chloroflexota,NA,NA,NA,NA,NA
ASVd4dda977389a,Bacteria,Chloroflexota,Chloroflexia,Elev-1554,NA,NA,NA
ASVc9e2cca2470b,Bacteria,Candidatus Eremiobacterota,Eremiobacteria,NA,NA,NA,NA
ASVcc38b32e3dac,Bacteria,Chloroflexota,Ktedonobacteria,B12-WMSP1,NA,NA,NA
ASVdfaf02dde96e,Bacteria,Bacteroidota,Bacteroidia,Sphingobacteriales,env.OPS 17,NA,NA
ASV55fdf54a4ff5,Bacteria,Actinomycetota,Actinobacteria,Propionibacteriales,Nocardioidaceae,Nocardioides,NA
ASVb1be2b1f9095,Bacteria,NA,NA,NA,NA,NA,NA
ASVf14adaff7276,Bacteria,Chloroflexota,Ktedonobacteria,Ktedonobacterales,JG30-KF-AS9,NA,NA
ASV0f3f9c06a931,Bacteria,Armatimonadota,Fimbriimonadia,Fimbriimonadales,Fimbriimonadaceae,NA,NA
ASV38abeada2fe5,Bacteria,Gemmatimonadota,Gemmatimonadia,Gemmatimonadales,Gemmatimonadaceae,Gemmatimonas,NA
ASVf40536598f4c,Bacteria,Actinomycetota,Acidimicrobiia,Acidimicrobiales,Acidimicrobiaceae,NA,NA
ASV4e8fd849c23d,Bacteria,NA,NA,NA,NA,NA,NA
ASV26b691cb2533,Bacteria,Armatimonadota,Fimbriimonadia,Fimbriimonadales,Fimbriimonadaceae,NA,NA
ASV079d098e7e39,Bacteria,Planctomycetota,vadinHA49,NA,NA,NA,NA
ASV8dbcf4bc98b4,Bacteria,Armatimonadota,NA,NA,NA,NA,NA
ASV7a3c0f23a6fa,Bacteria,NA,NA,NA,NA,NA,NA
ASVbd64fc25edf7,Bacteria,Bacillota,Bacilli,Paenibacillales,Paenibacillaceae,Paenibacillus,barcinonensis
ASV3cd7d0ecb594,Bacteria,Bacillota,Bacilli,Paenibacillales,Paenibacillaceae,Paenibacillus,NA
ASV03f45d1629b8,Bacteria,Actinomycetota,Actinobacteria,Frankiales,NA,NA,NA
ASVf9acf6304b6e,Bacteria,Chloroflexota,Ktedonobacteria,Ktedonobacterales,JG30-KF-AS9,NA,NA
ASVd103c4df0a83,Bacteria,Bacteroidota,Bacteroidia,Chitinophagales,Chitinophagaceae,NA,NA
ASV3ccbd35176a6,Bacteria,Pseudomonadota,Alphaproteobacteria,Micropepsales,Micropepsaceae,Rhizomicrobium,NA
ASV28d470534cd8,Bacteria,NA,NA,NA,NA,NA,NA
ASV81f6952544d2,Bacteria,Pseudomonadota,Alphaproteobacteria,Rhodospirillales,Magnetospirillaceae,Telmatospirillum,NA
ASV2cdfec3feb3d,Bacteria,Planctomycetota,Planctomycetes,Isosphaerales,Isosphaeraceae,NA,NA
ASV1ba8a54106e4,Bacteria,Chloroflexota,Ktedonobacteria,Ktedonobacterales,JG30-KF-AS9,NA,NA
ASVe9906b908a09,Bacteria,Armatimonadota,Chthonomonadia,Chthonomonadales,Chthonomonadaceae,Chthonomonas,NA
ASV2cf788f608ea,Bacteria,Bacillota,Bacilli,Bacillales,Bacillaceae,NA,NA
ASV2eb3ac888412,Bacteria,Bdellovibrionota,Bdellovibrionia,Bdellovibrionales,Pseudobdellovibrionaceae,Bdellovibrio,NA
ASV07199eafce82,Bacteria,Bacteroidota,Bacteroidia,Sphingobacteriales,Sphingobacteriaceae,Pseudopedobacter,NA
ASV17be83d058bf,Bacteria,Pseudomonadota,Gammaproteobacteria,Burkholderiales,Alcaligenaceae,Castellaniella,NA
ASV5d6974d21721,Bacteria,Verrucomicrobiota,Verrucomicrobiia,Verrucomicrobiales,Verrucomicrobiaceae,NA,NA
ASV6cd4a13f567b,Bacteria,Verrucomicrobiota,Verrucomicrobiia,Verrucomicrobiales,Verrucomicrobiaceae,NA,NA
ASV7fb0a195060b,Bacteria,Verrucomicrobiota,Verrucomicrobiia,Verrucomicrobiales,Verrucomicrobiaceae,NA,NA
ASV7a16b319de4c,Bacteria,Gemmatimonadota,Longimicrobiia,Longimicrobiales,Longimicrobiaceae,NA,NA
ASVa62c0ffcadb8,Bacteria,Pseudomonadota,Gammaproteobacteria,Burkholderiales,Rhodocyclaceae,NA,NA
ASV8b68238e960f,Bacteria,Armatimonadota,Fimbriimonadia,Fimbriimonadales,Fimbriimonadaceae,NA,NA
ASV73c2c7a7bb95,Bacteria,Planctomycetota,Phycisphaerae,Phycisphaerales,Phycisphaeraceae,NA,NA
ASV9acf532c2688,Bacteria,Planctomycetota,Planctomycetes,Isosphaerales,Isosphaeraceae,NA,NA
ASV6f40c4595744,Bacteria,NA,NA,NA,NA,NA,NA
ASV9679f270b18b,Bacteria,Pseudomonadota,Gammaproteobacteria,Lysobacterales,Rhodanobacteraceae,Rhodanobacter,NA
ASV0aa56e5cb447,Bacteria,Pseudomonadota,Gammaproteobacteria,Burkholderiales,Comamonadaceae,Comamonas,NA
ASVa51bd172c0f2,Bacteria,Chloroflexota,JG30-KF-CM66,NA,NA,NA,NA
ASVcf6e54797258,Bacteria,Patescibacteria,Saccharimonadia,Saccharimonadales,LWQ8,NA,NA
ASV03f87b162cd9,Bacteria,Pseudomonadota,Gammaproteobacteria,Lysobacterales,Rhodanobacteraceae,Chujaibacter,NA
ASV6c4807cec2c3,Bacteria,Verrucomicrobiota,Verrucomicrobiia,Chthoniobacterales,Chthoniobacteraceae,Chthoniobacter,NA
ASV0f612e2de32d,Bacteria,NA,NA,NA,NA,NA,NA
ASVb87821ef55c8,Bacteria,Pseudomonadota,Alphaproteobacteria,NA,NA,NA,NA
ASVa6d20d24aadc,Bacteria,Chloroflexota,Ktedonobacteria,Ktedonobacterales,JG30-KF-AS9,NA,NA
ASVba4b9e56b72f,Bacteria,Patescibacteria,Saccharimonadia,Saccharimonadales,LWQ8,NA,NA
ASVb2ed70eab569,Bacteria,Planctomycetota,Planctomycetes,Gemmatales,Gemmataceae,Gemmata,NA
ASV776eb358fb11,Bacteria,Planctomycetota,Phycisphaerae,Tepidisphaerales,WD2101 soil group,NA,NA
ASV8846ba6ade2e,Bacteria,Pseudomonadota,Gammaproteobacteria,Gammaproteobacteria Incertae Sedis,Unknown Family,Acidibacter,NA
ASV1c4c01e36e6b,Bacteria,Bacteroidota,Bacteroidia,Cytophagales,Cytophagaceae,NA,NA
ASV8ae279558fdd,Bacteria,Candidatus Kapabacteria,Kapabacteria,Kapabacteriales,NA,NA,NA
ASVf3576f68861e,Bacteria,Armatimonadota,Chthonomonadia,Chthonomonadales,Chthonomonadaceae,Chthonomonas,NA
ASV8845fc71a850,Bacteria,Planctomycetota,Planctomycetes,Planctomycetales,NA,NA,NA
ASV33ac50d0b63a,Bacteria,Bacteroidota,Bacteroidia,Sphingobacteriales,env.OPS 17,NA,NA
ASV089bf94737d8,Bacteria,Planctomycetota,vadinHA49,NA,NA,NA,NA
ASV2117d28adc37,Bacteria,Armatimonadota,NA,NA,NA,NA,NA
ASV9cad69b4f496,Bacteria,Actinomycetota,Actinobacteria,NA,NA,NA,NA
ASV80f2fb4f9416,Bacteria,Planctomycetota,Planctomycetes,Pirellulales,Pirellulaceae,Pirellula,NA
ASV0ba3cd145fc7,Bacteria,Armatimonadota,NA,NA,NA,NA,NA
ASV2c266545fcd9,Bacteria,Cyanobacteriota,Sericytochromatia,NA,NA,NA,NA
ASVd232097cae3b,Bacteria,Latescibacterota,NA,NA,NA,NA,NA
ASV3a2645dad618,Bacteria,Nitrospirota,Nitrospiria,Nitrospirales,Nitrospiraceae,Nitrospira,NA
ASVa5c048b81690,Bacteria,Gemmatimonadota,BD2-11 terrestrial group,NA,NA,NA,NA
ASV356bc1683839,Bacteria,Gemmatimonadota,Gemmatimonadia,Gemmatimonadales,Gemmatimonadaceae,NA,NA
ASV6b6b19e88636,Bacteria,Bacteroidota,Bacteroidia,Sphingobacteriales,env.OPS 17,NA,NA
ASVca42905db477,Bacteria,Patescibacteria,Saccharimonadia,Saccharimonadales,NA,NA,NA
ASV92f954208772,Bacteria,Verrucomicrobiota,Verrucomicrobiia,Pedosphaerales,Pedosphaeraceae,NA,NA
ASVf15422efd4a0,Bacteria,Pseudomonadota,Gammaproteobacteria,Enterobacterales,Yersiniaceae,Serratia,NA
ASV45d3f952bd55,Bacteria,Chloroflexota,OLB14,NA,NA,NA,NA
ASV3bf1235687a0,Bacteria,Chloroflexota,Ktedonobacteria,B12-WMSP1,NA,NA,NA
ASV2b8ee7e49ecc,Bacteria,Cyanobacteriota,Vampirivibrionia,Obscuribacterales,Obscuribacteraceae,NA,NA
ASV0a4ae202853f,Bacteria,Acidobacteriota,Acidobacteriae,Bryobacterales,Bryobacteraceae,Bryobacter,NA
ASV6e14dee3f15a,Bacteria,NA,NA,NA,NA,NA,NA
ASVa43a7dc826a9,Bacteria,Patescibacteria,Saccharimonadia,Saccharimonadales,LWQ8,NA,NA
ASV653e80986f78,Bacteria,Pseudomonadota,Gammaproteobacteria,Rickettsiellales,Rickettsiellaceae,Aquicella,NA
ASV69ada0b1322b,Bacteria,Chloroflexota,JG30-KF-CM66,NA,NA,NA,NA
ASV20ebca380966,Bacteria,Pseudomonadota,Alphaproteobacteria,Acetobacterales,Acetobacteraceae,Acidicaldus,NA
ASV735f0efeb090,Eukaryota,NA,NA,NA,NA,NA,NA
ASVecacf036a27f,Bacteria,Spirochaetota,Spirochaetia,Spirochaetales,Spirochaetaceae,Spirochaeta 2,NA
ASV3adc6c5bac98,Bacteria,Acidobacteriota,Acidobacteriae,Terriglobales,Koribacteraceae,Candidatus Koribacter,versatilis
ASVce980e7802fb,Bacteria,Pseudomonadota,Gammaproteobacteria,Steroidobacterales,Steroidobacteraceae,Steroidobacter,NA
ASV76042b9715eb,Bacteria,Armatimonadota,Armatimonadia,Armatimonadales,Armatimonadaceae,NA,NA
ASVb7339fdd8096,Bacteria,Myxococcota,Myxococcia,Myxococcales,Myxococcaceae,KD3-10,NA
ASV3b145106b79a,Bacteria,Patescibacteria,Saccharimonadia,Saccharimonadales,LWQ8,NA,NA
ASVf58924036419,Bacteria,Actinomycetota,Acidimicrobiia,Acidimicrobiales,Acidimicrobiaceae,NA,NA
ASVff323ca691e0,Bacteria,Actinomycetota,Acidimicrobiia,Acidimicrobiales,Acidimicrobiaceae,Acidiferrimicrobium,NA
ASVcec717dae965,Bacteria,Pseudomonadota,Gammaproteobacteria,Burkholderiales,Methylophilaceae,Methylobacillus,NA
ASV2235297c810c,Bacteria,Acidobacteriota,Acidobacteriae,Terriglobales,NA,NA,NA
ASVf0f69256b2a3,Bacteria,Bacteroidota,Bacteroidia,Sphingobacteriales,env.OPS 17,NA,NA
ASVb515f0112891,Bacteria,Pseudomonadota,Alphaproteobacteria,Hyphomicrobiales,KF-JG30-B3,NA,NA
ASV4b3e52bc44c6,Bacteria,Planctomycetota,Planctomycetes,Gemmatales,Gemmataceae,NA,NA
ASV4dacbe12cf4c,Bacteria,Pseudomonadota,Alphaproteobacteria,Rhodospirillales,Magnetospiraceae,NA,NA
ASV4a26423afff3,Bacteria,Actinomycetota,Actinobacteria,Kitasatosporales,Streptomycetaceae,Streptomyces,NA
ASV8ea927ef7136,Bacteria,Actinomycetota,Actinobacteria,Frankiales,Frankiaceae,Frankia,NA
ASV71ca9cc51afc,Bacteria,Bacteroidota,Bacteroidia,Cytophagales,Spirosomataceae,Dyadobacter,fermentans
ASV719c10f8348e,Bacteria,Gemmatimonadota,Gemmatimonadia,Gemmatimonadales,Gemmatimonadaceae,NA,NA
ASVa35bb7f532a5,Bacteria,Verrucomicrobiota,Verrucomicrobiia,Pedosphaerales,Pedosphaeraceae,NA,NA
ASV62fc5802ff95,Bacteria,Bacteroidota,Bacteroidia,Sphingobacteriales,env.OPS 17,NA,NA
ASV489e4211cf8b,Bacteria,Chloroflexota,Chloroflexia,Elev-1554,NA,NA,NA
ASV84817c623c79,Bacteria,Pseudomonadota,Alphaproteobacteria,Sphingomonadales,Sphingomonadaceae,Sphingomonas,NA
ASV776a30892e10,Bacteria,Actinomycetota,Actinobacteria,Streptosporangiales,Streptosporangiaceae,Microbispora,NA
ASV133bda1f5168,Bacteria,Bacteroidota,Bacteroidia,Flavobacteriales,Weeksellaceae,Chryseobacterium,taiwanense
ASV7fdaa55738a4,Bacteria,Patescibacteria,Saccharimonadia,Saccharimonadales,Saccharimonadaceae,TM7a,NA
ASV2b5858f9e6d3,Bacteria,Patescibacteria,Saccharimonadia,Saccharimonadales,NA,NA,NA
ASV2130642ce63b,Bacteria,Actinomycetota,Actinobacteria,Streptosporangiales,Streptosporangiaceae,Microbispora,NA
ASV57df5ae93a33,Bacteria,Actinomycetota,Acidimicrobiia,Microtrichales,Ilumatobacteraceae,CL500-29 marine group,NA
ASVeec154cacf13,Bacteria,Gemmatimonadota,Gemmatimonadia,Gemmatimonadales,Gemmatimonadaceae,Gemmatimonas,NA
ASVc09e402085dc,Bacteria,Pseudomonadota,Alphaproteobacteria,Acetobacterales,Acetobacteraceae,NA,NA
ASV7d3d1dae64a3,Bacteria,Verrucomicrobiota,Verrucomicrobiia,Chthoniobacterales,Chthoniobacteraceae,Chthoniobacter,NA
ASV2a96af9eacc0,Bacteria,Bacteroidota,Bacteroidia,Sphingobacteriales,Sphingobacteriaceae,Sphingobacterium,NA
ASV4a4953d76854,Bacteria,Actinomycetota,Actinobacteria,Streptosporangiales,Streptosporangiaceae,Microbispora,NA
ASV64052db7afc5,Bacteria,Gemmatimonadota,Gemmatimonadia,Gemmatimonadales,Gemmatimonadaceae,NA,NA
ASV6b7b822e0e29,Bacteria,Planctomycetota,Planctomycetes,Isosphaerales,Isosphaeraceae,Tautonia,NA
ASV4e00499f33a4,Bacteria,Patescibacteria,Saccharimonadia,Saccharimonadales,LWQ8,NA,NA
ASV0cc293b42102,Bacteria,Bacteroidota,Bacteroidia,Bacteroidales,Dysgonomonadaceae,Fermentimonas,NA
ASV5f811826363a,Bacteria,Patescibacteria,Microgenomatia,NA,NA,NA,NA
ASV03fef672c115,Bacteria,Planctomycetota,Planctomycetes,Gemmatales,Gemmataceae,NA,NA
ASV5ee9cb54d0a7,Bacteria,Pseudomonadota,Gammaproteobacteria,NA,NA,NA,NA
ASV513ee9e22127,Bacteria,Patescibacteria,Saccharimonadia,Saccharimonadales,LWQ8,NA,NA
ASV92c9c51f03a3,Bacteria,Planctomycetota,Planctomycetes,Isosphaerales,Isosphaeraceae,Candidatus Nostocoida,NA
ASVe2589e315509,Bacteria,Chloroflexota,Ktedonobacteria,C0119,NA,NA,NA
ASV8c5d0b2d3bf0,Bacteria,Pseudomonadota,Gammaproteobacteria,Rickettsiellales,Rickettsiellaceae,NA,NA
ASV8f35c262f1b1,Bacteria,Myxococcota,Polyangiia,Polyangiales,Phaselicystaceae,Phaselicystis,NA
ASV9777a511cec6,Bacteria,Patescibacteria,Microgenomatia,NA,NA,NA,NA
ASV0bb7099d64e4,Bacteria,Bacteroidota,Bacteroidia,Chitinophagales,Chitinophagaceae,NA,NA
ASV61e5f373f720,Bacteria,Acidobacteriota,Acidobacteriae,Terriglobales,NA,NA,NA
ASV4b83c8289b71,Bacteria,Latescibacterota,NA,NA,NA,NA,NA
ASV5e70d01c482e,Bacteria,Gemmatimonadota,Gemmatimonadia,Gemmatimonadales,Gemmatimonadaceae,NA,NA
ASVd2ca81186bc4,Bacteria,Chloroflexota,Ktedonobacteria,Ktedonobacterales,JG30-KF-AS9,NA,NA
ASV54cce5fb68d6,Bacteria,Pseudomonadota,Gammaproteobacteria,Lysobacterales,Rhodanobacteraceae,Rhodanobacter,NA
ASV2804b4327aad,Bacteria,Pseudomonadota,Gammaproteobacteria,Steroidobacterales,Steroidobacteraceae,NA,NA
ASV937326c4a561,Bacteria,Chloroflexota,Ktedonobacteria,Ktedonobacterales,JG30-KF-AS9,NA,NA
ASV2972f3c199ac,Bacteria,Chloroflexota,TK10,NA,NA,NA,NA
ASV03dad5afc459,Bacteria,Myxococcota,Polyangiia,Polyangiales,Sandaracinaceae,NA,NA
ASV57c5350084c2,Bacteria,NA,NA,NA,NA,NA,NA
ASVf4da4705cc7c,Bacteria,Pseudomonadota,Gammaproteobacteria,CHAB-XI-27,NA,NA,NA
ASV1daccd1ec98f,Bacteria,Chlamydiota,Chlamydiia,Chlamydiales,Parachlamydiaceae,Candidatus Protochlamydia,NA
ASVfdd6d5c677c0,Bacteria,Chloroflexota,TK10,NA,NA,NA,NA
ASV18e0ab400f3d,Bacteria,Verrucomicrobiota,Verrucomicrobiia,Verrucomicrobiales,Verrucomicrobiaceae,NA,NA
ASVba08a0021b09,Bacteria,Pseudomonadota,Alphaproteobacteria,NA,NA,NA,NA
ASVb0068cb642ba,Bacteria,Verrucomicrobiota,Verrucomicrobiia,Verrucomicrobiales,Verrucomicrobiaceae,NA,NA
ASVdb07c289928e,Bacteria,Actinomycetota,Actinobacteria,Micrococcales,Microbacteriaceae,NA,NA
ASV6df57b13cf60,Bacteria,Actinomycetota,Actinobacteria,Frankiales,Frankiaceae,Jatrophihabitans,NA
ASVdc055306c24a,Bacteria,Bacillota,Bacilli,Bacillales,Bacillaceae,NA,NA
ASV2b6ecb94394b,Bacteria,Bacteroidota,Bacteroidia,Cytophagales,Microscillaceae,NA,NA
ASVc8560f4490cf,Bacteria,Bacillota,Bacilli,Paenibacillales,Paenibacillaceae,Cohnella,fontinalis
ASVd1b73b575936,Bacteria,Pseudomonadota,Gammaproteobacteria,Burkholderiales,Alcaligenaceae,Castellaniella,NA
ASV23f098c68e4b,Bacteria,Bacteroidota,Bacteroidia,Cytophagales,Cytophagaceae,Cytophaga,NA
ASV5668cf198abe,Bacteria,Chloroflexota,TK10,NA,NA,NA,NA
ASV49af3bb05b15,Bacteria,Verrucomicrobiota,Verrucomicrobiia,Pedosphaerales,Pedosphaeraceae,NA,NA
ASV5337c7542b44,Bacteria,Chloroflexota,Chloroflexia,Kallotenuales,AKIW781,NA,NA
ASV2e1158089f9f,Bacteria,Planctomycetota,Planctomycetes,Isosphaerales,Isosphaeraceae,Singulisphaera,NA
ASV4d7b4ec7d051,Bacteria,Actinomycetota,Actinobacteria,Propionibacteriales,Nocardioidaceae,Nocardioides,NA
ASVdbb802e58b4b,Bacteria,NA,NA,NA,NA,NA,NA
ASV3f88ad48ebfc,Bacteria,Chloroflexota,Ktedonobacteria,Ktedonobacterales,JG30-KF-AS9,NA,NA
ASV249cea0412e5,Bacteria,Actinomycetota,Acidimicrobiia,Microtrichales,NA,NA,NA
ASV1c807372f88a,Bacteria,Chloroflexota,TK10,NA,NA,NA,NA
ASVcde4ae05cc8e,Bacteria,Chloroflexota,Ktedonobacteria,B12-WMSP1,NA,NA,NA
ASV771f86e87b07,Bacteria,Actinomycetota,Acidimicrobiia,Microtrichales,Iamiaceae,Iamia,NA
ASVfd8502ce6f91,Bacteria,Planctomycetota,Planctomycetes,Planctomycetales,NA,NA,NA
ASV673c378ea094,Bacteria,Pseudomonadota,Gammaproteobacteria,Lysobacterales,Rhodanobacteraceae,Rhodanobacter,NA
ASV148f9b9dc52f,Bacteria,Pseudomonadota,Gammaproteobacteria,Lysobacterales,Rhodanobacteraceae,Chujaibacter,NA
ASV104677194792,Bacteria,Pseudomonadota,Alphaproteobacteria,Rickettsiales,Mitochondria,NA,NA
ASV46e6291d0382,Bacteria,Pseudomonadota,Gammaproteobacteria,Burkholderiales,Methylophilaceae,UBA6140,NA
ASV32246a5db96a,Bacteria,Pseudomonadota,Gammaproteobacteria,Lysobacterales,Rhodanobacteraceae,Rhodanobacter,NA
ASV8b445982a38a,Bacteria,Actinomycetota,Actinobacteria,Micrococcales,Micrococcaceae,Enteractinococcus,NA
